date,dogecoin_unscaled,dogecoin_monthly,isPartial,scale,dogecoin
2017-11-01,23,,,,
2017-11-02,47,,,,
2017-11-03,52,,,,
2017-11-04,52,,,,
2017-11-05,36,1.0,False,0.01,0.36
2017-11-06,31,1.0,,0.01,0.31
2017-11-07,46,1.0,,0.01,0.46
2017-11-08,33,1.0,,0.01,0.33
2017-11-09,57,1.0,,0.01,0.5700000000000001
2017-11-10,24,1.0,,0.01,0.24
2017-11-11,23,1.0,,0.01,0.23
2017-11-12,23,1.0,False,0.01,0.23
2017-11-13,41,1.0,,0.01,0.41000000000000003
2017-11-14,45,1.0,,0.01,0.45
2017-11-15,46,1.0,,0.01,0.46
2017-11-16,31,1.0,,0.01,0.31
2017-11-17,42,1.0,,0.01,0.42
2017-11-18,29,1.0,,0.01,0.29
2017-11-19,33,1.0,False,0.01,0.33
2017-11-20,49,1.0,,0.01,0.49
2017-11-21,29,1.0,,0.01,0.29
2017-11-22,50,1.0,,0.01,0.5
2017-11-23,84,1.0,,0.01,0.84
2017-11-24,56,1.0,,0.01,0.56
2017-11-25,50,1.0,,0.01,0.5
2017-11-26,43,1.0,False,0.01,0.43
2017-11-27,63,1.0,,0.01,0.63
2017-11-28,55,1.0,,0.01,0.55
2017-11-29,100,1.0,,0.01,1.0
2017-11-30,65,1.0,,0.01,0.65
2017-12-01,21,1.0,,0.01,0.21
2017-12-02,26,1.0,,0.01,0.26
2017-12-03,19,2.0,False,0.02,0.38
2017-12-04,26,2.0,,0.02,0.52
2017-12-05,18,2.0,,0.02,0.36
2017-12-06,26,2.0,,0.02,0.52
2017-12-07,41,2.0,,0.02,0.8200000000000001
2017-12-08,46,2.0,,0.02,0.92
2017-12-09,32,2.0,,0.02,0.64
2017-12-10,37,3.0,False,0.03,1.1099999999999999
2017-12-11,22,3.0,,0.03,0.6599999999999999
2017-12-12,51,3.0,,0.03,1.53
2017-12-13,48,3.0,,0.03,1.44
2017-12-14,48,3.0,,0.03,1.44
2017-12-15,48,3.0,,0.03,1.44
2017-12-16,88,3.0,,0.03,2.6399999999999997
2017-12-17,99,4.0,False,0.04,3.96
2017-12-18,73,4.0,,0.04,2.92
2017-12-19,56,4.0,,0.04,2.24
2017-12-20,49,4.0,,0.04,1.96
2017-12-21,77,4.0,,0.04,3.08
2017-12-22,68,4.0,,0.04,2.72
2017-12-23,59,4.0,,0.04,2.36
2017-12-24,56,3.0,False,0.03,1.68
2017-12-25,100,3.0,,0.03,3.0
2017-12-26,68,3.0,,0.03,2.04
2017-12-27,74,3.0,,0.03,2.2199999999999998
2017-12-28,54,3.0,,0.03,1.6199999999999999
2017-12-29,60,3.0,,0.03,1.7999999999999998
2017-12-30,61,3.0,,0.03,1.8299999999999998
2017-12-31,44,4.0,False,0.04,1.76
2018-01-01,42,4.0,,0.04,1.68
2018-01-02,36,4.0,,0.04,1.44
2018-01-03,41,4.0,,0.04,1.6400000000000001
2018-01-04,43,4.0,,0.04,1.72
2018-01-05,67,4.0,,0.04,2.68
2018-01-06,96,4.0,,0.04,3.84
2018-01-07,94,6.0,False,0.06,5.64
2018-01-08,100,6.0,,0.06,6.0
2018-01-09,84,6.0,,0.06,5.04
2018-01-10,65,6.0,,0.06,3.9
2018-01-11,44,6.0,,0.06,2.6399999999999997
2018-01-12,54,6.0,,0.06,3.2399999999999998
2018-01-13,48,6.0,,0.06,2.88
2018-01-14,40,3.0,False,0.03,1.2
2018-01-15,41,3.0,,0.03,1.23
2018-01-16,40,3.0,,0.03,1.2
2018-01-17,38,3.0,,0.03,1.14
2018-01-18,32,3.0,,0.03,0.96
2018-01-19,25,3.0,,0.03,0.75
2018-01-20,29,3.0,,0.03,0.87
2018-01-21,25,2.0,False,0.02,0.5
2018-01-22,27,2.0,,0.02,0.54
2018-01-23,24,2.0,,0.02,0.48
2018-01-24,26,2.0,,0.02,0.52
2018-01-25,22,2.0,,0.02,0.44
2018-01-26,20,2.0,,0.02,0.4
2018-01-27,21,2.0,,0.02,0.42
2018-01-28,23,1.0,False,0.01,0.23
2018-01-29,20,1.0,,0.01,0.2
2018-01-30,16,1.0,,0.01,0.16
2018-01-31,22,1.0,,0.01,0.22
2018-02-01,95,1.0,,0.01,0.9500000000000001
2018-02-02,100,1.0,,0.01,1.0
2018-02-03,82,1.0,,0.01,0.8200000000000001
2018-02-04,63,1.0,False,0.01,0.63
2018-02-05,58,1.0,,0.01,0.58
2018-02-06,83,1.0,,0.01,0.8300000000000001
2018-02-07,79,1.0,,0.01,0.79
2018-02-08,80,1.0,,0.01,0.8
2018-02-09,71,1.0,,0.01,0.71
2018-02-10,63,1.0,,0.01,0.63
2018-02-11,83,1.0,False,0.01,0.8300000000000001
2018-02-12,46,1.0,,0.01,0.46
2018-02-13,34,1.0,,0.01,0.34
2018-02-14,67,1.0,,0.01,0.67
2018-02-15,65,1.0,,0.01,0.65
2018-02-16,81,1.0,,0.01,0.81
2018-02-17,77,1.0,,0.01,0.77
2018-02-18,72,1.0,False,0.01,0.72
2018-02-19,49,1.0,,0.01,0.49
2018-02-20,60,1.0,,0.01,0.6
2018-02-21,55,1.0,,0.01,0.55
2018-02-22,28,1.0,,0.01,0.28
2018-02-23,54,1.0,,0.01,0.54
2018-02-24,59,1.0,,0.01,0.59
2018-02-25,51,1.0,False,0.01,0.51
2018-02-26,49,1.0,,0.01,0.49
2018-02-27,44,1.0,,0.01,0.44
2018-02-28,82,1.0,,0.01,0.8200000000000001
2018-03-01,59,1.0,,0.01,0.59
2018-03-02,71,1.0,,0.01,0.71
2018-03-03,59,1.0,,0.01,0.59
2018-03-04,68,1.0,False,0.01,0.68
2018-03-05,45,1.0,,0.01,0.45
2018-03-06,51,1.0,,0.01,0.51
2018-03-07,49,1.0,,0.01,0.49
2018-03-08,62,1.0,,0.01,0.62
2018-03-09,46,1.0,,0.01,0.46
2018-03-10,48,1.0,,0.01,0.48
2018-03-11,58,1.0,False,0.01,0.58
2018-03-12,100,1.0,,0.01,1.0
2018-03-13,64,1.0,,0.01,0.64
2018-03-14,56,1.0,,0.01,0.56
2018-03-15,54,1.0,,0.01,0.54
2018-03-16,28,1.0,,0.01,0.28
2018-03-17,50,1.0,,0.01,0.5
2018-03-18,49,1.0,False,0.01,0.49
2018-03-19,32,1.0,,0.01,0.32
2018-03-20,63,1.0,,0.01,0.63
2018-03-21,64,1.0,,0.01,0.64
2018-03-22,49,1.0,,0.01,0.49
2018-03-23,59,1.0,,0.01,0.59
2018-03-24,40,1.0,,0.01,0.4
2018-03-25,66,1.0,False,0.01,0.66
2018-03-26,42,1.0,,0.01,0.42
2018-03-27,47,1.0,,0.01,0.47000000000000003
2018-03-28,43,1.0,,0.01,0.43
2018-03-29,42,1.0,,0.01,0.42
2018-03-30,51,1.0,,0.01,0.51
2018-03-31,26,1.0,,0.01,0.26
2018-04-01,75,1.0,False,0.01,0.75
2018-04-02,53,1.0,,0.01,0.53
2018-04-03,63,1.0,,0.01,0.63
2018-04-04,33,1.0,,0.01,0.33
2018-04-05,51,1.0,,0.01,0.51
2018-04-06,63,1.0,,0.01,0.63
2018-04-07,58,1.0,,0.01,0.58
2018-04-08,65,1.0,False,0.01,0.65
2018-04-09,63,1.0,,0.01,0.63
2018-04-10,92,1.0,,0.01,0.92
2018-04-11,66,1.0,,0.01,0.66
2018-04-12,44,1.0,,0.01,0.44
2018-04-13,67,1.0,,0.01,0.67
2018-04-14,62,1.0,,0.01,0.62
2018-04-15,57,1.0,False,0.01,0.5700000000000001
2018-04-16,83,1.0,,0.01,0.8300000000000001
2018-04-17,83,1.0,,0.01,0.8300000000000001
2018-04-18,67,1.0,,0.01,0.67
2018-04-19,100,1.0,,0.01,1.0
2018-04-20,82,1.0,,0.01,0.8200000000000001
2018-04-21,95,1.0,,0.01,0.9500000000000001
2018-04-22,69,1.0,False,0.01,0.6900000000000001
2018-04-23,42,1.0,,0.01,0.42
2018-04-24,76,1.0,,0.01,0.76
2018-04-25,80,1.0,,0.01,0.8
2018-04-26,73,1.0,,0.01,0.73
2018-04-27,64,1.0,,0.01,0.64
2018-04-28,68,1.0,,0.01,0.68
2018-04-29,61,1.0,False,0.01,0.61
2018-04-30,52,1.0,,0.01,0.52
2018-05-01,73,1.0,,0.01,0.73
2018-05-02,76,1.0,,0.01,0.76
2018-05-03,65,1.0,,0.01,0.65
2018-05-04,38,1.0,,0.01,0.38
2018-05-05,70,1.0,,0.01,0.7000000000000001
2018-05-06,55,1.0,False,0.01,0.55
2018-05-07,88,1.0,,0.01,0.88
2018-05-08,100,1.0,,0.01,1.0
2018-05-09,40,1.0,,0.01,0.4
2018-05-10,93,1.0,,0.01,0.93
2018-05-11,54,1.0,,0.01,0.54
2018-05-12,94,1.0,,0.01,0.9400000000000001
2018-05-13,46,0.0,False,0.0,0.0
2018-05-14,60,0.0,,0.0,0.0
2018-05-15,71,0.0,,0.0,0.0
2018-05-16,44,0.0,,0.0,0.0
2018-05-17,69,0.0,,0.0,0.0
2018-05-18,64,0.0,,0.0,0.0
2018-05-19,42,0.0,,0.0,0.0
2018-05-20,75,1.0,False,0.01,0.75
2018-05-21,61,1.0,,0.01,0.61
2018-05-22,93,1.0,,0.01,0.93
2018-05-23,64,1.0,,0.01,0.64
2018-05-24,69,1.0,,0.01,0.6900000000000001
2018-05-25,39,1.0,,0.01,0.39
2018-05-26,33,1.0,,0.01,0.33
2018-05-27,65,0.0,False,0.0,0.0
2018-05-28,58,0.0,,0.0,0.0
2018-05-29,44,0.0,,0.0,0.0
2018-05-30,61,0.0,,0.0,0.0
2018-05-31,29,0.0,,0.0,0.0
2018-06-01,52,0.0,,0.0,0.0
2018-06-02,100,0.0,,0.0,0.0
2018-06-03,52,0.0,False,0.0,0.0
2018-06-04,67,0.0,,0.0,0.0
2018-06-05,62,0.0,,0.0,0.0
2018-06-06,49,0.0,,0.0,0.0
2018-06-07,40,0.0,,0.0,0.0
2018-06-08,71,0.0,,0.0,0.0
2018-06-09,68,0.0,,0.0,0.0
2018-06-10,68,0.0,False,0.0,0.0
2018-06-11,52,0.0,,0.0,0.0
2018-06-12,28,0.0,,0.0,0.0
2018-06-13,71,0.0,,0.0,0.0
2018-06-14,83,0.0,,0.0,0.0
2018-06-15,80,0.0,,0.0,0.0
2018-06-16,62,0.0,,0.0,0.0
2018-06-17,35,0.0,False,0.0,0.0
2018-06-18,44,0.0,,0.0,0.0
2018-06-19,35,0.0,,0.0,0.0
2018-06-20,31,0.0,,0.0,0.0
2018-06-21,67,0.0,,0.0,0.0
2018-06-22,51,0.0,,0.0,0.0
2018-06-23,56,0.0,,0.0,0.0
2018-06-24,50,0.0,False,0.0,0.0
2018-06-25,66,0.0,,0.0,0.0
2018-06-26,56,0.0,,0.0,0.0
2018-06-27,43,0.0,,0.0,0.0
2018-06-28,45,0.0,,0.0,0.0
2018-06-29,28,0.0,,0.0,0.0
2018-06-30,40,0.0,,0.0,0.0
2018-07-01,17,0.0,False,0.0,0.0
2018-07-02,24,0.0,,0.0,0.0
2018-07-03,35,0.0,,0.0,0.0
2018-07-04,23,0.0,,0.0,0.0
2018-07-05,23,0.0,,0.0,0.0
2018-07-06,40,0.0,,0.0,0.0
2018-07-07,23,0.0,,0.0,0.0
2018-07-08,26,0.0,False,0.0,0.0
2018-07-09,15,0.0,,0.0,0.0
2018-07-10,26,0.0,,0.0,0.0
2018-07-11,27,0.0,,0.0,0.0
2018-07-12,23,0.0,,0.0,0.0
2018-07-13,26,0.0,,0.0,0.0
2018-07-14,32,0.0,,0.0,0.0
2018-07-15,36,1.0,False,0.01,0.36
2018-07-16,45,1.0,,0.01,0.45
2018-07-17,88,1.0,,0.01,0.88
2018-07-18,94,1.0,,0.01,0.9400000000000001
2018-07-19,100,1.0,,0.01,1.0
2018-07-20,67,1.0,,0.01,0.67
2018-07-21,26,1.0,,0.01,0.26
2018-07-22,37,1.0,False,0.01,0.37
2018-07-23,50,1.0,,0.01,0.5
2018-07-24,66,1.0,,0.01,0.66
2018-07-25,32,1.0,,0.01,0.32
2018-07-26,56,1.0,,0.01,0.56
2018-07-27,35,1.0,,0.01,0.35000000000000003
2018-07-28,33,1.0,,0.01,0.33
2018-07-29,39,1.0,False,0.01,0.39
2018-07-30,43,1.0,,0.01,0.43
2018-07-31,27,1.0,,0.01,0.27
2018-08-01,25,1.0,,0.01,0.25
2018-08-02,17,1.0,,0.01,0.17
2018-08-03,16,1.0,,0.01,0.16
2018-08-04,21,1.0,,0.01,0.21
2018-08-05,17,0.0,False,0.0,0.0
2018-08-06,23,0.0,,0.0,0.0
2018-08-07,21,0.0,,0.0,0.0
2018-08-08,16,0.0,,0.0,0.0
2018-08-09,20,0.0,,0.0,0.0
2018-08-10,16,0.0,,0.0,0.0
2018-08-11,13,0.0,,0.0,0.0
2018-08-12,23,0.0,False,0.0,0.0
2018-08-13,19,0.0,,0.0,0.0
2018-08-14,12,0.0,,0.0,0.0
2018-08-15,21,0.0,,0.0,0.0
2018-08-16,17,0.0,,0.0,0.0
2018-08-17,20,0.0,,0.0,0.0
2018-08-18,26,0.0,,0.0,0.0
2018-08-19,18,0.0,False,0.0,0.0
2018-08-20,20,0.0,,0.0,0.0
2018-08-21,21,0.0,,0.0,0.0
2018-08-22,11,0.0,,0.0,0.0
2018-08-23,14,0.0,,0.0,0.0
2018-08-24,26,0.0,,0.0,0.0
2018-08-25,18,0.0,,0.0,0.0
2018-08-26,17,1.0,False,0.01,0.17
2018-08-27,18,1.0,,0.01,0.18
2018-08-28,20,1.0,,0.01,0.2
2018-08-29,20,1.0,,0.01,0.2
2018-08-30,51,1.0,,0.01,0.51
2018-08-31,100,1.0,,0.01,1.0
2018-09-01,100,1.0,,0.01,1.0
2018-09-02,75,2.0,False,0.02,1.5
2018-09-03,41,2.0,,0.02,0.8200000000000001
2018-09-04,57,2.0,,0.02,1.1400000000000001
2018-09-05,60,2.0,,0.02,1.2
2018-09-06,46,2.0,,0.02,0.92
2018-09-07,39,2.0,,0.02,0.78
2018-09-08,55,2.0,,0.02,1.1
2018-09-09,36,1.0,False,0.01,0.36
2018-09-10,58,1.0,,0.01,0.58
2018-09-11,54,1.0,,0.01,0.54
2018-09-12,43,1.0,,0.01,0.43
2018-09-13,47,1.0,,0.01,0.47000000000000003
2018-09-14,46,1.0,,0.01,0.46
2018-09-15,33,1.0,,0.01,0.33
2018-09-16,27,1.0,False,0.01,0.27
2018-09-17,37,1.0,,0.01,0.37
2018-09-18,28,1.0,,0.01,0.28
2018-09-19,23,1.0,,0.01,0.23
2018-09-20,30,1.0,,0.01,0.3
2018-09-21,18,1.0,,0.01,0.18
2018-09-22,14,1.0,,0.01,0.14
2018-09-23,24,1.0,False,0.01,0.24
2018-09-24,14,1.0,,0.01,0.14
2018-09-25,18,1.0,,0.01,0.18
2018-09-26,21,1.0,,0.01,0.21
2018-09-27,24,1.0,,0.01,0.24
2018-09-28,22,1.0,,0.01,0.22
2018-09-29,26,1.0,,0.01,0.26
2018-09-30,22,0.0,False,0.0,0.0
2018-10-01,46,0.0,,0.0,0.0
2018-10-02,55,0.0,,0.0,0.0
2018-10-03,70,0.0,,0.0,0.0
2018-10-04,76,0.0,,0.0,0.0
2018-10-05,40,0.0,,0.0,0.0
2018-10-06,54,0.0,,0.0,0.0
2018-10-07,73,1.0,False,0.01,0.73
2018-10-08,80,1.0,,0.01,0.8
2018-10-09,69,1.0,,0.01,0.6900000000000001
2018-10-10,43,1.0,,0.01,0.43
2018-10-11,93,1.0,,0.01,0.93
2018-10-12,72,1.0,,0.01,0.72
2018-10-13,56,1.0,,0.01,0.56
2018-10-14,88,0.0,False,0.0,0.0
2018-10-15,38,0.0,,0.0,0.0
2018-10-16,100,0.0,,0.0,0.0
2018-10-17,81,0.0,,0.0,0.0
2018-10-18,78,0.0,,0.0,0.0
2018-10-19,92,0.0,,0.0,0.0
2018-10-20,71,0.0,,0.0,0.0
2018-10-21,75,0.0,False,0.0,0.0
2018-10-22,24,0.0,,0.0,0.0
2018-10-23,57,0.0,,0.0,0.0
2018-10-24,66,0.0,,0.0,0.0
2018-10-25,61,0.0,,0.0,0.0
2018-10-26,60,0.0,,0.0,0.0
2018-10-27,69,0.0,,0.0,0.0
2018-10-28,84,0.0,False,0.0,0.0
2018-10-29,54,0.0,,0.0,0.0
2018-10-30,61,0.0,,0.0,0.0
2018-10-31,63,0.0,,0.0,0.0
2018-11-01,80,0.0,,0.0,0.0
2018-11-02,100,0.0,,0.0,0.0
2018-11-03,28,0.0,,0.0,0.0
2018-11-04,67,0.0,False,0.0,0.0
2018-11-05,59,0.0,,0.0,0.0
2018-11-06,61,0.0,,0.0,0.0
2018-11-07,36,0.0,,0.0,0.0
2018-11-08,42,0.0,,0.0,0.0
2018-11-09,54,0.0,,0.0,0.0
2018-11-10,54,0.0,,0.0,0.0
2018-11-11,68,0.0,False,0.0,0.0
2018-11-12,71,0.0,,0.0,0.0
2018-11-13,71,0.0,,0.0,0.0
2018-11-14,95,0.0,,0.0,0.0
2018-11-15,71,0.0,,0.0,0.0
2018-11-16,35,0.0,,0.0,0.0
2018-11-17,60,0.0,,0.0,0.0
2018-11-18,26,0.0,False,0.0,0.0
2018-11-19,67,0.0,,0.0,0.0
2018-11-20,61,0.0,,0.0,0.0
2018-11-21,66,0.0,,0.0,0.0
2018-11-22,49,0.0,,0.0,0.0
2018-11-23,44,0.0,,0.0,0.0
2018-11-24,69,0.0,,0.0,0.0
2018-11-25,73,0.0,False,0.0,0.0
2018-11-26,60,0.0,,0.0,0.0
2018-11-27,32,0.0,,0.0,0.0
2018-11-28,75,0.0,,0.0,0.0
2018-11-29,76,0.0,,0.0,0.0
2018-11-30,58,0.0,,0.0,0.0
2018-12-01,57,0.0,,0.0,0.0
2018-12-02,100,0.0,False,0.0,0.0
2018-12-03,50,0.0,,0.0,0.0
2018-12-04,69,0.0,,0.0,0.0
2018-12-05,69,0.0,,0.0,0.0
2018-12-06,65,0.0,,0.0,0.0
2018-12-07,63,0.0,,0.0,0.0
2018-12-08,40,0.0,,0.0,0.0
2018-12-09,39,0.0,False,0.0,0.0
2018-12-10,61,0.0,,0.0,0.0
2018-12-11,55,0.0,,0.0,0.0
2018-12-12,20,0.0,,0.0,0.0
2018-12-13,73,0.0,,0.0,0.0
2018-12-14,31,0.0,,0.0,0.0
2018-12-15,59,0.0,,0.0,0.0
2018-12-16,35,0.0,False,0.0,0.0
2018-12-17,76,0.0,,0.0,0.0
2018-12-18,73,0.0,,0.0,0.0
2018-12-19,74,0.0,,0.0,0.0
2018-12-20,70,0.0,,0.0,0.0
2018-12-21,56,0.0,,0.0,0.0
2018-12-22,67,0.0,,0.0,0.0
2018-12-23,86,0.0,False,0.0,0.0
2018-12-24,60,0.0,,0.0,0.0
2018-12-25,77,0.0,,0.0,0.0
2018-12-26,34,0.0,,0.0,0.0
2018-12-27,33,0.0,,0.0,0.0
2018-12-28,56,0.0,,0.0,0.0
2018-12-29,41,0.0,,0.0,0.0
2018-12-30,84,0.0,False,0.0,0.0
2018-12-31,83,0.0,,0.0,0.0
2019-01-01,74,0.0,,0.0,0.0
2019-01-02,75,0.0,,0.0,0.0
2019-01-03,45,0.0,,0.0,0.0
2019-01-04,51,0.0,,0.0,0.0
2019-01-05,49,0.0,,0.0,0.0
2019-01-06,30,0.0,False,0.0,0.0
2019-01-07,71,0.0,,0.0,0.0
2019-01-08,81,0.0,,0.0,0.0
2019-01-09,49,0.0,,0.0,0.0
2019-01-10,87,0.0,,0.0,0.0
2019-01-11,51,0.0,,0.0,0.0
2019-01-12,61,0.0,,0.0,0.0
2019-01-13,67,0.0,False,0.0,0.0
2019-01-14,59,0.0,,0.0,0.0
2019-01-15,43,0.0,,0.0,0.0
2019-01-16,65,0.0,,0.0,0.0
2019-01-17,48,0.0,,0.0,0.0
2019-01-18,78,0.0,,0.0,0.0
2019-01-19,24,0.0,,0.0,0.0
2019-01-20,80,0.0,False,0.0,0.0
2019-01-21,59,0.0,,0.0,0.0
2019-01-22,58,0.0,,0.0,0.0
2019-01-23,63,0.0,,0.0,0.0
2019-01-24,100,0.0,,0.0,0.0
2019-01-25,55,0.0,,0.0,0.0
2019-01-26,43,0.0,,0.0,0.0
2019-01-27,77,0.0,False,0.0,0.0
2019-01-28,65,0.0,,0.0,0.0
2019-01-29,65,0.0,,0.0,0.0
2019-01-30,48,0.0,,0.0,0.0
2019-01-31,75,0.0,,0.0,0.0
2019-02-01,67,0.0,,0.0,0.0
2019-02-02,67,0.0,,0.0,0.0
2019-02-03,66,0.0,False,0.0,0.0
2019-02-04,65,0.0,,0.0,0.0
2019-02-05,42,0.0,,0.0,0.0
2019-02-06,52,0.0,,0.0,0.0
2019-02-07,41,0.0,,0.0,0.0
2019-02-08,73,0.0,,0.0,0.0
2019-02-09,66,0.0,,0.0,0.0
2019-02-10,65,0.0,False,0.0,0.0
2019-02-11,74,0.0,,0.0,0.0
2019-02-12,63,0.0,,0.0,0.0
2019-02-13,41,0.0,,0.0,0.0
2019-02-14,41,0.0,,0.0,0.0
2019-02-15,73,0.0,,0.0,0.0
2019-02-16,47,0.0,,0.0,0.0
2019-02-17,100,0.0,False,0.0,0.0
2019-02-18,71,0.0,,0.0,0.0
2019-02-19,52,0.0,,0.0,0.0
2019-02-20,81,0.0,,0.0,0.0
2019-02-21,41,0.0,,0.0,0.0
2019-02-22,49,0.0,,0.0,0.0
2019-02-23,87,0.0,,0.0,0.0
2019-02-24,80,0.0,False,0.0,0.0
2019-02-25,57,0.0,,0.0,0.0
2019-02-26,41,0.0,,0.0,0.0
2019-02-27,57,0.0,,0.0,0.0
2019-02-28,59,0.0,,0.0,0.0
2019-03-01,48,0.0,,0.0,0.0
2019-03-02,74,0.0,,0.0,0.0
2019-03-03,81,0.0,False,0.0,0.0
2019-03-04,80,0.0,,0.0,0.0
2019-03-05,86,0.0,,0.0,0.0
2019-03-06,51,0.0,,0.0,0.0
2019-03-07,66,0.0,,0.0,0.0
2019-03-08,48,0.0,,0.0,0.0
2019-03-09,68,0.0,,0.0,0.0
2019-03-10,66,0.0,False,0.0,0.0
2019-03-11,59,0.0,,0.0,0.0
2019-03-12,72,0.0,,0.0,0.0
2019-03-13,84,0.0,,0.0,0.0
2019-03-14,53,0.0,,0.0,0.0
2019-03-15,68,0.0,,0.0,0.0
2019-03-16,60,0.0,,0.0,0.0
2019-03-17,59,0.0,False,0.0,0.0
2019-03-18,66,0.0,,0.0,0.0
2019-03-19,75,0.0,,0.0,0.0
2019-03-20,85,0.0,,0.0,0.0
2019-03-21,68,0.0,,0.0,0.0
2019-03-22,27,0.0,,0.0,0.0
2019-03-23,30,0.0,,0.0,0.0
2019-03-24,55,0.0,False,0.0,0.0
2019-03-25,66,0.0,,0.0,0.0
2019-03-26,65,0.0,,0.0,0.0
2019-03-27,74,0.0,,0.0,0.0
2019-03-28,47,0.0,,0.0,0.0
2019-03-29,49,0.0,,0.0,0.0
2019-03-30,100,0.0,,0.0,0.0
2019-03-31,60,1.0,False,0.01,0.6
2019-04-01,30,1.0,,0.01,0.3
2019-04-02,46,1.0,,0.01,0.46
2019-04-03,100,1.0,,0.01,1.0
2019-04-04,63,1.0,,0.01,0.63
2019-04-05,42,1.0,,0.01,0.42
2019-04-06,31,1.0,,0.01,0.31
2019-04-07,33,0.0,False,0.0,0.0
2019-04-08,24,0.0,,0.0,0.0
2019-04-09,27,0.0,,0.0,0.0
2019-04-10,29,0.0,,0.0,0.0
2019-04-11,9,0.0,,0.0,0.0
2019-04-12,19,0.0,,0.0,0.0
2019-04-13,26,0.0,,0.0,0.0
2019-04-14,23,0.0,False,0.0,0.0
2019-04-15,32,0.0,,0.0,0.0
2019-04-16,15,0.0,,0.0,0.0
2019-04-17,21,0.0,,0.0,0.0
2019-04-18,30,0.0,,0.0,0.0
2019-04-19,34,0.0,,0.0,0.0
2019-04-20,4,0.0,,0.0,0.0
2019-04-21,22,0.0,False,0.0,0.0
2019-04-22,24,0.0,,0.0,0.0
2019-04-23,21,0.0,,0.0,0.0
2019-04-24,32,0.0,,0.0,0.0
2019-04-25,30,0.0,,0.0,0.0
2019-04-26,29,0.0,,0.0,0.0
2019-04-27,21,0.0,,0.0,0.0
2019-04-28,12,0.0,False,0.0,0.0
2019-04-29,11,0.0,,0.0,0.0
2019-04-30,26,0.0,,0.0,0.0
2019-05-01,42,0.0,,0.0,0.0
2019-05-02,31,0.0,,0.0,0.0
2019-05-03,32,0.0,,0.0,0.0
2019-05-04,89,0.0,,0.0,0.0
2019-05-05,39,0.0,False,0.0,0.0
2019-05-06,56,0.0,,0.0,0.0
2019-05-07,64,0.0,,0.0,0.0
2019-05-08,35,0.0,,0.0,0.0
2019-05-09,49,0.0,,0.0,0.0
2019-05-10,69,0.0,,0.0,0.0
2019-05-11,62,0.0,,0.0,0.0
2019-05-12,86,0.0,False,0.0,0.0
2019-05-13,49,0.0,,0.0,0.0
2019-05-14,95,0.0,,0.0,0.0
2019-05-15,83,0.0,,0.0,0.0
2019-05-16,93,0.0,,0.0,0.0
2019-05-17,32,0.0,,0.0,0.0
2019-05-18,71,0.0,,0.0,0.0
2019-05-19,60,0.0,False,0.0,0.0
2019-05-20,66,0.0,,0.0,0.0
2019-05-21,81,0.0,,0.0,0.0
2019-05-22,65,0.0,,0.0,0.0
2019-05-23,72,0.0,,0.0,0.0
2019-05-24,90,0.0,,0.0,0.0
2019-05-25,51,0.0,,0.0,0.0
2019-05-26,70,0.0,False,0.0,0.0
2019-05-27,88,0.0,,0.0,0.0
2019-05-28,68,0.0,,0.0,0.0
2019-05-29,30,0.0,,0.0,0.0
2019-05-30,100,0.0,,0.0,0.0
2019-05-31,45,0.0,,0.0,0.0
2019-06-01,83,0.0,,0.0,0.0
2019-06-02,40,0.0,False,0.0,0.0
2019-06-03,61,0.0,,0.0,0.0
2019-06-04,72,0.0,,0.0,0.0
2019-06-05,41,0.0,,0.0,0.0
2019-06-06,72,0.0,,0.0,0.0
2019-06-07,58,0.0,,0.0,0.0
2019-06-08,70,0.0,,0.0,0.0
2019-06-09,53,0.0,False,0.0,0.0
2019-06-10,76,0.0,,0.0,0.0
2019-06-11,75,0.0,,0.0,0.0
2019-06-12,83,0.0,,0.0,0.0
2019-06-13,75,0.0,,0.0,0.0
2019-06-14,48,0.0,,0.0,0.0
2019-06-15,77,0.0,,0.0,0.0
2019-06-16,58,1.0,False,0.01,0.58
2019-06-17,77,1.0,,0.01,0.77
2019-06-18,67,1.0,,0.01,0.67
2019-06-19,67,1.0,,0.01,0.67
2019-06-20,100,1.0,,0.01,1.0
2019-06-21,49,1.0,,0.01,0.49
2019-06-22,96,1.0,,0.01,0.96
2019-06-23,96,1.0,False,0.01,0.96
2019-06-24,72,1.0,,0.01,0.72
2019-06-25,67,1.0,,0.01,0.67
2019-06-26,67,1.0,,0.01,0.67
2019-06-27,41,1.0,,0.01,0.41000000000000003
2019-06-28,64,1.0,,0.01,0.64
2019-06-29,60,1.0,,0.01,0.6
2019-06-30,94,1.0,False,0.01,0.9400000000000001
2019-07-01,21,1.0,,0.01,0.21
2019-07-02,19,1.0,,0.01,0.19
2019-07-03,34,1.0,,0.01,0.34
2019-07-04,24,1.0,,0.01,0.24
2019-07-05,100,1.0,,0.01,1.0
2019-07-06,42,1.0,,0.01,0.42
2019-07-07,28,0.0,False,0.0,0.0
2019-07-08,23,0.0,,0.0,0.0
2019-07-09,33,0.0,,0.0,0.0
2019-07-10,40,0.0,,0.0,0.0
2019-07-11,35,0.0,,0.0,0.0
2019-07-12,45,0.0,,0.0,0.0
2019-07-13,20,0.0,,0.0,0.0
2019-07-14,26,0.0,False,0.0,0.0
2019-07-15,25,0.0,,0.0,0.0
2019-07-16,23,0.0,,0.0,0.0
2019-07-17,28,0.0,,0.0,0.0
2019-07-18,13,0.0,,0.0,0.0
2019-07-19,23,0.0,,0.0,0.0
2019-07-20,27,0.0,,0.0,0.0
2019-07-21,14,0.0,False,0.0,0.0
2019-07-22,21,0.0,,0.0,0.0
2019-07-23,14,0.0,,0.0,0.0
2019-07-24,11,0.0,,0.0,0.0
2019-07-25,19,0.0,,0.0,0.0
2019-07-26,6,0.0,,0.0,0.0
2019-07-27,21,0.0,,0.0,0.0
2019-07-28,18,0.0,False,0.0,0.0
2019-07-29,18,0.0,,0.0,0.0
2019-07-30,20,0.0,,0.0,0.0
2019-07-31,15,0.0,,0.0,0.0
2019-08-01,84,0.0,,0.0,0.0
2019-08-02,75,0.0,,0.0,0.0
2019-08-03,44,0.0,,0.0,0.0
2019-08-04,67,0.0,False,0.0,0.0
2019-08-05,79,0.0,,0.0,0.0
2019-08-06,77,0.0,,0.0,0.0
2019-08-07,52,0.0,,0.0,0.0
2019-08-08,39,0.0,,0.0,0.0
2019-08-09,100,0.0,,0.0,0.0
2019-08-10,96,0.0,,0.0,0.0
2019-08-11,81,0.0,False,0.0,0.0
2019-08-12,83,0.0,,0.0,0.0
2019-08-13,64,0.0,,0.0,0.0
2019-08-14,42,0.0,,0.0,0.0
2019-08-15,58,0.0,,0.0,0.0
2019-08-16,66,0.0,,0.0,0.0
2019-08-17,65,0.0,,0.0,0.0
2019-08-18,50,0.0,False,0.0,0.0
2019-08-19,75,0.0,,0.0,0.0
2019-08-20,63,0.0,,0.0,0.0
2019-08-21,63,0.0,,0.0,0.0
2019-08-22,76,0.0,,0.0,0.0
2019-08-23,79,0.0,,0.0,0.0
2019-08-24,29,0.0,,0.0,0.0
2019-08-25,36,0.0,False,0.0,0.0
2019-08-26,44,0.0,,0.0,0.0
2019-08-27,80,0.0,,0.0,0.0
2019-08-28,61,0.0,,0.0,0.0
2019-08-29,50,0.0,,0.0,0.0
2019-08-30,31,0.0,,0.0,0.0
2019-08-31,28,0.0,,0.0,0.0
2019-09-01,31,0.0,False,0.0,0.0
2019-09-02,70,0.0,,0.0,0.0
2019-09-03,46,0.0,,0.0,0.0
2019-09-04,87,0.0,,0.0,0.0
2019-09-05,47,0.0,,0.0,0.0
2019-09-06,41,0.0,,0.0,0.0
2019-09-07,61,0.0,,0.0,0.0
2019-09-08,46,0.0,False,0.0,0.0
2019-09-09,100,0.0,,0.0,0.0
2019-09-10,94,0.0,,0.0,0.0
2019-09-11,73,0.0,,0.0,0.0
2019-09-12,93,0.0,,0.0,0.0
2019-09-13,56,0.0,,0.0,0.0
2019-09-14,77,0.0,,0.0,0.0
2019-09-15,76,0.0,False,0.0,0.0
2019-09-16,60,0.0,,0.0,0.0
2019-09-17,73,0.0,,0.0,0.0
2019-09-18,33,0.0,,0.0,0.0
2019-09-19,80,0.0,,0.0,0.0
2019-09-20,77,0.0,,0.0,0.0
2019-09-21,46,0.0,,0.0,0.0
2019-09-22,52,0.0,False,0.0,0.0
2019-09-23,45,0.0,,0.0,0.0
2019-09-24,59,0.0,,0.0,0.0
2019-09-25,77,0.0,,0.0,0.0
2019-09-26,73,0.0,,0.0,0.0
2019-09-27,83,0.0,,0.0,0.0
2019-09-28,38,0.0,,0.0,0.0
2019-09-29,37,0.0,False,0.0,0.0
2019-09-30,40,0.0,,0.0,0.0
2019-10-01,68,0.0,,0.0,0.0
2019-10-02,41,0.0,,0.0,0.0
2019-10-03,63,0.0,,0.0,0.0
2019-10-04,65,0.0,,0.0,0.0
2019-10-05,89,0.0,,0.0,0.0
2019-10-06,63,0.0,False,0.0,0.0
2019-10-07,91,0.0,,0.0,0.0
2019-10-08,56,0.0,,0.0,0.0
2019-10-09,70,0.0,,0.0,0.0
2019-10-10,56,0.0,,0.0,0.0
2019-10-11,100,0.0,,0.0,0.0
2019-10-12,80,0.0,,0.0,0.0
2019-10-13,47,0.0,False,0.0,0.0
2019-10-14,42,0.0,,0.0,0.0
2019-10-15,69,0.0,,0.0,0.0
2019-10-16,76,0.0,,0.0,0.0
2019-10-17,98,0.0,,0.0,0.0
2019-10-18,88,0.0,,0.0,0.0
2019-10-19,63,0.0,,0.0,0.0
2019-10-20,47,0.0,False,0.0,0.0
2019-10-21,68,0.0,,0.0,0.0
2019-10-22,53,0.0,,0.0,0.0
2019-10-23,62,0.0,,0.0,0.0
2019-10-24,96,0.0,,0.0,0.0
2019-10-25,51,0.0,,0.0,0.0
2019-10-26,48,0.0,,0.0,0.0
2019-10-27,39,0.0,False,0.0,0.0
2019-10-28,41,0.0,,0.0,0.0
2019-10-29,49,0.0,,0.0,0.0
2019-10-30,90,0.0,,0.0,0.0
2019-10-31,36,0.0,,0.0,0.0
2019-11-01,97,0.0,,0.0,0.0
2019-11-02,34,0.0,,0.0,0.0
2019-11-03,99,0.0,False,0.0,0.0
2019-11-04,60,0.0,,0.0,0.0
2019-11-05,66,0.0,,0.0,0.0
2019-11-06,67,0.0,,0.0,0.0
2019-11-07,89,0.0,,0.0,0.0
2019-11-08,62,0.0,,0.0,0.0
2019-11-09,41,0.0,,0.0,0.0
2019-11-10,74,0.0,False,0.0,0.0
2019-11-11,89,0.0,,0.0,0.0
2019-11-12,81,0.0,,0.0,0.0
2019-11-13,30,0.0,,0.0,0.0
2019-11-14,88,0.0,,0.0,0.0
2019-11-15,47,0.0,,0.0,0.0
2019-11-16,60,0.0,,0.0,0.0
2019-11-17,84,0.0,False,0.0,0.0
2019-11-18,52,0.0,,0.0,0.0
2019-11-19,60,0.0,,0.0,0.0
2019-11-20,38,0.0,,0.0,0.0
2019-11-21,77,0.0,,0.0,0.0
2019-11-22,55,0.0,,0.0,0.0
2019-11-23,100,0.0,,0.0,0.0
2019-11-24,58,0.0,False,0.0,0.0
2019-11-25,52,0.0,,0.0,0.0
2019-11-26,52,0.0,,0.0,0.0
2019-11-27,60,0.0,,0.0,0.0
2019-11-28,53,0.0,,0.0,0.0
2019-11-29,47,0.0,,0.0,0.0
2019-11-30,25,0.0,,0.0,0.0
2019-12-01,47,0.0,False,0.0,0.0
2019-12-02,48,0.0,,0.0,0.0
2019-12-03,76,0.0,,0.0,0.0
2019-12-04,42,0.0,,0.0,0.0
2019-12-05,64,0.0,,0.0,0.0
2019-12-06,58,0.0,,0.0,0.0
2019-12-07,16,0.0,,0.0,0.0
2019-12-08,40,0.0,False,0.0,0.0
2019-12-09,35,0.0,,0.0,0.0
2019-12-10,71,0.0,,0.0,0.0
2019-12-11,28,0.0,,0.0,0.0
2019-12-12,50,0.0,,0.0,0.0
2019-12-13,51,0.0,,0.0,0.0
2019-12-14,71,0.0,,0.0,0.0
2019-12-15,24,0.0,False,0.0,0.0
2019-12-16,21,0.0,,0.0,0.0
2019-12-17,77,0.0,,0.0,0.0
2019-12-18,28,0.0,,0.0,0.0
2019-12-19,87,0.0,,0.0,0.0
2019-12-20,54,0.0,,0.0,0.0
2019-12-21,57,0.0,,0.0,0.0
2019-12-22,32,0.0,False,0.0,0.0
2019-12-23,90,0.0,,0.0,0.0
2019-12-24,65,0.0,,0.0,0.0
2019-12-25,18,0.0,,0.0,0.0
2019-12-26,46,0.0,,0.0,0.0
2019-12-27,100,0.0,,0.0,0.0
2019-12-28,56,0.0,,0.0,0.0
2019-12-29,40,0.0,False,0.0,0.0
2019-12-30,59,0.0,,0.0,0.0
2019-12-31,40,0.0,,0.0,0.0
2020-01-01,26,0.0,,0.0,0.0
2020-01-02,56,0.0,,0.0,0.0
2020-01-03,44,0.0,,0.0,0.0
2020-01-04,47,0.0,,0.0,0.0
2020-01-05,71,0.0,False,0.0,0.0
2020-01-06,49,0.0,,0.0,0.0
2020-01-07,90,0.0,,0.0,0.0
2020-01-08,73,0.0,,0.0,0.0
2020-01-09,37,0.0,,0.0,0.0
2020-01-10,70,0.0,,0.0,0.0
2020-01-11,77,0.0,,0.0,0.0
2020-01-12,47,0.0,False,0.0,0.0
2020-01-13,44,0.0,,0.0,0.0
2020-01-14,64,0.0,,0.0,0.0
2020-01-15,41,0.0,,0.0,0.0
2020-01-16,68,0.0,,0.0,0.0
2020-01-17,70,0.0,,0.0,0.0
2020-01-18,59,0.0,,0.0,0.0
2020-01-19,52,0.0,False,0.0,0.0
2020-01-20,48,0.0,,0.0,0.0
2020-01-21,31,0.0,,0.0,0.0
2020-01-22,36,0.0,,0.0,0.0
2020-01-23,58,0.0,,0.0,0.0
2020-01-24,48,0.0,,0.0,0.0
2020-01-25,30,0.0,,0.0,0.0
2020-01-26,87,0.0,False,0.0,0.0
2020-01-27,82,0.0,,0.0,0.0
2020-01-28,77,0.0,,0.0,0.0
2020-01-29,21,0.0,,0.0,0.0
2020-01-30,100,0.0,,0.0,0.0
2020-01-31,76,0.0,,0.0,0.0
2020-02-01,47,0.0,,0.0,0.0
2020-02-02,52,0.0,False,0.0,0.0
2020-02-03,57,0.0,,0.0,0.0
2020-02-04,51,0.0,,0.0,0.0
2020-02-05,58,0.0,,0.0,0.0
2020-02-06,73,0.0,,0.0,0.0
2020-02-07,93,0.0,,0.0,0.0
2020-02-08,100,0.0,,0.0,0.0
2020-02-09,97,0.0,False,0.0,0.0
2020-02-10,66,0.0,,0.0,0.0
2020-02-11,76,0.0,,0.0,0.0
2020-02-12,61,0.0,,0.0,0.0
2020-02-13,41,0.0,,0.0,0.0
2020-02-14,64,0.0,,0.0,0.0
2020-02-15,93,0.0,,0.0,0.0
2020-02-16,17,0.0,False,0.0,0.0
2020-02-17,52,0.0,,0.0,0.0
2020-02-18,55,0.0,,0.0,0.0
2020-02-19,56,0.0,,0.0,0.0
2020-02-20,55,0.0,,0.0,0.0
2020-02-21,59,0.0,,0.0,0.0
2020-02-22,52,0.0,,0.0,0.0
2020-02-23,68,0.0,False,0.0,0.0
2020-02-24,76,0.0,,0.0,0.0
2020-02-25,81,0.0,,0.0,0.0
2020-02-26,83,0.0,,0.0,0.0
2020-02-27,39,0.0,,0.0,0.0
2020-02-28,47,0.0,,0.0,0.0
2020-02-29,33,0.0,,0.0,0.0
2020-03-01,49,0.0,False,0.0,0.0
2020-03-02,32,0.0,,0.0,0.0
2020-03-03,88,0.0,,0.0,0.0
2020-03-04,100,0.0,,0.0,0.0
2020-03-05,68,0.0,,0.0,0.0
2020-03-06,29,0.0,,0.0,0.0
2020-03-07,37,0.0,,0.0,0.0
2020-03-08,59,0.0,False,0.0,0.0
2020-03-09,76,0.0,,0.0,0.0
2020-03-10,64,0.0,,0.0,0.0
2020-03-11,43,0.0,,0.0,0.0
2020-03-12,63,0.0,,0.0,0.0
2020-03-13,53,0.0,,0.0,0.0
2020-03-14,50,0.0,,0.0,0.0
2020-03-15,54,0.0,False,0.0,0.0
2020-03-16,51,0.0,,0.0,0.0
2020-03-17,63,0.0,,0.0,0.0
2020-03-18,73,0.0,,0.0,0.0
2020-03-19,52,0.0,,0.0,0.0
2020-03-20,24,0.0,,0.0,0.0
2020-03-21,31,0.0,,0.0,0.0
2020-03-22,22,0.0,False,0.0,0.0
2020-03-23,51,0.0,,0.0,0.0
2020-03-24,62,0.0,,0.0,0.0
2020-03-25,44,0.0,,0.0,0.0
2020-03-26,32,0.0,,0.0,0.0
2020-03-27,49,0.0,,0.0,0.0
2020-03-28,39,0.0,,0.0,0.0
2020-03-29,43,0.0,False,0.0,0.0
2020-03-30,46,0.0,,0.0,0.0
2020-03-31,49,0.0,,0.0,0.0
2020-04-01,44,0.0,,0.0,0.0
2020-04-02,52,0.0,,0.0,0.0
2020-04-03,49,0.0,,0.0,0.0
2020-04-04,32,0.0,,0.0,0.0
2020-04-05,27,0.0,False,0.0,0.0
2020-04-06,40,0.0,,0.0,0.0
2020-04-07,56,0.0,,0.0,0.0
2020-04-08,73,0.0,,0.0,0.0
2020-04-09,25,0.0,,0.0,0.0
2020-04-10,61,0.0,,0.0,0.0
2020-04-11,59,0.0,,0.0,0.0
2020-04-12,51,0.0,False,0.0,0.0
2020-04-13,33,0.0,,0.0,0.0
2020-04-14,28,0.0,,0.0,0.0
2020-04-15,44,0.0,,0.0,0.0
2020-04-16,24,0.0,,0.0,0.0
2020-04-17,82,0.0,,0.0,0.0
2020-04-18,50,0.0,,0.0,0.0
2020-04-19,45,0.0,False,0.0,0.0
2020-04-20,80,0.0,,0.0,0.0
2020-04-21,55,0.0,,0.0,0.0
2020-04-22,41,0.0,,0.0,0.0
2020-04-23,70,0.0,,0.0,0.0
2020-04-24,54,0.0,,0.0,0.0
2020-04-25,69,0.0,,0.0,0.0
2020-04-26,100,1.0,False,0.01,1.0
2020-04-27,96,1.0,,0.01,0.96
2020-04-28,51,1.0,,0.01,0.51
2020-04-29,71,1.0,,0.01,0.71
2020-04-30,89,1.0,,0.01,0.89
2020-05-01,73,1.0,,0.01,0.73
2020-05-02,73,1.0,,0.01,0.73
2020-05-03,80,0.0,False,0.0,0.0
2020-05-04,68,0.0,,0.0,0.0
2020-05-05,56,0.0,,0.0,0.0
2020-05-06,82,0.0,,0.0,0.0
2020-05-07,61,0.0,,0.0,0.0
2020-05-08,43,0.0,,0.0,0.0
2020-05-09,63,0.0,,0.0,0.0
2020-05-10,100,0.0,False,0.0,0.0
2020-05-11,74,0.0,,0.0,0.0
2020-05-12,97,0.0,,0.0,0.0
2020-05-13,87,0.0,,0.0,0.0
2020-05-14,70,0.0,,0.0,0.0
2020-05-15,61,0.0,,0.0,0.0
2020-05-16,37,0.0,,0.0,0.0
2020-05-17,75,0.0,False,0.0,0.0
2020-05-18,69,0.0,,0.0,0.0
2020-05-19,37,0.0,,0.0,0.0
2020-05-20,74,0.0,,0.0,0.0
2020-05-21,77,0.0,,0.0,0.0
2020-05-22,71,0.0,,0.0,0.0
2020-05-23,64,0.0,,0.0,0.0
2020-05-24,65,0.0,False,0.0,0.0
2020-05-25,73,0.0,,0.0,0.0
2020-05-26,61,0.0,,0.0,0.0
2020-05-27,76,0.0,,0.0,0.0
2020-05-28,98,0.0,,0.0,0.0
2020-05-29,73,0.0,,0.0,0.0
2020-05-30,32,0.0,,0.0,0.0
2020-05-31,60,0.0,False,0.0,0.0
2020-06-01,51,0.0,,0.0,0.0
2020-06-02,79,0.0,,0.0,0.0
2020-06-03,70,0.0,,0.0,0.0
2020-06-04,74,0.0,,0.0,0.0
2020-06-05,94,0.0,,0.0,0.0
2020-06-06,32,0.0,,0.0,0.0
2020-06-07,64,0.0,False,0.0,0.0
2020-06-08,100,0.0,,0.0,0.0
2020-06-09,68,0.0,,0.0,0.0
2020-06-10,79,0.0,,0.0,0.0
2020-06-11,91,0.0,,0.0,0.0
2020-06-12,54,0.0,,0.0,0.0
2020-06-13,66,0.0,,0.0,0.0
2020-06-14,64,0.0,False,0.0,0.0
2020-06-15,57,0.0,,0.0,0.0
2020-06-16,88,0.0,,0.0,0.0
2020-06-17,91,0.0,,0.0,0.0
2020-06-18,97,0.0,,0.0,0.0
2020-06-19,59,0.0,,0.0,0.0
2020-06-20,79,0.0,,0.0,0.0
2020-06-21,33,0.0,False,0.0,0.0
2020-06-22,47,0.0,,0.0,0.0
2020-06-23,75,0.0,,0.0,0.0
2020-06-24,47,0.0,,0.0,0.0
2020-06-25,71,0.0,,0.0,0.0
2020-06-26,48,0.0,,0.0,0.0
2020-06-27,65,0.0,,0.0,0.0
2020-06-28,58,0.0,False,0.0,0.0
2020-06-29,64,0.0,,0.0,0.0
2020-06-30,58,0.0,,0.0,0.0
2020-07-01,6,0.0,,0.0,0.0
2020-07-02,5,0.0,,0.0,0.0
2020-07-03,4,0.0,,0.0,0.0
2020-07-04,6,0.0,,0.0,0.0
2020-07-05,4,3.0,False,0.03,0.12
2020-07-06,16,3.0,,0.03,0.48
2020-07-07,32,3.0,,0.03,0.96
2020-07-08,100,3.0,,0.03,3.0
2020-07-09,81,3.0,,0.03,2.4299999999999997
2020-07-10,38,3.0,,0.03,1.14
2020-07-11,18,3.0,,0.03,0.54
2020-07-12,19,1.0,False,0.01,0.19
2020-07-13,15,1.0,,0.01,0.15
2020-07-14,12,1.0,,0.01,0.12
2020-07-15,12,1.0,,0.01,0.12
2020-07-16,11,1.0,,0.01,0.11
2020-07-17,9,1.0,,0.01,0.09
2020-07-18,44,1.0,,0.01,0.44
2020-07-19,25,1.0,False,0.01,0.25
2020-07-20,12,1.0,,0.01,0.12
2020-07-21,8,1.0,,0.01,0.08
2020-07-22,8,1.0,,0.01,0.08
2020-07-23,11,1.0,,0.01,0.11
2020-07-24,8,1.0,,0.01,0.08
2020-07-25,9,1.0,,0.01,0.09
2020-07-26,12,1.0,False,0.01,0.12
2020-07-27,9,1.0,,0.01,0.09
2020-07-28,11,1.0,,0.01,0.11
2020-07-29,9,1.0,,0.01,0.09
2020-07-30,7,1.0,,0.01,0.07
2020-07-31,9,1.0,,0.01,0.09
2020-08-01,100,1.0,,0.01,1.0
2020-08-02,62,1.0,False,0.01,0.62
2020-08-03,32,1.0,,0.01,0.32
2020-08-04,62,1.0,,0.01,0.62
2020-08-05,86,1.0,,0.01,0.86
2020-08-06,57,1.0,,0.01,0.5700000000000001
2020-08-07,50,1.0,,0.01,0.5
2020-08-08,42,1.0,,0.01,0.42
2020-08-09,50,1.0,False,0.01,0.5
2020-08-10,59,1.0,,0.01,0.59
2020-08-11,45,1.0,,0.01,0.45
2020-08-12,53,1.0,,0.01,0.53
2020-08-13,62,1.0,,0.01,0.62
2020-08-14,49,1.0,,0.01,0.49
2020-08-15,58,1.0,,0.01,0.58
2020-08-16,48,0.0,False,0.0,0.0
2020-08-17,66,0.0,,0.0,0.0
2020-08-18,37,0.0,,0.0,0.0
2020-08-19,42,0.0,,0.0,0.0
2020-08-20,41,0.0,,0.0,0.0
2020-08-21,44,0.0,,0.0,0.0
2020-08-22,39,0.0,,0.0,0.0
2020-08-23,41,0.0,False,0.0,0.0
2020-08-24,19,0.0,,0.0,0.0
2020-08-25,28,0.0,,0.0,0.0
2020-08-26,48,0.0,,0.0,0.0
2020-08-27,25,0.0,,0.0,0.0
2020-08-28,32,0.0,,0.0,0.0
2020-08-29,51,0.0,,0.0,0.0
2020-08-30,32,0.0,False,0.0,0.0
2020-08-31,22,0.0,,0.0,0.0
2020-09-01,72,0.0,,0.0,0.0
2020-09-02,82,0.0,,0.0,0.0
2020-09-03,88,0.0,,0.0,0.0
2020-09-04,91,0.0,,0.0,0.0
2020-09-05,72,0.0,,0.0,0.0
2020-09-06,78,0.0,False,0.0,0.0
2020-09-07,90,0.0,,0.0,0.0
2020-09-08,66,0.0,,0.0,0.0
2020-09-09,51,0.0,,0.0,0.0
2020-09-10,77,0.0,,0.0,0.0
2020-09-11,48,0.0,,0.0,0.0
2020-09-12,65,0.0,,0.0,0.0
2020-09-13,77,0.0,False,0.0,0.0
2020-09-14,56,0.0,,0.0,0.0
2020-09-15,77,0.0,,0.0,0.0
2020-09-16,72,0.0,,0.0,0.0
2020-09-17,57,0.0,,0.0,0.0
2020-09-18,65,0.0,,0.0,0.0
2020-09-19,36,0.0,,0.0,0.0
2020-09-20,77,0.0,False,0.0,0.0
2020-09-21,45,0.0,,0.0,0.0
2020-09-22,65,0.0,,0.0,0.0
2020-09-23,61,0.0,,0.0,0.0
2020-09-24,86,0.0,,0.0,0.0
2020-09-25,49,0.0,,0.0,0.0
2020-09-26,67,0.0,,0.0,0.0
2020-09-27,78,0.0,False,0.0,0.0
2020-09-28,47,0.0,,0.0,0.0
2020-09-29,42,0.0,,0.0,0.0
2020-09-30,100,0.0,,0.0,0.0
2020-10-01,54,0.0,,0.0,0.0
2020-10-02,64,0.0,,0.0,0.0
2020-10-03,47,0.0,,0.0,0.0
2020-10-04,61,0.0,False,0.0,0.0
2020-10-05,67,0.0,,0.0,0.0
2020-10-06,88,0.0,,0.0,0.0
2020-10-07,75,0.0,,0.0,0.0
2020-10-08,95,0.0,,0.0,0.0
2020-10-09,67,0.0,,0.0,0.0
2020-10-10,73,0.0,,0.0,0.0
2020-10-11,49,0.0,False,0.0,0.0
2020-10-12,72,0.0,,0.0,0.0
2020-10-13,78,0.0,,0.0,0.0
2020-10-14,71,0.0,,0.0,0.0
2020-10-15,79,0.0,,0.0,0.0
2020-10-16,44,0.0,,0.0,0.0
2020-10-17,80,0.0,,0.0,0.0
2020-10-18,81,0.0,False,0.0,0.0
2020-10-19,79,0.0,,0.0,0.0
2020-10-20,28,0.0,,0.0,0.0
2020-10-21,71,0.0,,0.0,0.0
2020-10-22,95,0.0,,0.0,0.0
2020-10-23,75,0.0,,0.0,0.0
2020-10-24,79,0.0,,0.0,0.0
2020-10-25,56,0.0,False,0.0,0.0
2020-10-26,100,0.0,,0.0,0.0
2020-10-27,79,0.0,,0.0,0.0
2020-10-28,64,0.0,,0.0,0.0
2020-10-29,36,0.0,,0.0,0.0
2020-10-30,89,0.0,,0.0,0.0
2020-10-31,40,0.0,,0.0,0.0
2020-11-01,30,0.0,False,0.0,0.0
2020-11-02,23,0.0,,0.0,0.0
2020-11-03,25,0.0,,0.0,0.0
2020-11-04,45,0.0,,0.0,0.0
2020-11-05,25,0.0,,0.0,0.0
2020-11-06,38,0.0,,0.0,0.0
2020-11-07,27,0.0,,0.0,0.0
2020-11-08,22,0.0,False,0.0,0.0
2020-11-09,40,0.0,,0.0,0.0
2020-11-10,31,0.0,,0.0,0.0
2020-11-11,43,0.0,,0.0,0.0
2020-11-12,38,0.0,,0.0,0.0
2020-11-13,33,0.0,,0.0,0.0
2020-11-14,37,0.0,,0.0,0.0
2020-11-15,32,0.0,False,0.0,0.0
2020-11-16,43,0.0,,0.0,0.0
2020-11-17,46,0.0,,0.0,0.0
2020-11-18,34,0.0,,0.0,0.0
2020-11-19,37,0.0,,0.0,0.0
2020-11-20,45,0.0,,0.0,0.0
2020-11-21,75,0.0,,0.0,0.0
2020-11-22,45,1.0,False,0.01,0.45
2020-11-23,67,1.0,,0.01,0.67
2020-11-24,100,1.0,,0.01,1.0
2020-11-25,63,1.0,,0.01,0.63
2020-11-26,38,1.0,,0.01,0.38
2020-11-27,44,1.0,,0.01,0.44
2020-11-28,60,1.0,,0.01,0.6
2020-11-29,75,0.0,False,0.0,0.0
2020-11-30,54,0.0,,0.0,0.0
2020-12-01,11,0.0,,0.0,0.0
2020-12-02,6,0.0,,0.0,0.0
2020-12-03,7,0.0,,0.0,0.0
2020-12-04,13,0.0,,0.0,0.0
2020-12-05,16,0.0,,0.0,0.0
2020-12-06,11,0.0,False,0.0,0.0
2020-12-07,9,0.0,,0.0,0.0
2020-12-08,13,0.0,,0.0,0.0
2020-12-09,14,0.0,,0.0,0.0
2020-12-10,8,0.0,,0.0,0.0
2020-12-11,12,0.0,,0.0,0.0
2020-12-12,12,0.0,,0.0,0.0
2020-12-13,13,1.0,False,0.01,0.13
2020-12-14,9,1.0,,0.01,0.09
2020-12-15,12,1.0,,0.01,0.12
2020-12-16,8,1.0,,0.01,0.08
2020-12-17,22,1.0,,0.01,0.22
2020-12-18,26,1.0,,0.01,0.26
2020-12-19,21,1.0,,0.01,0.21
2020-12-20,78,2.0,False,0.02,1.56
2020-12-21,100,2.0,,0.02,2.0
2020-12-22,39,2.0,,0.02,0.78
2020-12-23,30,2.0,,0.02,0.6
2020-12-24,24,2.0,,0.02,0.48
2020-12-25,22,2.0,,0.02,0.44
2020-12-26,29,2.0,,0.02,0.58
2020-12-27,25,3.0,False,0.03,0.75
2020-12-28,36,3.0,,0.03,1.08
2020-12-29,25,3.0,,0.03,0.75
2020-12-30,39,3.0,,0.03,1.17
2020-12-31,26,3.0,,0.03,0.78
2021-01-01,1,3.0,,0.03,0.03
2021-01-02,6,3.0,,0.03,0.18
2021-01-03,6,6.0,False,0.06,0.36
2021-01-04,3,6.0,,0.06,0.18
2021-01-05,2,6.0,,0.06,0.12
2021-01-06,2,6.0,,0.06,0.12
2021-01-07,2,6.0,,0.06,0.12
2021-01-08,2,6.0,,0.06,0.12
2021-01-09,2,6.0,,0.06,0.12
2021-01-10,2,3.0,False,0.03,0.06
2021-01-11,2,3.0,,0.03,0.06
2021-01-12,1,3.0,,0.03,0.03
2021-01-13,1,3.0,,0.03,0.03
2021-01-14,1,3.0,,0.03,0.03
2021-01-15,1,3.0,,0.03,0.03
2021-01-16,1,3.0,,0.03,0.03
2021-01-17,1,2.0,False,0.02,0.02
2021-01-18,1,2.0,,0.02,0.02
2021-01-19,1,2.0,,0.02,0.02
2021-01-20,1,2.0,,0.02,0.02
2021-01-21,0,2.0,,0.02,0.0
2021-01-22,1,2.0,,0.02,0.02
2021-01-23,1,2.0,,0.02,0.02
2021-01-24,1,52.0,False,0.52,0.52
2021-01-25,1,52.0,,0.52,0.52
2021-01-26,1,52.0,,0.52,0.52
2021-01-27,1,52.0,,0.52,0.52
2021-01-28,20,52.0,,0.52,10.4
2021-01-29,100,52.0,,0.52,52.0
2021-01-30,41,52.0,,0.52,21.32
2021-01-31,23,43.0,False,0.43,9.89
2021-02-01,54,43.0,,0.43,23.22
2021-02-02,30,43.0,,0.43,12.9
2021-02-03,25,43.0,,0.43,10.75
2021-02-04,86,43.0,,0.43,36.98
2021-02-05,50,43.0,,0.43,21.5
2021-02-06,48,43.0,,0.43,20.64
2021-02-07,95,50.0,False,0.5,47.5
2021-02-08,100,50.0,,0.5,50.0
2021-02-09,67,50.0,,0.5,33.5
2021-02-10,47,50.0,,0.5,23.5
2021-02-11,38,50.0,,0.5,19.0
2021-02-12,33,50.0,,0.5,16.5
2021-02-13,26,50.0,,0.5,13.0
2021-02-14,27,21.0,False,0.21,5.67
2021-02-15,33,21.0,,0.21,6.93
2021-02-16,29,21.0,,0.21,6.09
2021-02-17,23,21.0,,0.21,4.83
2021-02-18,23,21.0,,0.21,4.83
2021-02-19,20,21.0,,0.21,4.2
2021-02-20,19,21.0,,0.21,3.9899999999999998
2021-02-21,18,13.0,False,0.13,2.34
2021-02-22,19,13.0,,0.13,2.47
2021-02-23,17,13.0,,0.13,2.21
2021-02-24,18,13.0,,0.13,2.34
2021-02-25,15,13.0,,0.13,1.9500000000000002
2021-02-26,13,13.0,,0.13,1.69
2021-02-27,11,13.0,,0.13,1.4300000000000002
2021-02-28,11,9.0,False,0.09,0.99
2021-03-01,78,9.0,,0.09,7.02
2021-03-02,83,9.0,,0.09,7.47
2021-03-03,68,9.0,,0.09,6.12
2021-03-04,74,9.0,,0.09,6.66
2021-03-05,64,9.0,,0.09,5.76
2021-03-06,68,9.0,,0.09,6.12
2021-03-07,64,9.0,False,0.09,5.76
2021-03-08,92,9.0,,0.09,8.28
2021-03-09,91,9.0,,0.09,8.19
2021-03-10,68,9.0,,0.09,6.12
2021-03-11,65,9.0,,0.09,5.85
2021-03-12,58,9.0,,0.09,5.22
2021-03-13,77,9.0,,0.09,6.93
2021-03-14,100,8.0,False,0.08,8.0
2021-03-15,77,8.0,,0.08,6.16
2021-03-16,75,8.0,,0.08,6.0
2021-03-17,56,8.0,,0.08,4.48
2021-03-18,64,8.0,,0.08,5.12
2021-03-19,50,8.0,,0.08,4.0
2021-03-20,50,8.0,,0.08,4.0
2021-03-21,46,5.0,False,0.05,2.3000000000000003
2021-03-22,40,5.0,,0.05,2.0
2021-03-23,45,5.0,,0.05,2.25
2021-03-24,43,5.0,,0.05,2.15
2021-03-25,40,5.0,,0.05,2.0
2021-03-26,37,5.0,,0.05,1.85
2021-03-27,30,5.0,,0.05,1.5
2021-03-28,28,6.0,False,0.06,1.68
2021-03-29,37,6.0,,0.06,2.2199999999999998
2021-03-30,38,6.0,,0.06,2.28
2021-03-31,32,6.0,,0.06,1.92
2021-04-01,5,6.0,,0.06,0.3
2021-04-02,4,6.0,,0.06,0.24
2021-04-03,3,6.0,,0.06,0.18
2021-04-04,3,6.0,False,0.06,0.18
2021-04-05,3,6.0,,0.06,0.18
2021-04-06,4,6.0,,0.06,0.24
2021-04-07,4,6.0,,0.06,0.24
2021-04-08,3,6.0,,0.06,0.18
2021-04-09,2,6.0,,0.06,0.12
2021-04-10,3,6.0,,0.06,0.18
2021-04-11,6,67.0,False,0.67,4.0200000000000005
2021-04-12,5,67.0,,0.67,3.35
2021-04-13,9,67.0,,0.67,6.03
2021-04-14,28,67.0,,0.67,18.76
2021-04-15,26,67.0,,0.67,17.42
2021-04-16,100,67.0,,0.67,67.0
2021-04-17,56,67.0,,0.67,37.52
2021-04-18,39,69.0,False,0.69,26.909999999999997
2021-04-19,46,69.0,,0.69,31.74
2021-04-20,51,69.0,,0.69,35.19
2021-04-21,30,69.0,,0.69,20.7
2021-04-22,25,69.0,,0.69,17.25
2021-04-23,27,69.0,,0.69,18.63
2021-04-24,19,69.0,,0.69,13.11
2021-04-25,16,34.0,False,0.34,5.44
2021-04-26,16,34.0,,0.34,5.44
2021-04-27,14,34.0,,0.34,4.760000000000001
2021-04-28,20,34.0,,0.34,6.800000000000001
2021-04-29,16,34.0,,0.34,5.44
2021-04-30,14,34.0,,0.34,4.760000000000001
2021-05-01,17,34.0,,0.34,5.78
2021-05-02,16,95.0,False,0.95,15.2
2021-05-03,22,95.0,,0.95,20.9
2021-05-04,54,95.0,,0.95,51.3
2021-05-05,69,95.0,,0.95,65.55
2021-05-06,45,95.0,,0.95,42.75
2021-05-07,43,95.0,,0.95,40.85
2021-05-08,61,95.0,,0.95,57.949999999999996
2021-05-09,100,100.0,False,1.0,100.0
2021-05-10,55,100.0,,1.0,55.0
2021-05-11,38,100.0,,1.0,38.0
2021-05-12,32,100.0,,1.0,32.0
2021-05-13,38,100.0,,1.0,38.0
2021-05-14,41,100.0,,1.0,41.0
2021-05-15,27,100.0,,1.0,27.0
2021-05-16,24,51.0,False,0.51,12.24
2021-05-17,25,51.0,,0.51,12.75
2021-05-18,19,51.0,,0.51,9.69
2021-05-19,34,51.0,,0.51,17.34
2021-05-20,24,51.0,,0.51,12.24
2021-05-21,20,51.0,,0.51,10.2
2021-05-22,16,51.0,,0.51,8.16
2021-05-23,18,29.0,False,0.29,5.22
2021-05-24,17,29.0,,0.29,4.93
2021-05-25,15,29.0,,0.29,4.35
2021-05-26,13,29.0,,0.29,3.7699999999999996
2021-05-27,11,29.0,,0.29,3.19
2021-05-28,11,29.0,,0.29,3.19
2021-05-29,10,29.0,,0.29,2.9
2021-05-30,8,25.0,False,0.25,2.0
2021-05-31,9,25.0,,0.25,2.25
2021-06-01,61,25.0,,0.25,15.25
2021-06-02,100,25.0,,0.25,25.0
2021-06-03,83,25.0,,0.25,20.75
2021-06-04,68,25.0,,0.25,17.0
2021-06-05,56,25.0,,0.25,14.0
2021-06-06,49,17.0,False,0.17,8.33
2021-06-07,49,17.0,,0.17,8.33
2021-06-08,56,17.0,,0.17,9.520000000000001
2021-06-09,46,17.0,,0.17,7.82
2021-06-10,44,17.0,,0.17,7.48
2021-06-11,37,17.0,,0.17,6.29
2021-06-12,35,17.0,,0.17,5.95
2021-06-13,35,12.0,False,0.12,4.2
2021-06-14,42,12.0,,0.12,5.04
2021-06-15,31,12.0,,0.12,3.7199999999999998
2021-06-16,30,12.0,,0.12,3.5999999999999996
2021-06-17,26,12.0,,0.12,3.12
2021-06-18,29,12.0,,0.12,3.48
2021-06-19,28,12.0,,0.12,3.36
2021-06-20,34,18.0,False,0.18,6.12
2021-06-21,61,18.0,,0.18,10.98
2021-06-22,72,18.0,,0.18,12.959999999999999
2021-06-23,47,18.0,,0.18,8.459999999999999
2021-06-24,38,18.0,,0.18,6.84
2021-06-25,47,18.0,,0.18,8.459999999999999
2021-06-26,35,18.0,,0.18,6.3
2021-06-27,30,12.0,False,0.12,3.5999999999999996
2021-06-28,35,12.0,,0.12,4.2
2021-06-29,30,12.0,,0.12,3.5999999999999996
2021-06-30,28,12.0,,0.12,3.36
2021-07-01,100,12.0,,0.12,12.0
2021-07-02,95,12.0,,0.12,11.4
2021-07-03,79,12.0,,0.12,9.48
2021-07-04,80,10.0,False,0.1,8.0
2021-07-05,60,10.0,,0.1,6.0
2021-07-06,66,10.0,,0.1,6.6000000000000005
2021-07-07,61,10.0,,0.1,6.1000000000000005
2021-07-08,79,10.0,,0.1,7.9
2021-07-09,78,10.0,,0.1,7.800000000000001
2021-07-10,63,10.0,,0.1,6.300000000000001
2021-07-11,56,9.0,False,0.09,5.04
2021-07-12,55,9.0,,0.09,4.95
2021-07-13,62,9.0,,0.09,5.58
2021-07-14,64,9.0,,0.09,5.76
2021-07-15,67,9.0,,0.09,6.029999999999999
2021-07-16,71,9.0,,0.09,6.39
2021-07-17,63,9.0,,0.09,5.67
2021-07-18,62,9.0,False,0.09,5.58
2021-07-19,75,9.0,,0.09,6.75
2021-07-20,70,9.0,,0.09,6.3
2021-07-21,75,9.0,,0.09,6.75
2021-07-22,75,9.0,,0.09,6.75
2021-07-23,54,9.0,,0.09,4.859999999999999
2021-07-24,49,9.0,,0.09,4.41
2021-07-25,59,8.0,False,0.08,4.72
2021-07-26,84,8.0,,0.08,6.72
2021-07-27,61,8.0,,0.08,4.88
2021-07-28,55,8.0,,0.08,4.4
2021-07-29,54,8.0,,0.08,4.32
2021-07-30,45,8.0,,0.08,3.6
2021-07-31,43,8.0,,0.08,3.44
2021-08-01,38,7.0,False,0.07,2.66
2021-08-02,40,7.0,,0.07,2.8000000000000003
2021-08-03,41,7.0,,0.07,2.87
2021-08-04,37,7.0,,0.07,2.5900000000000003
2021-08-05,39,7.0,,0.07,2.7300000000000004
2021-08-06,39,7.0,,0.07,2.7300000000000004
2021-08-07,52,7.0,,0.07,3.6400000000000006
2021-08-08,78,10.0,False,0.1,7.800000000000001
2021-08-09,57,10.0,,0.1,5.7
2021-08-10,52,10.0,,0.1,5.2
2021-08-11,68,10.0,,0.1,6.800000000000001
2021-08-12,65,10.0,,0.1,6.5
2021-08-13,62,10.0,,0.1,6.2
2021-08-14,61,10.0,,0.1,6.1000000000000005
2021-08-15,86,11.0,False,0.11,9.46
2021-08-16,100,11.0,,0.11,11.0
2021-08-17,81,11.0,,0.11,8.91
2021-08-18,63,11.0,,0.11,6.93
2021-08-19,63,11.0,,0.11,6.93
2021-08-20,66,11.0,,0.11,7.26
2021-08-21,55,11.0,,0.11,6.05
2021-08-22,48,8.0,False,0.08,3.84
2021-08-23,66,8.0,,0.08,5.28
2021-08-24,67,8.0,,0.08,5.36
2021-08-25,47,8.0,,0.08,3.7600000000000002
2021-08-26,46,8.0,,0.08,3.68
2021-08-27,45,8.0,,0.08,3.6
2021-08-28,43,8.0,,0.08,3.44
2021-08-29,38,7.0,False,0.07,2.66
2021-08-30,40,7.0,,0.07,2.8000000000000003
2021-08-31,39,7.0,,0.07,2.7300000000000004
2021-09-01,78,7.0,,0.07,5.460000000000001
2021-09-02,86,7.0,,0.07,6.0200000000000005
2021-09-03,88,7.0,,0.07,6.16
2021-09-04,73,7.0,,0.07,5.11
2021-09-05,65,6.0,False,0.06,3.9
2021-09-06,76,6.0,,0.06,4.56
2021-09-07,100,6.0,,0.06,6.0
2021-09-08,85,6.0,,0.06,5.1
2021-09-09,69,6.0,,0.06,4.14
2021-09-10,53,6.0,,0.06,3.1799999999999997
2021-09-11,53,6.0,,0.06,3.1799999999999997
2021-09-12,58,6.0,False,0.06,3.48
2021-09-13,59,6.0,,0.06,3.54
2021-09-14,73,6.0,,0.06,4.38
2021-09-15,65,6.0,,0.06,3.9
2021-09-16,68,6.0,,0.06,4.08
2021-09-17,62,6.0,,0.06,3.7199999999999998
2021-09-18,49,6.0,,0.06,2.94
2021-09-19,42,6.0,False,0.06,2.52
2021-09-20,60,6.0,,0.06,3.5999999999999996
2021-09-21,72,6.0,,0.06,4.32
2021-09-22,67,6.0,,0.06,4.02
2021-09-23,69,6.0,,0.06,4.14
2021-09-24,66,6.0,,0.06,3.96
2021-09-25,47,6.0,,0.06,2.82
2021-09-26,53,4.0,False,0.04,2.12
2021-09-27,55,4.0,,0.04,2.2
2021-09-28,43,4.0,,0.04,1.72
2021-09-29,49,4.0,,0.04,1.96
2021-09-30,45,4.0,,0.04,1.8
2021-10-01,31,4.0,,0.04,1.24
2021-10-02,22,4.0,,0.04,0.88
2021-10-03,24,7.0,False,0.07,1.6800000000000002
2021-10-04,30,7.0,,0.07,2.1
2021-10-05,38,7.0,,0.07,2.66
2021-10-06,42,7.0,,0.07,2.9400000000000004
2021-10-07,37,7.0,,0.07,2.5900000000000003
2021-10-08,36,7.0,,0.07,2.5200000000000005
2021-10-09,31,7.0,,0.07,2.1700000000000004
2021-10-10,29,6.0,False,0.06,1.74
2021-10-11,32,6.0,,0.06,1.92
2021-10-12,31,6.0,,0.06,1.8599999999999999
2021-10-13,28,6.0,,0.06,1.68
2021-10-14,33,6.0,,0.06,1.98
2021-10-15,33,6.0,,0.06,1.98
2021-10-16,29,6.0,,0.06,1.74
2021-10-17,27,6.0,False,0.06,1.6199999999999999
2021-10-18,41,6.0,,0.06,2.46
2021-10-19,34,6.0,,0.06,2.04
2021-10-20,41,6.0,,0.06,2.46
2021-10-21,42,6.0,,0.06,2.52
2021-10-22,30,6.0,,0.06,1.7999999999999998
2021-10-23,32,6.0,,0.06,1.92
2021-10-24,45,11.0,False,0.11,4.95
2021-10-25,48,11.0,,0.11,5.28
2021-10-26,46,11.0,,0.11,5.06
2021-10-27,56,11.0,,0.11,6.16
2021-10-28,100,11.0,,0.11,11.0
2021-10-29,66,11.0,,0.11,7.26
2021-10-30,49,11.0,,0.11,5.39
2021-10-31,47,7.0,False,0.07,3.2900000000000005
2021-11-01,100,7.0,,0.07,7.000000000000001
2021-11-02,92,7.0,,0.07,6.44
2021-11-03,84,7.0,,0.07,5.880000000000001
2021-11-04,68,7.0,,0.07,4.760000000000001
2021-11-05,70,7.0,,0.07,4.9
2021-11-06,66,7.0,,0.07,4.62
2021-11-07,63,7.0,False,0.07,4.41
2021-11-08,85,7.0,,0.07,5.95
2021-11-09,87,7.0,,0.07,6.090000000000001
2021-11-10,64,7.0,,0.07,4.48
2021-11-11,63,7.0,,0.07,4.41
2021-11-12,62,7.0,,0.07,4.340000000000001
2021-11-13,56,7.0,,0.07,3.9200000000000004
2021-11-14,58,5.0,False,0.05,2.9000000000000004
2021-11-15,62,5.0,,0.05,3.1
2021-11-16,59,5.0,,0.05,2.95
2021-11-17,54,5.0,,0.05,2.7
2021-11-18,63,5.0,,0.05,3.1500000000000004
2021-11-19,58,5.0,,0.05,2.9000000000000004
2021-11-20,46,5.0,,0.05,2.3000000000000003
2021-11-21,53,5.0,False,0.05,2.6500000000000004
2021-11-22,50,5.0,,0.05,2.5
2021-11-23,60,5.0,,0.05,3.0
2021-11-24,50,5.0,,0.05,2.5
2021-11-25,57,5.0,,0.05,2.85
2021-11-26,54,5.0,,0.05,2.7
2021-11-27,43,5.0,,0.05,2.15
2021-11-28,45,5.0,False,0.05,2.25
2021-11-29,55,5.0,,0.05,2.75
2021-11-30,59,5.0,,0.05,2.95
2021-12-01,31,5.0,,0.05,1.55
2021-12-02,28,5.0,,0.05,1.4000000000000001
2021-12-03,28,5.0,,0.05,1.4000000000000001
2021-12-04,42,5.0,,0.05,2.1
2021-12-05,33,4.0,False,0.04,1.32
2021-12-06,31,4.0,,0.04,1.24
2021-12-07,31,4.0,,0.04,1.24
2021-12-08,24,4.0,,0.04,0.96
2021-12-09,22,4.0,,0.04,0.88
2021-12-10,21,4.0,,0.04,0.84
2021-12-11,22,4.0,,0.04,0.88
2021-12-12,21,7.0,False,0.07,1.4700000000000002
2021-12-13,25,7.0,,0.07,1.7500000000000002
2021-12-14,100,7.0,,0.07,7.000000000000001
2021-12-15,65,7.0,,0.07,4.550000000000001
2021-12-16,43,7.0,,0.07,3.0100000000000002
2021-12-17,36,7.0,,0.07,2.5200000000000005
2021-12-18,29,7.0,,0.07,2.0300000000000002
2021-12-19,27,5.0,False,0.05,1.35
2021-12-20,25,5.0,,0.05,1.25
2021-12-21,28,5.0,,0.05,1.4000000000000001
2021-12-22,29,5.0,,0.05,1.4500000000000002
2021-12-23,30,5.0,,0.05,1.5
2021-12-24,31,5.0,,0.05,1.55
2021-12-25,35,5.0,,0.05,1.75
2021-12-26,34,5.0,False,0.05,1.7000000000000002
2021-12-27,34,5.0,,0.05,1.7000000000000002
2021-12-28,28,5.0,,0.05,1.4000000000000001
2021-12-29,27,5.0,,0.05,1.35
2021-12-30,29,5.0,,0.05,1.4500000000000002
2021-12-31,21,5.0,,0.05,1.05
2022-01-01,26,5.0,,0.05,1.3
2022-01-02,29,5.0,False,0.05,1.4500000000000002
2022-01-03,29,5.0,,0.05,1.4500000000000002
2022-01-04,28,5.0,,0.05,1.4000000000000001
2022-01-05,27,5.0,,0.05,1.35
2022-01-06,35,5.0,,0.05,1.75
2022-01-07,35,5.0,,0.05,1.75
2022-01-08,30,5.0,,0.05,1.5
2022-01-09,28,7.0,False,0.07,1.9600000000000002
2022-01-10,31,7.0,,0.07,2.1700000000000004
2022-01-11,32,7.0,,0.07,2.24
2022-01-12,31,7.0,,0.07,2.1700000000000004
2022-01-13,33,7.0,,0.07,2.31
2022-01-14,100,7.0,,0.07,7.000000000000001
2022-01-15,61,7.0,,0.07,4.2700000000000005
2022-01-16,47,5.0,False,0.05,2.35
2022-01-17,34,5.0,,0.05,1.7000000000000002
2022-01-18,29,5.0,,0.05,1.4500000000000002
2022-01-19,32,5.0,,0.05,1.6
2022-01-20,33,5.0,,0.05,1.6500000000000001
2022-01-21,38,5.0,,0.05,1.9000000000000001
2022-01-22,43,5.0,,0.05,2.15
2022-01-23,37,6.0,False,0.06,2.2199999999999998
2022-01-24,38,6.0,,0.06,2.28
2022-01-25,44,6.0,,0.06,2.6399999999999997
2022-01-26,40,6.0,,0.06,2.4
2022-01-27,34,6.0,,0.06,2.04
2022-01-28,28,6.0,,0.06,1.68
2022-01-29,25,6.0,,0.06,1.5
2022-01-30,23,4.0,True,0.04,0.92
2022-01-31,23,4.0,,0.04,0.92
2022-02-01,93,4.0,,0.04,3.72
2022-02-02,87,4.0,,0.04,3.48
2022-02-03,82,4.0,,0.04,3.2800000000000002
2022-02-04,100,4.0,,0.04,4.0
