Date,Open,High,Low,Close,Adj Close,Volume,facebook_likes,twitter_followers,reddit_average_posts_48h,reddit_average_comments_48h,reddit_subscribers,reddit_accounts_active_48h,forks,stars,subscribers,total_issues,closed_issues,pull_requests_merged,pull_request_contributors,commit_count_4_weeks,idena_unscaled,idena_monthly,isPartial,scale,idena
11/08/2020,0.125496,0.13777,0.124239,0.130634,0.130634,40783,,1817.0,0.273,0.0,298,6.66666666666667,25.0,62.0,13.0,52.0,36.0,432.0,11.0,17.0,0,37.0,,0.37,0.0
12/08/2020,0.130674,0.162275,0.128384,0.138122,0.138122,65517,,1829.0,0.182,0.091,300,6.75,25.0,62.0,13.0,52.0,36.0,432.0,11.0,17.0,0,37.0,,0.37,0.0
13/08/2020,0.138128,0.138128,0.118348,0.127606,0.127606,41988,,2149.0,0.083,0.167,302,6.61538461538461,25.0,62.0,13.0,53.0,36.0,432.0,11.0,9.0,0,37.0,,0.37,0.0
14/08/2020,0.127084,0.201024,0.12167,0.201024,0.201024,104705,,,0.0,0.0,304,7.08333333333333,25.0,62.0,13.0,54.0,36.0,438.0,11.0,15.0,34,37.0,,0.37,12.58
15/08/2020,0.201097,0.202423,0.138915,0.162744,0.162744,50419,,2267.0,0.1,0.0,307,5.63636363636364,25.0,61.0,13.0,54.0,36.0,438.0,11.0,15.0,0,37.0,,0.37,0.0
16/08/2020,0.163374,0.201074,0.139444,0.196316,0.196316,57339,,2302.0,0.167,0.167,309,5.46153846153846,25.0,61.0,13.0,54.0,36.0,438.0,11.0,15.0,0,64.0,False,0.64,0.0
17/08/2020,0.196316,0.228478,0.154899,0.218131,0.218131,105653,,,0.364,0.182,312,5.33333333333333,25.0,62.0,13.0,55.0,36.0,438.0,11.0,15.0,68,64.0,,0.64,43.52
18/08/2020,0.220166,0.313713,0.217277,0.250788,0.250788,128324,,2405.0,0.273,0.182,317,6.91666666666667,24.0,62.0,13.0,55.0,36.0,438.0,11.0,15.0,67,64.0,,0.64,42.88
19/08/2020,0.250659,0.29978,0.222255,0.253025,0.253025,63229,,2427.0,0.0,0.0,319,6.53846153846154,25.0,63.0,13.0,56.0,36.0,438.0,11.0,11.0,0,64.0,,0.64,0.0
20/08/2020,0.253025,0.293909,0.237992,0.268824,0.268824,56629,,2443.0,0.0,0.167,320,6.30769230769231,25.0,63.0,13.0,56.0,36.0,438.0,11.0,11.0,69,64.0,,0.64,44.16
21/08/2020,0.268081,0.316266,0.266786,0.29112,0.29112,88220,,2473.0,0.167,0.583,323,8.07692307692308,25.0,63.0,13.0,56.0,36.0,438.0,11.0,11.0,0,64.0,,0.64,0.0
22/08/2020,0.295889,0.297243,0.267643,0.287222,0.287222,43147,,2486.0,0.182,0.545,324,7.25,25.0,64.0,13.0,56.0,36.0,438.0,11.0,11.0,0,64.0,,0.64,0.0
23/08/2020,0.288248,0.296962,0.256455,0.25967,0.25967,53466,,2527.0,0.273,0.455,327,7.91666666666667,25.0,64.0,13.0,56.0,36.0,438.0,11.0,11.0,0,21.0,False,0.21,0.0
24/08/2020,0.259592,0.274124,0.245234,0.256249,0.256249,61154,,,0.417,0.333,330,9.07692307692308,25.0,64.0,13.0,56.0,36.0,438.0,11.0,11.0,0,21.0,,0.21,0.0
25/08/2020,0.255699,0.25739,0.199215,0.237235,0.237235,65791,,2572.0,0.182,0.182,332,11.0833333333333,25.0,64.0,13.0,56.0,36.0,438.0,11.0,11.0,66,21.0,,0.21,13.86
26/08/2020,0.236942,0.282191,0.204181,0.226114,0.226114,43010,,2585.0,0.091,0.455,333,10.9166666666667,25.0,65.0,13.0,56.0,36.0,439.0,11.0,12.0,0,21.0,,0.21,0.0
27/08/2020,0.225926,0.283543,0.224021,0.255959,0.255959,51619,,2590.0,0.091,0.455,333,9.0,25.0,65.0,13.0,56.0,36.0,441.0,11.0,10.0,67,21.0,,0.21,14.07
28/08/2020,0.256194,0.297741,0.240268,0.27889,0.27889,47073,,2605.0,0.167,0.25,334,8.0,25.0,65.0,13.0,56.0,36.0,441.0,11.0,10.0,0,21.0,,0.21,0.0
29/08/2020,0.278781,0.305441,0.253365,0.270433,0.270433,44761,,2696.0,0.25,0.417,337,8.69230769230769,25.0,65.0,13.0,56.0,36.0,441.0,11.0,10.0,38,21.0,,0.21,7.979999999999999
30/08/2020,0.269816,0.302048,0.268034,0.285196,0.285196,54292,,2709.0,0.364,0.818,337,10.5,25.0,65.0,13.0,57.0,36.0,441.0,11.0,10.0,38,36.0,False,0.36,13.68
31/08/2020,0.285271,0.316882,0.277482,0.281814,0.281814,75251,,,0.0,0.455,339,9.83333333333333,25.0,65.0,13.0,57.0,37.0,441.0,11.0,9.0,0,36.0,,0.36,0.0
01/09/2020,0.281722,0.311118,0.275503,0.288933,0.288933,72414,,2740.0,0.0,0.25,339,7.23076923076923,25.0,65.0,13.0,57.0,37.0,441.0,11.0,9.0,43,36.0,,0.36,15.48
02/09/2020,0.288945,0.314289,0.250021,0.252189,0.252189,66759,,2744.0,0.0,0.083,342,6.07692307692308,25.0,65.0,13.0,57.0,37.0,441.0,11.0,9.0,0,36.0,,0.36,0.0
03/09/2020,0.252083,0.295641,0.243171,0.247463,0.247463,103716,,2746.0,0.091,0.0,342,7.25,25.0,65.0,13.0,57.0,37.0,442.0,11.0,9.0,87,36.0,,0.36,31.32
04/09/2020,0.250554,0.253007,0.185643,0.213458,0.213458,77235,,2749.0,0.091,0.0,342,8.33333333333333,25.0,65.0,13.0,57.0,37.0,442.0,11.0,9.0,89,36.0,,0.36,32.04
05/09/2020,0.213421,0.229822,0.180528,0.215829,0.215829,77967,,2756.0,0.083,0.0,345,7.46153846153846,25.0,65.0,13.0,57.0,37.0,442.0,11.0,9.0,100,36.0,,0.36,36.0
06/09/2020,0.216349,0.218211,0.173829,0.201781,0.201781,66139,,2756.0,0.083,0.0,348,7.07692307692308,25.0,65.0,13.0,57.0,37.0,442.0,11.0,9.0,50,42.0,False,0.42,21.0
07/09/2020,0.201539,0.206048,0.181287,0.188281,0.188281,66981,,,0.182,0.182,348,7.58333333333333,25.0,65.0,13.0,57.0,37.0,442.0,11.0,9.0,0,42.0,,0.42,0.0
08/09/2020,0.188347,0.193293,0.175598,0.179111,0.179111,75556,,2768.0,0.0,0.0,349,7.30769230769231,25.0,65.0,13.0,57.0,37.0,442.0,11.0,9.0,43,42.0,,0.42,18.06
09/09/2020,0.179578,0.196272,0.177,0.195198,0.195198,31861,,2771.0,0.083,0.333,349,6.61538461538461,25.0,64.0,13.0,58.0,37.0,443.0,11.0,9.0,43,42.0,,0.42,18.06
10/09/2020,0.195198,0.215412,0.187777,0.194706,0.194706,50619,,2784.0,0.083,0.333,350,6.69230769230769,25.0,64.0,13.0,59.0,37.0,443.0,11.0,9.0,0,42.0,,0.42,0.0
11/09/2020,0.194391,0.197125,0.180013,0.187714,0.187714,78176,,2791.0,0.0,0.0,350,7.30769230769231,25.0,64.0,13.0,59.0,37.0,443.0,11.0,6.0,44,42.0,,0.42,18.48
12/09/2020,0.187987,0.192868,0.176143,0.182892,0.182892,66737,,2810.0,0.0,0.0,351,7.08333333333333,25.0,64.0,13.0,59.0,38.0,443.0,11.0,3.0,50,42.0,,0.42,21.0
13/09/2020,0.182892,0.185471,0.140198,0.143976,0.143976,103602,,2829.0,0.273,0.273,352,7.5,25.0,65.0,13.0,59.0,38.0,443.0,11.0,3.0,0,41.0,False,0.41,0.0
14/09/2020,0.14315,0.14548,0.125857,0.130773,0.130773,106113,,,0.5,0.5,352,6.61538461538461,,,,,,,,,43,41.0,,0.41,17.63
15/09/2020,0.130773,0.143647,0.128023,0.141561,0.141561,95233,,2832.0,0.333,0.25,353,6.46153846153846,,,,,,,,,0,41.0,,0.41,0.0
16/09/2020,0.141555,0.149408,0.134089,0.145338,0.145338,102148,,2829.0,0.182,0.091,352,7.16666666666667,,,,,,,,,0,41.0,,0.41,0.0
17/09/2020,0.145338,0.171352,0.145031,0.164182,0.164182,224476,,2829.0,0.0,0.0,352,7.75,,,,,,,,,86,41.0,,0.41,35.26
18/09/2020,0.164182,0.204273,0.159507,0.18149,0.18149,396253,,2835.0,0.0,0.182,352,7.83333333333333,,,,,,,,,45,41.0,,0.41,18.45
19/09/2020,0.181514,0.198543,0.154639,0.181751,0.181751,63688,,2834.0,0.0,0.167,352,6.15384615384615,,,,,,,,,50,41.0,,0.41,20.5
20/09/2020,0.181451,0.19887,0.172445,0.179018,0.179018,83799,,2840.0,0.0,0.0,352,6.5,,,,,,,,,49,56.0,False,0.56,27.44
21/09/2020,0.179018,0.180265,0.144989,0.145569,0.145569,112117,,,0.0,0.0,352,7.25,,,,,,,,,42,56.0,,0.56,23.520000000000003
22/09/2020,0.145731,0.147305,0.137433,0.138025,0.138025,43168,,2850.0,0.091,0.091,352,7.66666666666667,,,,,,,,,42,56.0,,0.56,23.520000000000003
23/09/2020,0.135542,0.148881,0.135231,0.141171,0.141171,62967,,2852.0,0.167,0.167,352,7.69230769230769,,,,,,,,,86,56.0,,0.56,48.16
24/09/2020,0.141171,0.145108,0.127114,0.139567,0.139567,74129,,2851.0,0.083,0.167,352,7.38461538461539,,,,,,,,,42,56.0,,0.56,23.520000000000003
25/09/2020,0.139567,0.139691,0.122737,0.133987,0.133987,112002,,2859.0,0.0,0.091,353,8.0,,,,,,,,,46,56.0,,0.56,25.76
26/09/2020,0.133987,0.140045,0.124713,0.134377,0.134377,80550,,2859.0,0.091,0.182,353,7.5,,,,,,,,,0,56.0,,0.56,0.0
27/09/2020,0.134827,0.136966,0.124551,0.129535,0.129535,116070,,2882.0,0.083,0.167,355,7.61538461538461,,,,,,,,,0,27.0,False,0.27,0.0
28/09/2020,0.130126,0.13166,0.093511,0.126744,0.126744,188988,,,0.091,0.545,356,8.33333333333333,,,,,,,,,44,27.0,,0.27,11.88
29/09/2020,0.12684,0.13716,0.119879,0.126741,0.126741,109812,,2915.0,0.091,0.545,357,9.5,,,,,,,,,0,27.0,,0.27,0.0
30/09/2020,0.12673,0.129304,0.120271,0.123904,0.123904,31269,,2920.0,0.0,0.0,357,9.15384615384615,,,,,,,,,88,27.0,,0.27,23.76
01/10/2020,0.123899,0.128405,0.114757,0.116028,0.116028,46288,,2930.0,0.0,0.0,358,7.84615384615385,,,,,,,,,28,27.0,,0.27,7.56
02/10/2020,0.116028,0.123987,0.113296,0.114721,0.114721,46808,,2928.0,0.091,1.0,358,7.08333333333333,,,,,,,,,0,27.0,,0.27,0.0
03/10/2020,0.115643,0.117304,0.114198,0.116636,0.116636,26433,,2929.0,0.167,1.167,361,7.15384615384615,,,,,,,,,0,27.0,,0.27,0.0
04/10/2020,0.115369,0.119493,0.114946,0.116295,0.116295,44188,,2936.0,0.182,0.364,361,7.5,,,,,,,,,32,21.0,False,0.21,6.72
05/10/2020,0.116307,0.125867,0.115794,0.120187,0.120187,66703,,,0.182,0.273,361,9.41666666666667,,,,,,,,,0,21.0,,0.21,0.0
06/10/2020,0.120187,0.146502,0.116122,0.124864,0.124864,74002,,2938.0,0.167,0.5,361,9.69230769230769,,,,,,,,,0,21.0,,0.21,0.0
07/10/2020,0.124865,0.128331,0.1159,0.116993,0.116993,42431,,2938.0,0.0,0.182,362,6.75,,,,,,,,,28,21.0,,0.21,5.88
08/10/2020,0.116993,0.11924,0.11445,0.11924,0.11924,65213,,2954.0,0.0,0.0,363,6.0,,,,,,,,,57,21.0,,0.21,11.97
09/10/2020,0.119241,0.130449,0.117289,0.120294,0.120294,55915,,2955.0,0.0,0.0,363,7.46153846153846,,,,,,,,,0,21.0,,0.21,0.0
10/10/2020,0.120296,0.12694,0.120214,0.123378,0.123378,48039,,2951.0,0.0,0.0,363,9.07692307692308,,,,,,,,,0,21.0,,0.21,0.0
11/10/2020,0.123055,0.124534,0.11845,0.121102,0.121102,40837,,2952.0,0.0,0.0,363,7.16666666666667,,,,,,,,,68,11.0,False,0.11,7.48
12/10/2020,0.120129,0.134998,0.114777,0.129947,0.129947,93896,,,0.0,0.0,364,6.5,,,,,,,,,30,11.0,,0.11,3.3
13/10/2020,0.129947,0.130837,0.123535,0.124023,0.124023,48051,,2978.0,0.0,0.182,364,8.83333333333333,,,,,,,,,0,11.0,,0.11,0.0
14/10/2020,0.124023,0.127821,0.102354,0.108435,0.108435,92229,,2980.0,0.417,1.25,366,9.92307692307692,,,,,,,,,0,11.0,,0.11,0.0
15/10/2020,0.108435,0.111981,0.105214,0.109576,0.109576,88141,,2979.0,0.417,1.25,365,8.61538461538461,,,,,,,,,0,11.0,,0.11,0.0
16/10/2020,0.108232,0.111565,0.091933,0.095044,0.095044,69598,,2982.0,0.091,0.364,365,9.58333333333333,,,,,,,,,62,11.0,,0.11,6.82
17/10/2020,0.095044,0.109606,0.088126,0.107073,0.107073,37026,,2976.0,0.0,0.083,369,10.3846153846154,,,,,,,,,0,11.0,,0.11,0.0
18/10/2020,0.107073,0.107288,0.094028,0.095222,0.095222,33652,,2983.0,0.0,0.0,369,9.33333333333333,,,,,,,,,0,28.0,False,0.28,0.0
19/10/2020,0.096154,0.102817,0.093662,0.100276,0.100276,117800,,,0.083,0.083,369,8.53846153846154,,,,,,,,,0,28.0,,0.28,0.0
20/10/2020,0.101141,0.107446,0.098225,0.100151,0.100151,58271,,2981.0,0.0,0.167,369,8.76923076923077,,,,,,,,,59,28.0,,0.28,16.520000000000003
21/10/2020,0.100151,0.117793,0.099307,0.114585,0.114585,114029,,2983.0,0.0,0.182,369,9.75,,,,,,,,,30,28.0,,0.28,8.4
22/10/2020,0.114266,0.120388,0.107667,0.115198,0.115198,59938,,2982.0,0.091,0.636,369,11.25,,,,,,,,,61,28.0,,0.28,17.080000000000002
23/10/2020,0.115198,0.115338,0.106477,0.108259,0.108259,52863,,2988.0,0.0,0.0,369,14.0,,,,,,,,,62,28.0,,0.28,17.360000000000003
24/10/2020,0.108289,0.111817,0.106148,0.108077,0.108077,44457,,2993.0,0.0,0.0,369,13.3333333333333,,,,,,,,,33,28.0,,0.28,9.24
25/10/2020,0.108076,0.111709,0.104317,0.10569,0.10569,63700,,2987.0,0.091,0.0,369,10.25,,,,,,,,,100,0.0,False,0.0,0.0
26/10/2020,0.105689,0.108521,0.100314,0.104818,0.104818,112908,,,0.083,0.0,369,10.1538461538462,,,,,,,,,0,0.0,,0.0,0.0
27/10/2020,0.104838,0.110589,0.101163,0.107484,0.107484,107531,,2993.0,0.0,0.0,370,11.3076923076923,,,,,,,,,60,0.0,,0.0,0.0
28/10/2020,0.10761,0.109714,0.100445,0.102729,0.102729,65150,,,0.167,0.5,370,12.6923076923077,,,,,,,,,29,0.0,,0.0,0.0
29/10/2020,0.102711,0.106527,0.099002,0.105178,0.105178,53125,,3013.0,0.091,0.545,369,13.4166666666667,,,,,,,,,0,0.0,,0.0,0.0
30/10/2020,0.105088,0.115462,0.085784,0.096754,0.096754,26964,,3019.0,0.182,0.091,368,15.3333333333333,,,,,,,,,62,0.0,,0.0,0.0
31/10/2020,0.096601,0.102579,0.096028,0.097656,0.097656,49692,,3018.0,0.083,0.083,370,14.0769230769231,,,,,,,,,0,0.0,,0.0,0.0
01/11/2020,0.097671,0.098343,0.091967,0.09411,0.09411,41290,,3016.0,0.0,0.083,371,15.3846153846154,,,,,,,,,27,52.0,False,0.52,14.04
02/11/2020,0.094278,0.097063,0.089454,0.092027,0.092027,65697,,,0.0,0.0,371,13.5384615384615,,,,,,,,,0,52.0,,0.52,0.0
03/11/2020,0.091966,0.101068,0.09016,0.100985,0.100985,67727,,3018.0,0.0,0.0,371,11.1666666666667,,,,,,,,,23,52.0,,0.52,11.96
04/11/2020,0.101242,0.126289,0.096974,0.11806,0.11806,83118,,3017.0,0.0,0.0,373,11.5,,,,,,,,,0,52.0,,0.52,0.0
05/11/2020,0.118062,0.123722,0.113076,0.117199,0.117199,110081,,3022.0,0.0,0.0,373,11.4615384615385,,,,,,,,,0,52.0,,0.52,0.0
06/11/2020,0.117198,0.123275,0.110911,0.114141,0.114141,82384,,3016.0,0.091,0.0,373,7.91666666666667,,,,,,,,,43,52.0,,0.52,22.36
07/11/2020,0.114141,0.115919,0.104036,0.106572,0.106572,59533,,3014.0,0.0,0.0,373,6.36363636363636,,,,,,,,,24,52.0,,0.52,12.48
08/11/2020,0.106573,0.119642,0.100198,0.115059,0.115059,69897,,3012.0,0.091,0.0,373,6.08333333333333,,,,,,,,,25,33.0,False,0.33,8.25
09/11/2020,0.115064,0.123021,0.109404,0.119643,0.119643,85543,,,0.083,0.0,373,6.76923076923077,,,,,,,,,69,33.0,,0.33,22.77
10/11/2020,0.119614,0.123755,0.11331,0.118467,0.118467,64549,,3075.0,0.0,0.0,374,8.58333333333333,,,,,,,,,0,33.0,,0.33,0.0
11/11/2020,0.118483,0.121862,0.108881,0.109233,0.109233,82932,,,0.0,0.0,375,8.08333333333333,,,,,,,,,23,33.0,,0.33,7.590000000000001
12/11/2020,0.109219,0.119327,0.106386,0.119238,0.119238,91047,,3133.0,0.0,0.0,375,7.75,,,,,,,,,46,33.0,,0.33,15.18
13/11/2020,0.119239,0.120041,0.106958,0.113289,0.113289,46797,,3113.0,0.0,0.0,375,7.92307692307692,,,,,,,,,48,33.0,,0.33,15.84
14/11/2020,0.113333,0.114683,0.098091,0.100523,0.100523,47766,,3116.0,0.182,0.0,375,7.33333333333333,,,,,,,,,27,33.0,,0.33,8.91
15/11/2020,0.100473,0.10426,0.09472,0.101419,0.101419,47816,,3119.0,0.273,0.818,377,7.91666666666667,,,,,,,,,0,28.0,False,0.28,0.0
16/11/2020,0.101378,0.108634,0.10103,0.104538,0.104538,101435,,,0.273,0.909,378,7.66666666666667,,,,,,,,,46,28.0,,0.28,12.88
17/11/2020,0.101965,0.104589,0.090051,0.099101,0.099101,126993,,3126.0,0.083,0.167,378,6.46153846153846,,,,,,,,,0,28.0,,0.28,0.0
18/11/2020,0.099105,0.102417,0.090179,0.093694,0.093694,89354,,3135.0,0.273,0.091,376,7.25,,,,,,,,,0,28.0,,0.28,0.0
19/11/2020,0.093702,0.110908,0.088853,0.100268,0.100268,46840,,3137.0,0.333,0.25,375,6.23076923076923,,,,,,,,,46,28.0,,0.28,12.88
20/11/2020,0.10038,0.113103,0.096461,0.103303,0.103303,63672,,3145.0,0.083,0.25,375,6.07692307692308,,,,,,,,,0,28.0,,0.28,0.0
21/11/2020,0.103299,0.110512,0.092694,0.104274,0.104274,68854,,3149.0,0.0,0.0,376,7.38461538461539,,,,,,,,,0,28.0,,0.28,0.0
22/11/2020,0.104276,0.109963,0.097563,0.104665,0.104665,73592,,3156.0,0.0,0.0,376,7.25,,,,,,,,,77,61.0,False,0.61,46.97
23/11/2020,0.104537,0.110596,0.102696,0.103505,0.103505,69025,,,0.0,0.0,376,6.41666666666667,,,,,,,,,0,61.0,,0.61,0.0
24/11/2020,0.103484,0.105833,0.100031,0.10497,0.10497,61465,,3158.0,0.0,0.0,376,7.41666666666667,,,,,,,,,0,61.0,,0.61,0.0
25/11/2020,0.10508,0.107815,0.094914,0.097782,0.097782,64114,,3173.0,0.0,0.0,378,6.23076923076923,,,,,,,,,46,61.0,,0.61,28.06
26/11/2020,0.097654,0.098346,0.083248,0.0875,0.0875,100896,,3191.0,0.0,0.0,377,6.15384615384615,,,,,,,,,70,61.0,,0.61,42.7
27/11/2020,0.087614,0.095021,0.084701,0.089985,0.089985,33376,,3212.0,0.0,0.0,375,6.58333333333333,,,,,,,,,0,61.0,,0.61,0.0
28/11/2020,0.089984,0.098005,0.088258,0.094185,0.094185,41434,,3228.0,0.091,0.0,374,7.16666666666667,,,,,,,,,0,61.0,,0.61,0.0
29/11/2020,0.094182,0.105371,0.091178,0.103967,0.103967,48175,,3235.0,0.0,0.0,374,7.07692307692308,,,,,,,,,100,43.0,False,0.43,43.0
30/11/2020,0.103962,0.113533,0.103134,0.108686,0.108686,90169,,,0.0,0.0,377,7.15384615384615,,,,,,,,,46,43.0,,0.43,19.78
01/12/2020,0.108678,0.111779,0.097421,0.098272,0.098272,92871,,3234.0,0.083,0.0,378,8.07692307692308,,,,,,,,,22,43.0,,0.43,9.46
02/12/2020,0.098265,0.104511,0.096569,0.100371,0.100371,39556,,,0.091,0.0,379,7.41666666666667,,,,,,,,,22,43.0,,0.43,9.46
03/12/2020,0.10035,0.101223,0.093376,0.094032,0.094032,58899,,3237.0,0.0,0.0,379,7.25,,,,,,,,,0,43.0,,0.43,0.0
04/12/2020,0.094021,0.0987,0.090621,0.090621,0.090621,75241,,3233.0,0.0,0.0,379,7.0,,,,,,,,,23,43.0,,0.43,9.89
05/12/2020,0.090611,0.099226,0.087794,0.095163,0.095163,54187,,3230.0,0.0,0.0,379,6.33333333333333,,,,,,,,,25,43.0,,0.43,10.75
06/12/2020,0.095165,0.100857,0.09415,0.096609,0.096609,63148,,3235.0,0.0,0.0,381,7.38461538461539,,,,,,,,,98,54.0,False,0.54,52.92
07/12/2020,0.096641,0.100266,0.095918,0.098266,0.098266,63410,,,0.0,0.0,381,8.0,,,,,,,,,0,54.0,,0.54,0.0
08/12/2020,0.098257,0.100722,0.09181,0.093263,0.093263,71934,,3237.0,0.083,0.0,382,7.92307692307692,,,,,,,,,67,54.0,,0.54,36.18
09/12/2020,0.093269,0.09629,0.091648,0.095987,0.095987,62372,,,0.083,0.167,382,7.0,,,,,,,,,22,54.0,,0.54,11.88
10/12/2020,0.09593,0.095931,0.093294,0.094651,0.094651,30874,,3238.0,0.0,0.083,383,5.46153846153846,,,,,,,,,0,54.0,,0.54,0.0
11/12/2020,0.094606,0.094847,0.088275,0.089265,0.089265,75648,,3246.0,0.0,0.0,384,4.91666666666667,,,,,,,,,46,54.0,,0.54,24.840000000000003
12/12/2020,0.089195,0.098313,0.089195,0.097419,0.097419,63809,,3246.0,0.0,0.0,384,5.0,,,,,,,,,100,54.0,,0.54,54.0
13/12/2020,0.097459,0.100293,0.093878,0.096305,0.096305,50450,,3247.0,0.0,0.0,385,6.0,,,,,,,,,25,39.0,False,0.39,9.75
14/12/2020,0.096275,0.096924,0.093895,0.095039,0.095039,40013,,,0.091,0.0,386,6.08333333333333,,,,,,,,,0,39.0,,0.39,0.0
15/12/2020,0.094999,0.096085,0.079602,0.082003,0.082003,65489,,3247.0,0.091,0.0,386,6.0,,,,,,,,,23,39.0,,0.39,8.97
16/12/2020,0.081998,0.098752,0.07846,0.094363,0.094363,134364,,3252.0,0.0,0.0,387,5.5,,,,,,,,,0,39.0,,0.39,0.0
17/12/2020,0.094374,0.097854,0.074489,0.077785,0.077785,132302,,3250.0,0.083,0.0,387,5.61538461538461,,,,,,,,,22,39.0,,0.39,8.58
18/12/2020,0.077748,0.087326,0.07359,0.077811,0.077811,42564,,3258.0,0.083,0.083,386,5.23076923076923,,,,,,,,,97,39.0,,0.39,37.83
19/12/2020,0.077859,0.082171,0.073683,0.078399,0.078399,33792,,3259.0,0.091,0.0,386,6.16666666666667,,,,,,,,,0,39.0,,0.39,0.0
20/12/2020,0.078421,0.080651,0.073157,0.074182,0.074182,24007,,3260.0,0.0,0.0,386,7.46153846153846,,,,,,,,,26,42.0,False,0.42,10.92
21/12/2020,0.074021,0.076009,0.070417,0.073038,0.073038,24707,,,0.0,0.0,386,7.41666666666667,,,,,,,,,24,42.0,,0.42,10.08
22/12/2020,0.072831,0.084395,0.07068,0.077465,0.077465,154605,,3301.0,0.0,0.0,386,7.33333333333333,,,,,,,,,47,42.0,,0.42,19.74
23/12/2020,0.077486,0.085994,0.072068,0.077232,0.077232,153383,,3301.0,0.0,0.0,387,7.53846153846154,,,,,,,,,0,42.0,,0.42,0.0
24/12/2020,0.077163,0.08615,0.072259,0.080374,0.080374,58055,,3289.0,0.091,0.0,387,7.16666666666667,,,,,,,,,0,42.0,,0.42,0.0
25/12/2020,0.080281,0.085418,0.078297,0.083477,0.083477,43919,,3290.0,0.091,0.273,387,6.33333333333333,,,,,,,,,0,42.0,,0.42,0.0
26/12/2020,0.083452,0.092053,0.079897,0.082976,0.082976,69481,,3323.0,0.083,0.333,388,6.76923076923077,,,,,,,,,0,42.0,,0.42,0.0
27/12/2020,0.083003,0.085123,0.07658,0.07788,0.07788,93763,,3343.0,0.0,0.083,388,6.38461538461539,,,,,,,,,50,41.0,False,0.41,20.5
28/12/2020,0.077784,0.082282,0.074839,0.0789,0.0789,38081,,,0.0,0.0,388,6.75,,,,,,,,,46,41.0,,0.41,18.86
29/12/2020,0.078901,0.084668,0.075229,0.078351,0.078351,55017,,3373.0,0.0,0.0,389,7.91666666666667,,,,,,,,,48,41.0,,0.41,19.68
30/12/2020,0.078348,0.08524,0.078163,0.08045,0.08045,58860,,3384.0,0.0,0.0,389,7.16666666666667,,,,,,,,,24,41.0,,0.41,9.84
31/12/2020,0.080471,0.082919,0.077722,0.080388,0.080388,47085,,3382.0,0.0,0.0,389,7.0,,,,,,,,,0,41.0,,0.41,0.0
01/01/2021,0.080362,0.09057,0.079411,0.08648,0.08648,44741,,3382.0,0.0,0.0,389,7.69230769230769,,,,,,,,,28,41.0,,0.41,11.48
02/01/2021,0.086479,0.093316,0.083372,0.088491,0.088491,87556,,3390.0,0.0,0.0,390,7.33333333333333,,,,,,,,,26,41.0,,0.41,10.66
03/01/2021,0.088638,0.09456,0.087088,0.091237,0.091237,58723,,3393.0,0.091,0.0,391,8.58333333333333,,,,,,,,,0,49.0,False,0.49,0.0
04/01/2021,0.090994,0.09348,0.079506,0.090279,0.090279,16343,,,0.083,0.0,390,7.92307692307692,,,,,,,,,45,49.0,,0.49,22.05
05/01/2021,0.090265,0.094843,0.082736,0.093161,0.093161,17974,,3396.0,0.0,0.0,392,6.15384615384615,,,,,,,,,23,49.0,,0.49,11.27
06/01/2021,0.093161,0.108885,0.092884,0.105718,0.105718,28257,,3396.0,0.0,0.0,394,7.84615384615385,,,,,,,,,45,49.0,,0.49,22.05
07/01/2021,0.105669,0.121099,0.094077,0.108576,0.108576,70013,,3395.0,0.091,0.091,396,7.33333333333333,,,,,,,,,45,49.0,,0.49,22.05
08/01/2021,0.108482,0.114717,0.099309,0.110633,0.110633,66834,,3398.0,0.364,0.091,397,6.66666666666667,,,,,,,,,46,49.0,,0.49,22.54
09/01/2021,0.11057,0.112891,0.105409,0.110386,0.110386,36585,,3414.0,0.083,0.0,397,7.07692307692308,,,,,,,,,0,49.0,,0.49,0.0
10/01/2021,0.110383,0.114157,0.097824,0.103909,0.103909,22713,,,0.0,0.091,400,8.25,,,,,,,,,25,60.0,False,0.6,15.0
11/01/2021,0.103861,0.103861,0.082237,0.098071,0.098071,24835,,,0.182,0.273,403,7.66666666666667,,,,,,,,,44,60.0,,0.6,26.4
12/01/2021,0.09791,0.102823,0.091249,0.092976,0.092976,41129,,,0.167,0.25,404,7.53846153846154,,,,,,,,,66,60.0,,0.6,39.6
13/01/2021,0.093091,0.100869,0.088744,0.099837,0.099837,29666,,3428.0,0.0,0.0,405,7.58333333333333,,,,,,,,,0,60.0,,0.6,0.0
14/01/2021,0.099891,0.107579,0.099762,0.104939,0.104939,28243,,3442.0,0.0,0.0,405,7.07692307692308,,,,,,,,,46,60.0,,0.6,27.6
15/01/2021,0.104936,0.107264,0.092904,0.098282,0.098282,20987,,3447.0,0.167,0.0,406,7.30769230769231,,,,,,,,,47,60.0,,0.6,28.2
16/01/2021,0.098526,0.102528,0.09502,0.096572,0.096572,38256,,3453.0,0.25,0.167,407,7.76923076923077,,,,,,,,,0,60.0,,0.6,0.0
17/01/2021,0.096544,0.097858,0.088602,0.095022,0.095022,19334,,3452.0,0.182,0.182,409,7.91666666666667,,,,,,,,,25,54.0,False,0.54,13.5
18/01/2021,0.094895,0.099057,0.092888,0.096062,0.096062,11940,,,0.083,0.25,410,7.61538461538461,,,,,,,,,68,54.0,,0.54,36.72
19/01/2021,0.096029,0.100182,0.095083,0.095083,0.095083,22163,,3474.0,0.091,0.273,413,7.75,,,,,,,,,89,54.0,,0.54,48.06
20/01/2021,0.094805,0.096412,0.088342,0.093763,0.093763,18171,,3475.0,0.083,0.25,416,7.92307692307692,,,,,,,,,0,54.0,,0.54,0.0
21/01/2021,0.093582,0.093582,0.08002,0.081548,0.081548,44802,,3480.0,0.0,0.0,417,6.30769230769231,,,,,,,,,44,54.0,,0.54,23.76
22/01/2021,0.081392,0.090082,0.07623,0.086517,0.086517,33231,,3485.0,0.0,0.0,419,5.5,,,,,,,,,47,54.0,,0.54,25.380000000000003
23/01/2021,0.086687,0.088812,0.079476,0.07962,0.07962,29045,,3492.0,0.0,0.0,421,6.92307692307692,,,,,,,,,100,54.0,,0.54,54.0
24/01/2021,0.079632,0.08412,0.063781,0.082755,0.082755,13304,,3493.0,0.083,0.0,421,7.92307692307692,,,,,,,,,75,39.0,False,0.39,29.25
25/01/2021,0.082745,0.088022,0.074301,0.074887,0.074887,31813,,,0.0,0.0,421,8.0,,,,,,,,,0,39.0,,0.39,0.0
26/01/2021,0.074883,0.084511,0.072323,0.078232,0.078232,21511,,3496.0,0.0,0.083,423,7.0,,,,,,,,,45,39.0,,0.39,17.55
27/01/2021,0.078164,0.083188,0.06792,0.07176,0.07176,54484,,3496.0,0.0,0.0,424,6.91666666666667,,,,,,,,,67,39.0,,0.39,26.130000000000003
28/01/2021,0.071747,0.079141,0.070632,0.078206,0.078206,38622,,3499.0,0.0,0.0,425,7.25,,,,,,,,,0,39.0,,0.39,0.0
29/01/2021,0.080085,0.084065,0.061175,0.077707,0.077707,102872,,3504.0,0.0,0.0,426,8.75,,,,,,,,,93,39.0,,0.39,36.27
30/01/2021,0.077889,0.080111,0.074578,0.076903,0.076903,33441,,3510.0,0.0,0.0,428,7.83333333333333,,,,,,,,,51,39.0,,0.39,19.89
31/01/2021,0.076807,0.099982,0.075776,0.090228,0.090228,64254,,3504.0,0.0,0.0,430,7.30769230769231,,,,,,,,,25,28.0,False,0.28,7.000000000000001
01/02/2021,0.090148,0.090236,0.076826,0.079041,0.079041,39725,,,0.0,0.0,430,8.25,,,,,,,,,0,28.0,,0.28,0.0
02/02/2021,0.079126,0.105534,0.077815,0.104947,0.104947,73765,,3507.0,0.0,0.0,434,8.76923076923077,,,,,,,,,34,28.0,,0.28,9.52
03/02/2021,0.104986,0.117227,0.097566,0.104551,0.104551,42905,,3513.0,0.167,0.333,436,8.0,,,,,,,,,34,28.0,,0.28,9.52
04/02/2021,0.104626,0.131124,0.102695,0.122096,0.122096,63170,,3521.0,0.417,0.917,437,9.15384615384615,,,,,,,,,34,28.0,,0.28,9.52
05/02/2021,0.122057,0.13719,0.108971,0.115789,0.115789,66823,,3524.0,0.636,0.909,440,10.75,,,,,,,,,35,28.0,,0.28,9.8
06/02/2021,0.116026,0.134995,0.113768,0.113902,0.113902,72407,,3528.0,0.364,0.455,441,8.16666666666667,,,,,,,,,37,28.0,,0.28,10.36
07/02/2021,0.114016,0.11578,0.109015,0.114736,0.114736,21907,,3537.0,0.167,0.833,445,8.07692307692308,,,,,,,,,37,38.0,False,0.38,14.06
08/02/2021,0.114727,0.128628,0.104086,0.11393,0.11393,64181,,,0.25,0.667,445,8.53846153846154,,,,,,,,,0,38.0,,0.38,0.0
09/02/2021,0.114051,0.118806,0.105308,0.108649,0.108649,58806,,3538.0,0.182,0.273,449,6.16666666666667,,,,,,,,,0,38.0,,0.38,0.0
10/02/2021,0.108642,0.111679,0.100151,0.105676,0.105676,29200,,3535.0,0.091,0.091,450,8.16666666666667,,,,,,,,,34,38.0,,0.38,12.92
11/02/2021,0.105769,0.117662,0.10074,0.116057,0.116057,43309,,3539.0,0.167,0.167,453,8.07692307692308,,,,,,,,,35,38.0,,0.38,13.3
12/02/2021,0.116294,0.135279,0.113094,0.115061,0.115061,47647,,3538.0,0.167,0.417,455,7.15384615384615,,,,,,,,,0,38.0,,0.38,0.0
13/02/2021,0.114999,0.126352,0.114264,0.116943,0.116943,33206,,3540.0,0.167,0.417,455,8.38461538461539,,,,,,,,,38,38.0,,0.38,14.44
14/02/2021,0.116981,0.121606,0.115072,0.119226,0.119226,46207,,3553.0,0.091,0.091,461,9.58333333333333,,,,,,,,,75,28.0,False,0.28,21.000000000000004
15/02/2021,0.11924,0.127782,0.112097,0.116782,0.116782,37438,,,0.0,0.182,463,8.5,,,,,,,,,68,28.0,,0.28,19.040000000000003
16/02/2021,0.116785,0.123029,0.113767,0.118364,0.118364,60122,,3551.0,0.083,0.333,469,9.46153846153846,,,,,,,,,0,28.0,,0.28,0.0
17/02/2021,0.11828,0.12831,0.116817,0.126119,0.126119,12659,,3562.0,0.083,0.25,469,10.4615384615385,,,,,,,,,34,28.0,,0.28,9.52
18/02/2021,0.1261,0.129406,0.120085,0.123067,0.123067,17855,,3567.0,0.0,0.0,471,8.91666666666667,,,,,,,,,34,28.0,,0.28,9.52
19/02/2021,0.123063,0.136234,0.115335,0.136008,0.136008,72172,,3587.0,0.0,0.182,473,7.33333333333333,,,,,,,,,36,28.0,,0.28,10.080000000000002
20/02/2021,0.135983,0.236168,0.134896,0.217459,0.217459,130249,,3594.0,0.083,0.417,475,7.38461538461539,,,,,,,,,38,28.0,,0.28,10.64
21/02/2021,0.217452,0.234159,0.176471,0.22673,0.22673,87977,,3610.0,0.273,1.0,478,8.83333333333333,,,,,,,,,39,39.0,False,0.39,15.21
22/02/2021,0.226714,0.226714,0.171136,0.200214,0.200214,143345,,,0.583,2.5,483,12.8461538461538,,,,,,,,,0,39.0,,0.39,0.0
23/02/2021,0.200159,0.201518,0.15281,0.164628,0.164628,25624,,3613.0,0.417,2.25,487,13.6153846153846,,,,,,,,,68,39.0,,0.39,26.52
24/02/2021,0.164667,0.179967,0.161509,0.168434,0.168434,49543,,3628.0,0.0,0.0,489,9.16666666666667,,,,,,,,,100,39.0,,0.39,39.0
25/02/2021,0.168458,0.175442,0.15716,0.158886,0.158886,57993,,3639.0,0.0,0.0,491,8.5,,,,,,,,,67,39.0,,0.39,26.130000000000003
26/02/2021,0.15875,0.16035,0.133785,0.134029,0.134029,84749,,3638.0,0.182,0.273,494,8.58333333333333,,,,,,,,,35,39.0,,0.39,13.65
27/02/2021,0.134051,0.140884,0.125842,0.131143,0.131143,44013,,,0.0,0.167,495,8.69230769230769,,,,,,,,,39,39.0,,0.39,15.21
28/02/2021,0.131089,0.132761,0.112315,0.120351,0.120351,57739,,3650.0,0.0,0.091,497,8.66666666666667,,,,,,,,,0,27.0,False,0.27,0.0
01/03/2021,0.120373,0.140895,0.120107,0.133087,0.133087,70783,,,0.0,0.0,498,8.0,,,,,,,,,38,27.0,,0.27,10.260000000000002
02/03/2021,0.133136,0.141233,0.124297,0.128889,0.128889,62517,,3658.0,0.0,0.0,500,7.33333333333333,,,,,,,,,19,27.0,,0.27,5.130000000000001
03/03/2021,0.1289,0.140608,0.127712,0.13656,0.13656,88323,,3666.0,0.0,0.0,500,7.69230769230769,,,,,,,,,0,27.0,,0.27,0.0
04/03/2021,0.13656,0.142117,0.126554,0.128607,0.128607,112591,,3676.0,0.0,0.0,503,7.46153846153846,,,,,,,,,19,27.0,,0.27,5.130000000000001
05/03/2021,0.128597,0.140815,0.123661,0.136047,0.136047,68626,,3678.0,0.091,0.455,504,8.41666666666667,,,,,,,,,40,27.0,,0.27,10.8
06/03/2021,0.136025,0.136693,0.129277,0.135481,0.135481,42792,,3677.0,0.273,1.091,505,8.83333333333333,,,,,,,,,43,27.0,,0.27,11.61
07/03/2021,0.135457,0.142558,0.132985,0.139957,0.139957,27547,,3678.0,0.167,0.833,506,8.15384615384615,,,,,,,,,22,33.0,False,0.33,7.260000000000001
08/03/2021,0.139957,0.146833,0.134564,0.14294,0.14294,9542,,,0.0,0.083,506,7.53846153846154,,,,,,,,,19,33.0,,0.33,6.2700000000000005
09/03/2021,0.142947,0.158222,0.141671,0.150827,0.150827,22057,,3673.0,0.0,0.083,507,6.92307692307692,,,,,,,,,0,33.0,,0.33,0.0
10/03/2021,0.150942,0.160562,0.140655,0.15205,0.15205,20273,,3683.0,0.083,0.083,507,7.07692307692308,,,,,,,,,0,33.0,,0.33,0.0
11/03/2021,0.152063,0.170767,0.146708,0.159515,0.159515,57764,,3697.0,0.25,0.667,508,7.53846153846154,,,,,,,,,39,33.0,,0.33,12.87
12/03/2021,0.15952,0.165705,0.15004,0.159869,0.159869,48453,,3716.0,0.333,1.083,511,9.46153846153846,,,,,,,,,60,33.0,,0.33,19.8
13/03/2021,0.159852,0.173762,0.151069,0.169601,0.169601,35756,,3749.0,0.182,0.545,513,9.25,,,,,,,,,0,33.0,,0.33,0.0
14/03/2021,0.169559,0.173383,0.14975,0.1702,0.1702,26191,,3756.0,0.273,0.545,515,7.66666666666667,,,,,,,,,0,36.0,False,0.36,0.0
15/03/2021,0.170067,0.173665,0.144933,0.148672,0.148672,28854,,,0.182,0.182,517,7.41666666666667,,,,,,,,,16,36.0,,0.36,5.76
16/03/2021,0.148677,0.182909,0.14141,0.181901,0.181901,35091,,3783.0,0.273,0.727,515,8.16666666666667,,,,,,,,,32,36.0,,0.36,11.52
17/03/2021,0.181963,0.204453,0.167278,0.200018,0.200018,74705,,3737.0,0.182,0.364,520,9.66666666666667,,,,,,,,,0,36.0,,0.36,0.0
18/03/2021,0.200102,0.201916,0.155256,0.171176,0.171176,56812,,,0.0,0.0,521,9.33333333333333,,,,,,,,,0,36.0,,0.36,0.0
19/03/2021,0.171169,0.178316,0.164376,0.173469,0.173469,26747,,,0.0,0.0,522,7.08333333333333,,,,,,,,,0,36.0,,0.36,0.0
20/03/2021,0.173504,0.184641,0.170528,0.177501,0.177501,42258,,3715.0,0.0,0.0,523,7.15384615384615,,,,,,,,,0,36.0,,0.36,0.0
21/03/2021,0.177461,0.184104,0.162456,0.17171,0.17171,61876,,3723.0,0.0,0.0,524,8.58333333333333,,,,,,,,,22,60.0,False,0.6,13.2
22/03/2021,0.171734,0.179394,0.167396,0.168032,0.168032,69799,,,0.091,0.273,524,7.25,,,,,,,,,0,60.0,,0.6,0.0
23/03/2021,0.168009,0.190102,0.162903,0.168437,0.168437,46112,,3737.0,0.167,0.75,525,6.53846153846154,,,,,,,,,0,60.0,,0.6,0.0
24/03/2021,0.168362,0.181836,0.155359,0.157435,0.157435,102886,,3762.0,0.091,0.727,526,6.83333333333333,,,,,,,,,58,60.0,,0.6,34.8
25/03/2021,0.157446,0.159468,0.144761,0.148944,0.148944,46407,,,0.083,0.5,527,7.15384615384615,,,,,,,,,20,60.0,,0.6,12.0
26/03/2021,0.148931,0.16729,0.144427,0.163353,0.163353,41608,,3781.0,0.0,0.0,527,6.58333333333333,,,,,,,,,0,60.0,,0.6,0.0
27/03/2021,0.163407,0.172859,0.144359,0.152317,0.152317,37467,,3785.0,0.0,0.0,528,6.30769230769231,,,,,,,,,22,60.0,,0.6,13.2
28/03/2021,0.152297,0.171653,0.151642,0.164724,0.164724,31152,,3799.0,0.091,0.273,528,6.91666666666667,,,,,,,,,22,46.0,False,0.46,10.12
29/03/2021,0.16472,0.171256,0.155438,0.160543,0.160543,55862,,,0.4,1.1,529,8.36363636363636,,,,,,,,,39,46.0,,0.46,17.94
30/03/2021,0.160548,0.167763,0.156297,0.158105,0.158105,54122,,3677.0,0.364,0.818,531,11.0833333333333,,,,,,,,,100,46.0,,0.46,46.0
31/03/2021,0.158104,0.163223,0.154814,0.158547,0.158547,42726,,3678.0,0.091,0.455,534,10.25,,,,,,,,,0,46.0,,0.46,0.0
01/04/2021,0.158552,0.165015,0.156816,0.15762,0.15762,32919,,3682.0,0.333,1.167,537,9.69230769230769,,,,,,,,,32,46.0,,0.46,14.72
02/04/2021,0.15759,0.169738,0.156675,0.163441,0.163441,39809,,3691.0,0.333,1.5,537,9.92307692307692,,,,,,,,,0,46.0,,0.46,0.0
03/04/2021,0.163457,0.177176,0.16292,0.166633,0.166633,50540,,3704.0,0.273,1.273,538,9.0,,,,,,,,,35,46.0,,0.46,16.1
04/04/2021,0.166575,0.174416,0.161773,0.169801,0.169801,34522,,3721.0,0.091,0.636,538,8.08333333333333,,,,,,,,,35,11.0,False,0.11,3.85
05/04/2021,0.169821,0.181602,0.160304,0.160722,0.160722,61697,,,0.0,0.0,538,7.23076923076923,,,,,,,,,0,11.0,,0.11,0.0
06/04/2021,0.161058,0.164412,0.154455,0.156377,0.156377,22921,,3745.0,0.0,0.0,538,7.08333333333333,,,,,,,,,58,11.0,,0.11,6.38
07/04/2021,0.156274,0.163009,0.150328,0.161669,0.161669,40055,,3756.0,0.0,0.0,539,6.69230769230769,,,,,,,,,29,11.0,,0.11,3.19
08/04/2021,0.161297,0.165418,0.154233,0.157839,0.157839,2077,,3758.0,0.0,0.0,538,38.9230769230769,,,,,,,,,0,11.0,,0.11,0.0
09/04/2021,0.157868,0.167098,0.155015,0.155584,0.155584,1063,,3767.0,0.273,0.545,540,43.6666666666667,,,,,,,,,0,11.0,,0.11,0.0
10/04/2021,0.155607,0.203417,0.153735,0.156249,0.156249,63043,,3769.0,0.182,0.636,540,7.66666666666667,,,,,,,,,0,11.0,,0.11,0.0
11/04/2021,0.156256,0.167982,0.153818,0.156054,0.156054,33601,,3782.0,0.0,0.2,541,5.27272727272727,,,,,,,,,66,38.0,False,0.38,25.08
12/04/2021,0.156044,0.162046,0.153371,0.160179,0.160179,24329,,,0.0,0.0,543,5.54545454545455,,,,,,,,,0,38.0,,0.38,0.0
13/04/2021,0.160074,0.172753,0.159366,0.172744,0.172744,42189,,3799.0,0.182,0.455,546,24.4166666666667,,,,,,,,,29,38.0,,0.38,11.02
14/04/2021,0.17248,0.176864,0.166015,0.169928,0.169928,33490,,3820.0,0.091,0.182,548,25.0,,,,,,,,,0,38.0,,0.38,0.0
15/04/2021,0.170024,0.241623,0.169116,0.207011,0.207011,89824,,3831.0,0.2,0.5,549,6.27272727272727,,,,,,,,,30,38.0,,0.38,11.4
16/04/2021,0.207104,0.214402,0.18594,0.191467,0.191467,36612,,3839.0,0.182,0.818,551,6.25,,,,,,,,,0,38.0,,0.38,0.0
17/04/2021,0.191233,0.214247,0.188549,0.191132,0.191132,59319,,3846.0,0.273,0.727,558,11.0833333333333,,,,,,,,,100,38.0,,0.38,38.0
18/04/2021,0.191009,0.201703,0.157559,0.170492,0.170492,105110,,3862.0,0.273,0.636,563,12.0833333333333,,,,,,,,,33,22.0,False,0.22,7.26
19/04/2021,0.170435,0.189251,0.167147,0.172716,0.172716,28351,,,0.167,0.417,563,7.61538461538461,,,,,,,,,0,22.0,,0.22,0.0
20/04/2021,0.172448,0.18255,0.164965,0.175215,0.175215,31748,,3868.0,0.0,0.0,567,6.83333333333333,,,,,,,,,29,22.0,,0.22,6.38
21/04/2021,0.175386,0.17867,0.165458,0.168156,0.168156,43520,,3870.0,0.091,0.182,568,6.91666666666667,,,,,,,,,59,22.0,,0.22,12.98
22/04/2021,0.168177,0.184976,0.158305,0.166508,0.166508,52933,,3879.0,0.083,0.25,568,7.23076923076923,,,,,,,,,30,22.0,,0.22,6.6
23/04/2021,0.166387,0.196629,0.148715,0.187906,0.187906,78626,,3884.0,0.083,0.333,569,6.84615384615385,,,,,,,,,31,22.0,,0.22,6.82
24/04/2021,0.187902,0.21304,0.175125,0.198503,0.198503,38596,,3896.0,0.167,0.167,570,6.23076923076923,,,,,,,,,0,22.0,,0.22,0.0
25/04/2021,0.198464,0.210012,0.180732,0.191854,0.191854,51922,,3898.0,0.167,0.417,570,7.46153846153846,,,,,,,,,0,43.0,False,0.43,0.0
26/04/2021,0.191877,0.215894,0.191284,0.212697,0.212697,70605,,,0.0,0.167,573,7.0,,,,,,,,,0,43.0,,0.43,0.0
27/04/2021,0.212759,0.272328,0.205803,0.254865,0.254865,103397,,3919.0,0.0,0.273,574,8.33333333333333,,,,,,,,,29,43.0,,0.43,12.47
28/04/2021,0.255105,0.265494,0.234924,0.238628,0.238628,54352,,3923.0,0.091,0.636,578,17.25,,,,,,,,,59,43.0,,0.43,25.37
29/04/2021,0.238699,0.266063,0.231737,0.254263,0.254263,64171,,3953.0,0.182,0.545,577,21.8333333333333,,,,,,,,,88,43.0,,0.43,37.84
30/04/2021,0.254169,0.292155,0.244615,0.282275,0.282275,22227,,3958.0,0.083,0.167,578,14.2307692307692,,,,,,,,,0,43.0,,0.43,0.0
01/05/2021,0.282163,0.299685,0.277055,0.287435,0.287435,21688,,3965.0,0.083,0.25,577,23.6153846153846,,,,,,,,,84,43.0,,0.43,36.12
02/05/2021,0.287451,0.287821,0.25016,0.273407,0.273407,5918,,3980.0,0.091,0.273,578,23.9166666666667,,,,,,,,,0,33.0,False,0.33,0.0
03/05/2021,0.273455,0.28481,0.244745,0.246601,0.246601,6534,,,0.083,0.417,578,22.9230769230769,,,,,,,,,0,33.0,,0.33,0.0
04/05/2021,0.246764,0.271124,0.22966,0.230042,0.230042,6196,,3979.0,0.083,0.417,579,22.6153846153846,,,,,,,,,0,33.0,,0.33,0.0
05/05/2021,0.230273,0.27635,0.228699,0.24136,0.24136,3901,,3986.0,0.0,0.0,580,24.3333333333333,,,,,,,,,25,33.0,,0.33,8.25
06/05/2021,0.241277,0.244613,0.18783,0.197264,0.197264,19656,,4010.0,0.273,0.636,582,10.4166666666667,,,,,,,,,25,33.0,,0.33,8.25
07/05/2021,0.197398,0.216553,0.188754,0.196089,0.196089,4692,,4023.0,0.25,0.667,585,10.9230769230769,,,,,,,,,0,33.0,,0.33,0.0
08/05/2021,0.196127,0.219895,0.19117,0.194215,0.194215,6895,,4030.0,0.0,0.0,585,7.84615384615385,,,,,,,,,57,33.0,,0.33,18.81
09/05/2021,0.194338,0.211815,0.187326,0.196946,0.196946,5798,,4034.0,0.0,0.0,585,6.53846153846154,,,,,,,,,29,17.0,False,0.17,4.930000000000001
10/05/2021,0.196992,0.202159,0.180598,0.182323,0.182323,4232,,,0.0,0.0,586,5.91666666666667,,,,,,,,,0,17.0,,0.17,0.0
11/05/2021,0.182438,0.197083,0.178354,0.184616,0.184616,2505,,4052.0,0.0,0.0,588,7.16666666666667,,,,,,,,,24,17.0,,0.17,4.08
12/05/2021,0.184585,0.196885,0.16214,0.16214,0.16214,1727,,,0.091,0.182,591,7.58333333333333,,,,,,,,,25,17.0,,0.17,4.25
13/05/2021,0.159652,0.175687,0.152602,0.162797,0.162797,4288,,4070.0,0.083,0.167,592,7.84615384615385,,,,,,,,,0,17.0,,0.17,0.0
14/05/2021,0.162754,0.182577,0.159917,0.165437,0.165437,4234,,4071.0,0.091,0.364,591,8.91666666666667,,,,,,,,,0,17.0,,0.17,0.0
15/05/2021,0.16546,0.179478,0.15091,0.151321,0.151321,2026,,4080.0,0.083,0.5,591,8.30769230769231,,,,,,,,,0,17.0,,0.17,0.0
16/05/2021,0.15122,0.164387,0.144566,0.152756,0.152756,904,,4087.0,0.167,0.417,591,7.53846153846154,,,,,,,,,0,50.0,False,0.5,0.0
17/05/2021,0.152681,0.157116,0.132951,0.133134,0.133134,72883,,,0.182,0.364,593,8.66666666666667,,,,,,,,,100,50.0,,0.5,50.0
18/05/2021,0.133646,0.149366,0.126343,0.129058,0.129058,45304,,4098.0,0.0,0.091,596,8.5,,,,,,,,,75,50.0,,0.5,37.5
19/05/2021,0.128911,0.13045,0.090736,0.112283,0.112283,47568,,4097.0,0.083,1.0,599,7.38461538461539,,,,,,,,,49,50.0,,0.5,24.5
20/05/2021,0.111819,0.152466,0.103587,0.140948,0.140948,45812,,4105.0,0.091,1.091,602,7.5,,,,,,,,,0,50.0,,0.5,0.0
21/05/2021,0.141465,0.148367,0.099517,0.108192,0.108192,43025,,4116.0,0.091,0.364,602,7.66666666666667,,,,,,,,,52,50.0,,0.5,26.0
22/05/2021,0.108385,0.114461,0.103726,0.113314,0.113314,28777,,4117.0,0.0,0.0,602,8.83333333333333,,,,,,,,,28,50.0,,0.5,14.0
23/05/2021,0.11338,0.115725,0.094876,0.113718,0.113718,73478,,4114.0,0.0,0.0,617,9.33333333333333,,,,,,,,,0,33.0,False,0.33,0.0
24/05/2021,0.113313,0.129073,0.11177,0.126704,0.126704,54284,,,0.083,0.25,617,8.15384615384615,,,,,,,,,25,33.0,,0.33,8.25
25/05/2021,0.126998,0.130214,0.118506,0.125656,0.125656,4097,,4122.0,0.083,0.25,617,8.30769230769231,,,,,,,,,0,33.0,,0.33,0.0
26/05/2021,0.125957,0.132979,0.106933,0.124202,0.124202,43798,,4129.0,0.0,0.0,621,11.6666666666667,,,,,,,,,0,33.0,,0.33,0.0
27/05/2021,0.12412,0.125934,0.115915,0.117023,0.117023,49385,,4129.0,0.0,0.0,622,34.6923076923077,,,,,,,,,25,33.0,,0.33,8.25
28/05/2021,0.117034,0.118309,0.105868,0.108586,0.108586,56727,,4131.0,0.0,0.0,625,32.3846153846154,,,,,,,,,27,33.0,,0.33,8.91
29/05/2021,0.108685,0.113386,0.101674,0.105275,0.105275,23397,,4133.0,0.0,0.0,627,9.16666666666667,,,,,,,,,0,33.0,,0.33,0.0
30/05/2021,0.105374,0.117132,0.100772,0.113281,0.113281,36216,,4134.0,0.0,0.0,628,10.7692307692308,,,,,,,,,0,51.0,False,0.51,0.0
31/05/2021,0.113338,0.12093,0.108789,0.118982,0.118982,53661,,,0.091,0.182,630,10.8333333333333,,,,,,,,,26,51.0,,0.51,13.26
01/06/2021,0.119039,0.122036,0.113603,0.118025,0.118025,48849,,4156.0,0.0,0.182,631,11.1666666666667,,,,,,,,,29,51.0,,0.51,14.79
02/06/2021,0.118084,0.120836,0.111831,0.113072,0.113072,25532,,4162.0,0.0,0.091,632,37.3333333333333,,,,,,,,,0,51.0,,0.51,0.0
03/06/2021,0.112973,0.119844,0.111963,0.118781,0.118781,57095,,4175.0,0.167,0.583,633,35.1538461538462,,,,,,,,,0,51.0,,0.51,0.0
04/06/2021,0.118896,0.119243,0.107956,0.111546,0.111546,59093,,4175.0,0.273,1.182,634,12.0833333333333,,,,,,,,,61,51.0,,0.51,31.11
05/06/2021,0.111495,0.117382,0.105384,0.109793,0.109793,41735,,4180.0,0.182,1.273,637,11.8333333333333,,,,,,,,,0,51.0,,0.51,0.0
06/06/2021,0.109806,0.110754,0.106215,0.110302,0.110302,26692,,4184.0,0.091,1.273,642,12.6666666666667,,,,,,,,,0,28.0,False,0.28,0.0
07/06/2021,0.110327,0.11391,0.100475,0.101559,0.101559,60798,,,0.25,1.0,644,15.1538461538462,,,,,,,,,56,28.0,,0.28,15.68
08/06/2021,0.101368,0.10338,0.093967,0.100452,0.100452,96175,,4207.0,0.167,0.917,645,17.4615384615385,,,,,,,,,85,28.0,,0.28,23.8
09/06/2021,0.100433,0.114152,0.097449,0.113404,0.113404,62935,,,0.182,0.636,645,16.3333333333333,,,,,,,,,29,28.0,,0.28,8.120000000000001
10/06/2021,0.113567,0.116592,0.107912,0.110522,0.110522,55542,,4222.0,0.333,1.083,646,13.0769230769231,,,,,,,,,0,28.0,,0.28,0.0
11/06/2021,0.110545,0.113724,0.108269,0.113217,0.113217,37980,,4221.0,0.273,0.636,648,11.3333333333333,,,,,,,,,59,28.0,,0.28,16.520000000000003
12/06/2021,0.1134,0.113625,0.105463,0.105821,0.105821,2422,,,0.0,0.091,651,12.0,,,,,,,,,99,28.0,,0.28,27.72
13/06/2021,0.10595,0.117539,0.101726,0.113883,0.113883,5487,,4314.0,0.091,0.455,652,13.6666666666667,,,,,,,,,0,16.0,False,0.16,0.0
14/06/2021,0.113896,0.124424,0.112963,0.118168,0.118168,4333,,,0.091,0.364,654,13.1666666666667,,,,,,,,,0,16.0,,0.16,0.0
15/06/2021,0.122234,0.127003,0.117272,0.121176,0.121176,62690,,4593.0,0.182,0.273,657,13.9166666666667,,,,,,,,,28,16.0,,0.16,4.48
16/06/2021,0.119293,0.122818,0.097747,0.114854,0.114854,54340,,,0.273,1.091,658,13.6666666666667,,,,,,,,,0,16.0,,0.16,0.0
17/06/2021,0.114881,0.120381,0.102245,0.109782,0.109782,4645,,4755.0,0.364,0.909,659,13.6666666666667,,,,,,,,,0,16.0,,0.16,0.0
18/06/2021,0.109782,0.113377,0.101759,0.102933,0.102933,33681,,4813.0,0.364,1.091,664,13.25,,,,,,,,,30,16.0,,0.16,4.8
19/06/2021,0.103127,0.105622,0.096008,0.09675,0.09675,8074,,4839.0,0.273,0.727,667,11.25,,,,,,,,,65,16.0,,0.16,10.4
20/06/2021,0.096606,0.099183,0.091547,0.098883,0.098883,17452,,4869.0,0.25,0.417,669,34.5384615384615,,,,,,,,,0,51.0,False,0.51,0.0
21/06/2021,0.098883,0.099965,0.086379,0.087283,0.087283,50782,,,0.0,0.083,670,35.5384615384615,,,,,,,,,29,51.0,,0.51,14.79
22/06/2021,0.08743,0.094239,0.081734,0.089562,0.089562,61410,,4978.0,0.091,0.182,672,12.25,,,,,,,,,58,51.0,,0.51,29.58
23/06/2021,0.089657,0.094796,0.087635,0.0922,0.0922,23973,,4988.0,0.25,0.417,675,9.69230769230769,,,,,,,,,57,51.0,,0.51,29.07
24/06/2021,0.091657,0.102495,0.084656,0.090398,0.090398,31826,,4991.0,0.273,0.545,678,10.3333333333333,,,,,,,,,30,51.0,,0.51,15.3
25/06/2021,0.090348,0.093423,0.077651,0.08408,0.08408,37850,,5017.0,0.1,0.4,679,11.6363636363636,,,,,,,,,31,51.0,,0.51,15.81
26/06/2021,0.084046,0.085369,0.074164,0.082224,0.082224,33942,,5035.0,0.0,0.0,679,12.5,,,,,,,,,100,51.0,,0.51,51.0
27/06/2021,0.082447,0.089781,0.082447,0.089301,0.089301,46458,,5051.0,0.0,0.0,679,13.5833333333333,,,,,,,,,0,34.0,False,0.34,0.0
28/06/2021,0.089424,0.095282,0.085553,0.086804,0.086804,25818,,,0.0,0.0,679,12.5833333333333,,,,,,,,,29,34.0,,0.34,9.86
29/06/2021,0.086754,0.092907,0.084403,0.089426,0.089426,52599,,5085.0,0.0,0.0,679,12.7692307692308,,,,,,,,,87,34.0,,0.34,29.58
30/06/2021,0.08928,0.089873,0.080248,0.08239,0.08239,21840,,,0.0,0.0,681,13.4166666666667,,,,,,,,,0,34.0,,0.34,0.0
01/07/2021,0.082408,0.082408,0.077368,0.078988,0.078988,23039,,5144.0,0.0,0.0,681,13.25,,,,,,,,,0,34.0,,0.34,0.0
02/07/2021,0.079074,0.081315,0.076882,0.079708,0.079708,37831,,5161.0,0.0,0.0,682,14.5384615384615,,,,,,,,,0,34.0,,0.34,0.0
03/07/2021,0.079604,0.08332,0.072675,0.074684,0.074684,27010,,5165.0,0.0,0.0,684,16.2307692307692,,,,,,,,,36,34.0,,0.34,12.24
04/07/2021,0.074674,0.105257,0.074343,0.078735,0.078735,27414,,5172.0,0.083,0.167,685,64.5384615384615,,,,,,,,,0,23.0,False,0.23,0.0
05/07/2021,0.078755,0.079035,0.070606,0.074714,0.074714,24870,,,0.167,0.167,685,62.8461538461538,,,,,,,,,66,23.0,,0.23,15.18
06/07/2021,0.074546,0.082199,0.072628,0.073284,0.073284,20369,,5204.0,0.182,0.364,686,13.75,,,,,,,,,32,23.0,,0.23,7.36
07/07/2021,0.073355,0.080719,0.065533,0.075848,0.075848,38987,,5210.0,0.273,1.0,686,11.5833333333333,,,,,,,,,0,23.0,,0.23,0.0
08/07/2021,0.075884,0.076002,0.065856,0.070285,0.070285,54348,,5217.0,0.091,0.455,686,10.6666666666667,,,,,,,,,33,23.0,,0.23,7.590000000000001
09/07/2021,0.070355,0.075546,0.069301,0.075149,0.075149,11513,,5215.0,0.0,0.091,687,11.4166666666667,,,,,,,,,0,23.0,,0.23,0.0
10/07/2021,0.075005,0.07592,0.07227,0.07441,0.07441,23842,,5210.0,0.0,0.0,687,11.0,,,,,,,,,37,23.0,,0.23,8.51
11/07/2021,0.074438,0.084012,0.073944,0.082495,0.082495,39074,,5209.0,0.0,0.0,687,13.25,,,,,,,,,0,46.0,False,0.46,0.0
12/07/2021,0.082506,0.089194,0.079123,0.082881,0.082881,60184,,,0.0,0.0,687,12.0769230769231,,,,,,,,,32,46.0,,0.46,14.72
13/07/2021,0.082874,0.084189,0.078392,0.07977,0.07977,35129,,5215.0,0.0,0.0,687,11.5833333333333,,,,,,,,,0,46.0,,0.46,0.0
14/07/2021,0.079786,0.081969,0.076907,0.080395,0.080395,49020,,5212.0,0.0,0.0,688,11.5454545454545,,,,,,,,,65,46.0,,0.46,29.9
15/07/2021,0.080396,0.082147,0.075596,0.07854,0.07854,33151,,5227.0,0.0,0.0,689,38.8333333333333,,,,,,,,,0,46.0,,0.46,0.0
16/07/2021,0.078715,0.096845,0.075252,0.094795,0.094795,62098,,5225.0,0.0,0.0,690,39.0833333333333,,,,,,,,,34,46.0,,0.46,15.64
17/07/2021,0.094776,0.096964,0.09359,0.094073,0.094073,35620,,5225.0,0.083,0.417,690,12.3846153846154,,,,,,,,,37,46.0,,0.46,17.02
18/07/2021,0.094094,0.096634,0.092825,0.094399,0.094399,10393,,5233.0,0.0,0.0,690,13.8461538461538,,,,,,,,,0,47.0,False,0.47,0.0
19/07/2021,0.094431,0.094602,0.090741,0.092006,0.092006,4491,,,0.0,0.0,690,36.1538461538462,,,,,,,,,100,47.0,,0.47,47.0
20/07/2021,0.092011,0.092574,0.087716,0.089013,0.089013,6968,,5238.0,0.0,0.0,690,35.3846153846154,,,,,,,,,0,47.0,,0.47,0.0
21/07/2021,0.088998,0.096662,0.088158,0.09403,0.09403,4397,,5248.0,0.0,0.0,691,11.3846153846154,,,,,,,,,0,47.0,,0.47,0.0
22/07/2021,0.094036,0.105254,0.092323,0.096667,0.096667,18233,,5268.0,0.25,1.333,691,13.7692307692308,,,,,,,,,34,47.0,,0.47,15.98
23/07/2021,0.096641,0.101379,0.092985,0.101371,0.101371,36534,,5301.0,0.333,2.0,691,14.9230769230769,,,,,,,,,34,47.0,,0.47,15.98
24/07/2021,0.101437,0.102741,0.096033,0.101472,0.101472,66742,,5305.0,0.182,0.636,693,14.0,,,,,,,,,0,47.0,,0.47,0.0
25/07/2021,0.101526,0.10638,0.098592,0.106339,0.106339,50018,,5306.0,0.091,0.091,695,13.1666666666667,,,,,,,,,0,28.0,False,0.28,0.0
26/07/2021,0.106335,0.116773,0.105713,0.108387,0.108387,75353,,,0.333,0.417,694,11.9230769230769,,,,,,,,,65,28.0,,0.28,18.200000000000003
27/07/2021,0.108279,0.117652,0.105061,0.115502,0.115502,39138,,5322.0,0.364,1.0,696,11.1666666666667,,,,,,,,,32,28.0,,0.28,8.96
28/07/2021,0.115784,0.123665,0.113333,0.115903,0.115903,52540,,,0.182,0.909,695,13.1666666666667,,,,,,,,,64,28.0,,0.28,17.92
29/07/2021,0.115838,0.120932,0.111883,0.114093,0.114093,83022,,5330.0,0.083,0.5,695,13.4615384615385,,,,,,,,,0,28.0,,0.28,0.0
30/07/2021,0.114146,0.120336,0.108228,0.120336,0.120336,77875,,5328.0,0.167,0.083,696,14.0,,,,,,,,,0,28.0,,0.28,0.0
31/07/2021,0.12064,0.134652,0.11571,0.123897,0.123897,54359,,5331.0,0.364,0.818,697,12.3333333333333,,,,,,,,,73,28.0,,0.28,20.44
01/08/2021,0.123658,0.129877,0.117567,0.118873,0.118873,52253,,5341.0,0.182,0.545,696,10.0,,,,,,,,,74,40.0,False,0.4,29.6
02/08/2021,0.118597,0.119571,0.111665,0.116704,0.116704,96906,,,0.0,0.25,696,9.53846153846154,,,,,,,,,66,40.0,,0.4,26.4
03/08/2021,0.116781,0.117241,0.105561,0.116198,0.116198,140433,,5345.0,0.0,0.417,697,13.2307692307692,,,,,,,,,44,40.0,,0.4,17.6
04/08/2021,0.116249,0.122415,0.110381,0.116703,0.116703,126978,,5355.0,0.167,0.583,697,13.5384615384615,,,,,,,,,44,40.0,,0.4,17.6
05/08/2021,0.116633,0.139457,0.107103,0.127561,0.127561,115301,,,0.273,1.909,697,12.5833333333333,,,,,,,,,0,40.0,,0.4,0.0
06/08/2021,0.127555,0.128162,0.114471,0.122184,0.122184,97820,,5367.0,0.273,0.909,699,42.4166666666667,,,,,,,,,45,40.0,,0.4,18.0
07/08/2021,0.121987,0.127249,0.120518,0.125116,0.125116,104358,,5375.0,0.333,0.583,704,68.0769230769231,,,,,,,,,0,40.0,,0.4,0.0
08/08/2021,0.124773,0.132178,0.121476,0.127537,0.127537,123254,,5396.0,0.273,0.364,710,41.3333333333333,,,,,,,,,100,57.0,False,0.57,56.99999999999999
09/08/2021,0.127663,0.131037,0.121387,0.128072,0.128072,98116,,,0.0,0.364,713,11.5833333333333,,,,,,,,,22,57.0,,0.57,12.54
10/08/2021,0.12829,0.137444,0.122178,0.131759,0.131759,163083,,5444.0,0.182,1.091,715,12.4166666666667,,,,,,,,,0,57.0,,0.57,0.0
11/08/2021,0.131827,0.149157,0.124919,0.131217,0.131217,249575,,,0.0,0.364,715,12.9166666666667,,,,,,,,,0,57.0,,0.57,0.0
12/08/2021,0.131169,0.134872,0.113222,0.117067,0.117067,232052,,5514.0,0.273,1.455,719,16.9166666666667,,,,,,,,,90,57.0,,0.57,51.3
13/08/2021,0.117057,0.123597,0.114515,0.119943,0.119943,123463,,5521.0,0.273,1.545,719,16.4166666666667,,,,,,,,,0,57.0,,0.57,0.0
14/08/2021,0.119987,0.12066,0.113482,0.119571,0.119571,92288,,5524.0,0.0,0.182,725,13.3333333333333,,,,,,,,,49,57.0,,0.57,27.93
15/08/2021,0.119571,0.119571,0.113209,0.11824,0.11824,71818,,5532.0,0.091,0.455,727,11.0,,,,,,,,,0,45.0,False,0.45,0.0
16/08/2021,0.118172,0.119798,0.1133,0.114925,0.114925,65404,,,0.083,0.833,728,12.2307692307692,,,,,,,,,22,45.0,,0.45,9.9
17/08/2021,0.114819,0.119809,0.10652,0.109064,0.109064,108387,,5545.0,0.083,0.833,727,13.9230769230769,,,,,,,,,22,45.0,,0.45,9.9
18/08/2021,0.109053,0.116359,0.108139,0.109007,0.109007,140391,,5552.0,0.083,0.333,728,12.4615384615385,,,,,,,,,0,45.0,,0.45,0.0
19/08/2021,0.108952,0.116223,0.101535,0.115083,0.115083,179049,,5571.0,0.182,1.727,729,12.5833333333333,,,,,,,,,22,45.0,,0.45,9.9
20/08/2021,0.115113,0.12204,0.107245,0.120087,0.120087,259524,,5582.0,0.0,1.833,733,12.6923076923077,,,,,,,,,0,45.0,,0.45,0.0
21/08/2021,0.12008,0.127422,0.101381,0.125415,0.125415,211890,,5593.0,0.083,0.75,734,9.76923076923077,,,,,,,,,24,45.0,,0.45,10.8
22/08/2021,0.125355,0.13406,0.117045,0.124337,0.124337,208759,,5605.0,0.0,0.273,736,6.5,,,,,,,,,0,30.0,False,0.3,0.0
23/08/2021,0.12431,0.132117,0.113234,0.127944,0.127944,228606,,,0.091,0.182,738,4.5,,,,,,,,,0,30.0,,0.3,0.0
24/08/2021,0.127973,0.130227,0.11588,0.120966,0.120966,196327,,5613.0,0.083,0.75,738,4.61538461538461,,,,,,,,,33,30.0,,0.3,9.9
25/08/2021,0.120403,0.145846,0.117139,0.143493,0.143493,225800,,5619.0,0.0,0.0,740,6.76923076923077,,,,,,,,,22,30.0,,0.3,6.6
26/08/2021,0.143487,0.14674,0.129591,0.135359,0.135359,193577,,5629.0,0.091,0.727,740,8.25,,,,,,,,,65,30.0,,0.3,19.5
27/08/2021,0.135363,0.156639,0.132381,0.150245,0.150245,263138,,5641.0,0.083,0.417,740,7.0,,,,,,,,,22,30.0,,0.3,6.6
28/08/2021,0.152252,0.154717,0.130049,0.144952,0.144952,338666,,5654.0,0.0,0.25,743,7.46153846153846,,,,,,,,,0,30.0,,0.3,0.0
29/08/2021,0.14515,0.148663,0.13228,0.132896,0.132896,225131,,5656.0,0.0,0.083,744,7.84615384615385,,,,,,,,,0,59.0,False,0.59,0.0
30/08/2021,0.132851,0.137891,0.12725,0.132026,0.132026,336173,,,0.0,0.0,748,23.0833333333333,,,,,,,,,22,59.0,,0.59,12.98
31/08/2021,0.132092,0.134554,0.121524,0.127748,0.127748,272697,,5684.0,0.083,0.667,749,21.0769230769231,,,,,,,,,67,59.0,,0.59,39.53
01/09/2021,0.127088,0.135514,0.114884,0.134125,0.134125,254285,,,0.333,1.167,750,8.0,,,,,,,,,0,59.0,,0.59,0.0
02/09/2021,0.134084,0.135876,0.130142,0.133391,0.133391,148976,,5708.0,0.273,1.0,752,7.83333333333333,,,,,,,,,45,59.0,,0.59,26.55
03/09/2021,0.13336,0.136952,0.130808,0.133521,0.133521,99941,,5710.0,0.091,0.364,752,10.25,,,,,,,,,92,59.0,,0.59,54.28
04/09/2021,0.133665,0.146235,0.131188,0.141018,0.141018,125324,,5712.0,0.091,0.273,752,10.0,,,,,,,,,51,59.0,,0.59,30.09
05/09/2021,0.141017,0.141017,0.13372,0.136323,0.136323,128887,,5710.0,0.0,0.25,755,6.69230769230769,,,,,,,,,0,62.0,False,0.62,0.0
06/09/2021,0.136342,0.145262,0.134896,0.14385,0.14385,109140,,,0.167,1.25,757,7.69230769230769,,,,,,,,,45,62.0,,0.62,27.9
07/09/2021,0.143853,0.144513,0.122546,0.132496,0.132496,122770,,5723.0,0.273,2.182,757,11.25,,,,,,,,,90,62.0,,0.62,55.8
08/09/2021,0.132528,0.136353,0.127861,0.129217,0.129217,170522,,,0.083,1.167,759,9.38461538461539,,,,,,,,,45,62.0,,0.62,27.9
09/09/2021,0.129081,0.132481,0.126232,0.130959,0.130959,161569,,,0.083,0.167,760,15.8461538461538,,,,,,,,,45,62.0,,0.62,27.9
10/09/2021,0.13097,0.137542,0.128439,0.130571,0.130571,159084,,5747.0,0.091,0.636,762,17.5833333333333,,,,,,,,,46,62.0,,0.62,28.52
11/09/2021,0.130544,0.142642,0.13003,0.136619,0.136619,151536,,5748.0,0.0,0.0,763,9.08333333333333,,,,,,,,,50,62.0,,0.62,31.0
12/09/2021,0.136655,0.139821,0.130212,0.135765,0.135765,170012,,5760.0,0.0,0.0,766,8.66666666666667,,,,,,,,,0,36.0,False,0.36,0.0
13/09/2021,0.135725,0.136412,0.122076,0.129389,0.129389,160643,,,0.0,0.091,767,8.33333333333333,,,,,,,,,87,36.0,,0.36,31.32
14/09/2021,0.129375,0.1491,0.127397,0.139995,0.139995,161460,,5789.0,0.0,0.167,769,9.38461538461539,,,,,,,,,0,36.0,,0.36,0.0
15/09/2021,0.140049,0.15058,0.13551,0.140813,0.140813,164702,,5814.0,0.083,0.417,772,10.4615384615385,,,,,,,,,0,36.0,,0.36,0.0
16/09/2021,0.140839,0.154966,0.138312,0.149604,0.149604,250506,,5845.0,0.091,0.273,772,10.0,,,,,,,,,45,36.0,,0.36,16.2
17/09/2021,0.149659,0.154356,0.141858,0.144428,0.144428,194071,,5868.0,0.545,1.727,773,9.66666666666667,,,,,,,,,46,36.0,,0.36,16.56
18/09/2021,0.144417,0.154506,0.142776,0.150084,0.150084,195672,,5884.0,0.25,1.417,776,10.3846153846154,,,,,,,,,100,36.0,,0.36,36.0
19/09/2021,0.150137,0.1542,0.144719,0.146664,0.146664,149134,,5905.0,0.0,0.091,778,11.9166666666667,,,,,,,,,0,53.0,False,0.53,0.0
20/09/2021,0.146412,0.148545,0.12619,0.129698,0.129698,184795,,,0.25,3.75,779,10.9230769230769,,,,,,,,,0,53.0,,0.53,0.0
21/09/2021,0.12957,0.138451,0.119298,0.123999,0.123999,165962,,5962.0,0.417,2.583,786,9.15384615384615,,,,,,,,,0,53.0,,0.53,0.0
22/09/2021,0.124156,0.128592,0.118621,0.12774,0.12774,196207,,5989.0,0.273,1.818,786,10.0,,,,,,,,,85,53.0,,0.53,45.05
23/09/2021,0.127752,0.135879,0.124666,0.130014,0.130014,184844,,6113.0,0.091,1.182,789,11.25,,,,,,,,,0,53.0,,0.53,0.0
24/09/2021,0.129987,0.132555,0.113876,0.121688,0.121688,166951,,6177.0,0.167,1.417,791,23.5384615384615,,,,,,,,,0,53.0,,0.53,0.0
25/09/2021,0.121741,0.125697,0.116924,0.121829,0.121829,126863,,,0.091,1.0,792,39.8333333333333,,,,,,,,,0,53.0,,0.53,0.0
26/09/2021,0.121799,0.121799,0.111852,0.117744,0.117744,110056,,,0.091,0.364,794,26.4166666666667,,,,,,,,,0,47.0,False,0.47,0.0
27/09/2021,0.117729,0.121778,0.115629,0.115697,0.115697,105638,,6245.0,0.167,0.5,796,9.61538461538461,,,,,,,,,87,47.0,,0.47,40.89
28/09/2021,0.115706,0.120484,0.109849,0.110574,0.110574,103591,,6270.0,0.364,1.091,807,10.1666666666667,,,,,,,,,0,47.0,,0.47,0.0
29/09/2021,0.110627,0.119613,0.110473,0.115389,0.115389,113607,,6301.0,0.417,0.417,808,10.7692307692308,,,,,,,,,86,47.0,,0.47,40.42
30/09/2021,0.115416,0.121218,0.113766,0.120761,0.120761,130050,,,0.333,0.667,811,10.5384615384615,,,,,,,,,43,47.0,,0.47,20.21
01/10/2021,0.120794,0.128584,0.11945,0.125843,0.125843,143337,,,0.083,0.333,812,10.6153846153846,,,,,,,,,33,47.0,,0.47,15.51
02/10/2021,0.125818,0.126806,0.121602,0.123542,0.123542,119510,,6382.0,0.0,0.273,813,9.91666666666667,,,,,,,,,36,47.0,,0.47,16.919999999999998
03/10/2021,0.123547,0.125805,0.120692,0.121885,0.121885,128879,,6379.0,0.0,0.083,814,10.0769230769231,,,,,,,,,0,18.0,False,0.18,0.0
04/10/2021,0.121883,0.122865,0.115556,0.117265,0.117265,183354,,,0.167,0.0,815,10.6923076923077,,,,,,,,,0,18.0,,0.18,0.0
05/10/2021,0.117278,0.12574,0.117278,0.122032,0.122032,162446,,6412.0,0.273,0.091,817,8.83333333333333,,,,,,,,,21,18.0,,0.18,3.78
06/10/2021,0.12206,0.126846,0.116104,0.123138,0.123138,128866,,6450.0,0.083,0.167,818,24.5384615384615,,,,,,,,,65,18.0,,0.18,11.7
07/10/2021,0.123125,0.124574,0.11651,0.118145,0.118145,130192,,6478.0,0.091,0.091,818,41.6666666666667,,,,,,,,,21,18.0,,0.18,3.78
08/10/2021,0.118151,0.119393,0.115886,0.116961,0.116961,120075,,,0.091,0.0,818,24.0,,,,,,,,,45,18.0,,0.18,8.1
09/10/2021,0.116988,0.121802,0.115218,0.115963,0.115963,95188,,6507.0,0.083,0.0,818,8.23076923076923,,,,,,,,,100,18.0,,0.18,18.0
10/10/2021,0.115988,0.118227,0.108437,0.109342,0.109342,82582,,,0.091,0.273,818,8.16666666666667,,,,,,,,,25,46.0,False,0.46,11.5
11/10/2021,0.109228,0.118625,0.102028,0.106387,0.106387,100229,,,0.273,0.364,825,25.5833333333333,,,,,,,,,87,46.0,,0.46,40.02
12/10/2021,0.106335,0.112351,0.097019,0.108417,0.108417,143215,,6605.0,0.25,0.167,828,24.4615384615385,,,,,,,,,66,46.0,,0.46,30.360000000000003
13/10/2021,0.108497,0.10963,0.101539,0.103874,0.103874,197751,,6643.0,0.0,0.0,832,8.84615384615385,,,,,,,,,67,46.0,,0.46,30.82
14/10/2021,0.103888,0.108158,0.099845,0.099891,0.099891,153079,,,0.0,0.091,832,9.66666666666667,,,,,,,,,88,46.0,,0.46,40.48
15/10/2021,0.099886,0.106667,0.099682,0.105467,0.105467,110748,,6751.0,0.0,0.167,833,10.2307692307692,,,,,,,,,91,46.0,,0.46,41.86
16/10/2021,0.105414,0.105867,0.099752,0.103278,0.103278,85260,,6760.0,0.0,0.0,834,9.46153846153846,,,,,,,,,50,46.0,,0.46,23.0
17/10/2021,0.103226,0.103226,0.094695,0.097349,0.097349,95731,,6815.0,0.0,0.0,834,9.58333333333333,,,,,,,,,25,45.0,False,0.45,11.25
18/10/2021,0.097329,0.10053,0.093203,0.100103,0.100103,100386,,,0.091,0.0,836,8.08333333333333,,,,,,,,,22,45.0,,0.45,9.9
19/10/2021,0.100126,0.101782,0.092519,0.096997,0.096997,227212,,6822.0,0.091,0.0,835,6.91666666666667,,,,,,,,,21,45.0,,0.45,9.45
20/10/2021,0.097015,0.103887,0.094487,0.101565,0.101565,141381,,6830.0,0.0,0.0,835,7.61538461538461,,,,,,,,,64,45.0,,0.45,28.8
21/10/2021,0.101595,0.107051,0.09818,0.100745,0.100745,153411,,,0.091,0.0,837,9.83333333333333,,,,,,,,,44,45.0,,0.45,19.8
22/10/2021,0.100686,0.103688,0.097433,0.099781,0.099781,99789,,6846.0,0.091,0.091,837,9.08333333333333,,,,,,,,,22,45.0,,0.45,9.9
23/10/2021,0.099763,0.101297,0.096936,0.097707,0.097707,126385,,6842.0,0.0,0.083,837,9.07692307692308,,,,,,,,,25,45.0,,0.45,11.25
24/10/2021,0.097706,0.099303,0.094566,0.096369,0.096369,116193,,,0.0,0.0,838,10.0,,,,,,,,,0,16.0,False,0.16,0.0
25/10/2021,0.096355,0.105298,0.096312,0.103675,0.103675,128140,,,0.0,0.0,840,9.76923076923077,,,,,,,,,0,16.0,,0.16,0.0
26/10/2021,0.103682,0.123435,0.096913,0.111446,0.111446,200965,,6888.0,0.083,0.083,840,9.38461538461539,,,,,,,,,0,16.0,,0.16,0.0
27/10/2021,0.11143,0.11167,0.086198,0.094877,0.094877,241043,,,0.083,0.083,841,8.69230769230769,,,,,,,,,21,16.0,,0.16,3.36
28/10/2021,0.094843,0.108257,0.092106,0.104885,0.104885,198189,,6921.0,0.0,0.091,840,8.33333333333333,,,,,,,,,22,16.0,,0.16,3.52
29/10/2021,0.104884,0.115237,0.098758,0.102456,0.102456,157440,,,0.091,0.273,840,9.16666666666667,,,,,,,,,0,16.0,,0.16,0.0
30/10/2021,0.102428,0.103927,0.097315,0.100415,0.100415,176064,,6958.0,0.182,0.364,840,8.75,,,,,,,,,0,16.0,,0.16,0.0
31/10/2021,0.100539,0.102307,0.093339,0.101163,0.101163,185950,,6981.0,0.333,1.583,841,8.23076923076923,,,,,,,,,0,29.0,False,0.29,0.0
01/11/2021,0.101178,0.107093,0.094716,0.106084,0.106084,180286,,,0.417,2.0,842,7.69230769230769,,,,,,,,,23,29.0,,0.29,6.67
02/11/2021,0.1061,0.11171,0.101956,0.105497,0.105497,187312,,7083.0,0.182,0.545,842,6.75,,,,,,,,,0,29.0,,0.29,0.0
03/11/2021,0.105588,0.11099,0.10352,0.110238,0.110238,148702,,7135.0,0.091,0.091,843,8.0,,,,,,,,,32,29.0,,0.29,9.28
04/11/2021,0.110276,0.110276,0.101915,0.107113,0.107113,175421,,7141.0,0.0,0.0,843,9.76923076923077,,,,,,,,,11,29.0,,0.29,3.19
05/11/2021,0.107004,0.130371,0.102959,0.120231,0.120231,288530,,,0.0,0.0,846,11.6923076923077,,,,,,,,,34,29.0,,0.29,9.86
06/11/2021,0.120268,0.1251,0.117553,0.121955,0.121955,223579,,7268.0,0.083,0.167,847,11.4615384615385,,,,,,,,,25,29.0,,0.29,7.249999999999999
07/11/2021,0.121947,0.145012,0.120655,0.141773,0.141773,186360,,,0.0,0.083,851,11.0,,,,,,,,,12,100.0,False,1.0,12.0
08/11/2021,0.141851,0.158415,0.138529,0.145178,0.145178,259221,,,0.0,0.182,853,8.66666666666667,,,,,,,,,33,100.0,,1.0,33.0
09/11/2021,0.14518,0.166792,0.143334,0.153243,0.153243,238846,,7441.0,0.091,0.182,854,8.91666666666667,,,,,,,,,22,100.0,,1.0,22.0
10/11/2021,0.153293,0.17448,0.15029,0.168202,0.168202,161043,,7504.0,0.182,0.182,856,10.25,,,,,,,,,11,100.0,,1.0,11.0
11/11/2021,0.168391,0.179277,0.161531,0.170722,0.170722,264634,,,0.167,0.083,857,9.30769230769231,,,,,,,,,31,100.0,,1.0,31.0
12/11/2021,0.170914,0.17333,0.162534,0.167073,0.167073,242018,,7589.0,0.167,0.083,856,10.0769230769231,,,,,,,,,100,100.0,,1.0,100.0
13/11/2021,0.167022,0.172743,0.158786,0.167064,0.167064,285716,,,0.083,0.167,856,9.76923076923077,,,,,,,,,12,100.0,,1.0,12.0
14/11/2021,0.167052,0.180624,0.158779,0.180508,0.180508,270141,,7577.0,0.083,0.167,858,8.69230769230769,,,,,,,,,36,36.0,False,0.36,12.96
15/11/2021,0.180503,0.182814,0.161934,0.162993,0.162993,289486,,,0.091,0.182,863,10.0833333333333,,,,,,,,,33,36.0,,0.36,11.88
16/11/2021,0.16275,0.169571,0.158259,0.161209,0.161209,288500,,7545.0,0.0,0.182,863,10.9166666666667,,,,,,,,,10,36.0,,0.36,3.6
17/11/2021,0.161119,0.170389,0.153687,0.164109,0.164109,250809,,7547.0,0.182,0.364,863,9.66666666666667,,,,,,,,,0,36.0,,0.36,0.0
18/11/2021,0.164125,0.166606,0.148095,0.148449,0.148449,242190,,,0.273,0.455,866,8.91666666666667,,,,,,,,,43,36.0,,0.36,15.48
19/11/2021,0.148585,0.158536,0.145865,0.150761,0.150761,221653,,7628.0,0.091,0.091,866,7.91666666666667,,,,,,,,,11,36.0,,0.36,3.96
20/11/2021,0.150744,0.158245,0.143295,0.150013,0.150013,228140,,7645.0,0.273,0.727,869,9.25,,,,,,,,,12,36.0,,0.36,4.32
21/11/2021,0.149934,0.151421,0.143831,0.144099,0.144099,214290,,7663.0,0.273,0.636,869,11.0833333333333,,,,,,,,,12,59.0,False,0.59,7.08
22/11/2021,0.144145,0.15009,0.136996,0.140376,0.140376,208261,,,0.0,0.091,871,10.5833333333333,,,,,,,,,21,59.0,,0.59,12.39
23/11/2021,0.140297,0.147053,0.138048,0.140984,0.140984,205488,,7697.0,0.0,0.0,872,9.33333333333333,,,,,,,,,10,59.0,,0.59,5.9
24/11/2021,0.140921,0.145103,0.133918,0.138258,0.138258,150386,,7712.0,0.0,0.0,872,7.91666666666667,,,,,,,,,21,59.0,,0.59,12.39
25/11/2021,0.143908,0.163305,0.14143,0.145365,0.145365,129902,,7761.0,0.0,0.0,872,8.58333333333333,,,,,,,,,42,59.0,,0.59,24.78
26/11/2021,0.159275,0.16223,0.13622,0.137012,0.137012,218587,,,0.0,0.0,873,9.16666666666667,,,,,,,,,11,59.0,,0.59,6.489999999999999
27/11/2021,0.137174,0.144335,0.136231,0.138892,0.138892,199694,,7852.0,0.0,0.0,872,10.4166666666667,,,,,,,,,35,59.0,,0.59,20.65
28/11/2021,0.139154,0.145246,0.133288,0.14501,0.14501,206303,,7875.0,0.0,0.0,874,9.23076923076923,,,,,,,,,0,55.0,False,0.55,0.0
29/11/2021,0.145064,0.149253,0.13846,0.143819,0.143819,158257,,,0.167,0.5,875,8.15384615384615,,,,,,,,,41,55.0,,0.55,22.55
30/11/2021,0.143881,0.146204,0.138157,0.14198,0.14198,123915,,7965.0,0.364,0.727,876,6.41666666666667,,,,,,,,,10,55.0,,0.55,5.5
01/12/2021,0.141842,0.148905,0.1376,0.14372,0.14372,183673,,,0.154,0.077,875,6.5,,,,,,,,,34,55.0,,0.55,18.700000000000003
02/12/2021,0.14372,0.14762,0.139865,0.145367,0.145367,174625,,,0.0,0.091,878,9.0,,,,,,,,,17,55.0,,0.55,9.35
03/12/2021,0.14528,0.149718,0.131356,0.135216,0.135216,173651,,8167.0,0.111,0.556,879,9.2,,,,,,,,,90,55.0,,0.55,49.50000000000001
04/12/2021,0.135191,0.138481,0.112892,0.126746,0.126746,107286,,8198.0,0.1,0.4,879,8.36363636363636,,,,,,,,,58,55.0,,0.55,31.9
05/12/2021,0.126784,0.128752,0.119103,0.124666,0.124666,158003,,8219.0,0.0,0.0,880,8.58333333333333,,,,,,,,,19,77.0,False,0.77,14.63
06/12/2021,0.12474,0.133162,0.118356,0.130011,0.130011,239788,,,0.0,0.091,884,8.25,,,,,,,,,86,77.0,,0.77,66.22
07/12/2021,0.129988,0.136361,0.125658,0.132412,0.132412,166726,,8272.0,0.091,0.182,884,8.16666666666667,,,,,,,,,35,77.0,,0.77,26.95
08/12/2021,0.132334,0.132728,0.123392,0.131441,0.131441,166991,,,0.167,0.167,884,9.15384615384615,,,,,,,,,89,77.0,,0.77,68.53
09/12/2021,0.131341,0.131341,0.120917,0.122934,0.122934,125852,,8360.0,0.1,0.0,884,8.63636363636364,,,,,,,,,36,77.0,,0.77,27.72
10/12/2021,0.122776,0.126605,0.116062,0.116543,0.116543,151384,,,0.091,0.0,885,8.33333333333333,,,,,,,,,37,77.0,,0.77,28.49
11/12/2021,0.116451,0.126332,0.115258,0.1227,0.1227,206626,,8497.0,0.308,0.308,889,7.78571428571429,,,,,,,,,61,77.0,,0.77,46.97
12/12/2021,0.122572,0.126565,0.118332,0.12498,0.12498,144672,,8541.0,0.3,0.1,891,8.0,,,,,,,,,100,34.0,False,0.34,34.0
13/12/2021,0.125022,0.125022,0.113884,0.114646,0.114646,161538,,,0.0,0.0,893,9.69230769230769,,,,,,,,,71,34.0,,0.34,24.14
14/12/2021,0.114707,0.122681,0.11205,0.122094,0.122094,167864,,8653.0,0.0,0.182,893,9.08333333333333,,,,,,,,,36,34.0,,0.34,12.24
15/12/2021,0.122035,0.123798,0.113607,0.12377,0.12377,176739,,8670.0,0.0,0.182,894,8.83333333333333,,,,,,,,,18,34.0,,0.34,6.12
16/12/2021,0.123724,0.125454,0.116281,0.116659,0.116659,156758,,,0.0,0.091,895,8.5,,,,,,,,,0,34.0,,0.34,0.0
17/12/2021,0.116758,0.120506,0.114478,0.115223,0.115223,134572,,8716.0,0.0,0.0,897,7.83333333333333,,,,,,,,,19,34.0,,0.34,6.460000000000001
18/12/2021,0.11506,0.119639,0.112309,0.117144,0.117144,145055,,8733.0,0.0,0.0,897,7.58333333333333,,,,,,,,,21,34.0,,0.34,7.140000000000001
19/12/2021,0.117157,0.120727,0.113374,0.114408,0.114408,162717,,,0.0,0.0,899,8.36363636363636,,,,,,,,,0,36.0,False,0.36,0.0
20/12/2021,0.114404,0.127792,0.109203,0.124943,0.124943,279988,,,0.0,0.0,900,8.35714285714286,,,,,,,,,19,36.0,,0.36,6.84
21/12/2021,0.124868,0.125044,0.11963,0.123143,0.123143,388770,,8750.0,0.083,0.0,902,8.61538461538461,,,,,,,,,57,36.0,,0.36,20.52
22/12/2021,0.123225,0.132092,0.121549,0.12912,0.12912,383628,,8775.0,0.0,0.2,904,8.54545454545454,,,,,,,,,0,36.0,,0.36,0.0
23/12/2021,0.129148,0.131338,0.123589,0.127005,0.127005,454862,,,0.1,0.6,904,7.0,,,,,,,,,20,36.0,,0.36,7.199999999999999
24/12/2021,0.127001,0.129969,0.124119,0.124774,0.124774,321517,,8773.0,0.1,0.4,905,7.54545454545455,,,,,,,,,0,36.0,,0.36,0.0
25/12/2021,0.124651,0.126131,0.122067,0.123719,0.123719,291814,,,0.111,0.444,906,9.1,,,,,,,,,24,36.0,,0.36,8.64
26/12/2021,0.123599,0.125149,0.118788,0.124579,0.124579,329041,,8778.0,0.0,0.091,908,8.41666666666667,,,,,,,,,22,63.0,False,0.63,13.86
27/12/2021,0.124584,0.13192,0.121337,0.129716,0.129716,407267,,,0.077,0.0,906,8.78571428571429,,,,,,,,,78,63.0,,0.63,49.14
28/12/2021,0.129494,0.129759,0.118395,0.122558,0.122558,524022,,8785.0,0.0,0.0,907,8.30769230769231,,,,,,,,,76,63.0,,0.63,47.88
29/12/2021,0.122371,0.122963,0.114869,0.116641,0.116641,488476,,8794.0,0.0,0.0,907,8.58333333333333,,,,,,,,,19,63.0,,0.63,11.97
30/12/2021,0.116748,0.121538,0.114177,0.117279,0.117279,529472,,,0.1,0.0,907,8.09090909090909,,,,,,,,,40,63.0,,0.63,25.2
31/12/2021,0.117245,0.119037,0.113035,0.113121,0.113121,536465,,8812.0,0.0,0.0,907,9.36363636363636,,,,,,,,,21,63.0,,0.63,13.23
01/01/2022,0.113121,0.116684,0.112024,0.114321,0.114321,445584,,8817.0,0.273,0.364,907,11.0833333333333,,,,,,,,,63,63.0,,0.63,39.69
02/01/2022,0.114321,0.114788,0.111327,0.113054,0.113054,277678,,,0.3,0.4,909,9.36363636363636,,,,,,,,,40,29.0,False,0.29,11.6
03/01/2022,0.113054,0.113844,0.108662,0.109236,0.109236,83939,,,0.0,0.0,908,9.28571428571429,,,,,,,,,36,29.0,,0.29,10.44
04/01/2022,0.109236,0.11362,0.107675,0.110288,0.110288,79492,,8897.0,0.0,0.0,908,8.38888888888889,,,,,,,,,18,29.0,,0.29,5.22
05/01/2022,0.110288,0.114054,0.104698,0.104968,0.104968,84670,,8988.0,0.0,0.0,908,7.16666666666667,,,,,,,,,0,29.0,,0.29,0.0
06/01/2022,0.104968,0.107372,0.10181,0.104755,0.104755,355369,,9046.0,0.0,0.875,909,7.11111111111111,,,,,,,,,53,29.0,,0.29,15.37
07/01/2022,0.104755,0.105865,0.098036,0.10125,0.10125,467810,,9145.0,0.0,0.6,910,7.45454545454545,,,,,,,,,18,29.0,,0.29,5.22
08/01/2022,0.10125,0.104973,0.096877,0.09906,0.09906,296862,,9216.0,0.111,0.222,910,7.8,,,,,,,,,0,29.0,,0.29,0.0
09/01/2022,0.09906,0.102041,0.097516,0.101034,0.101034,307558,,9266.0,0.0,0.0,911,8.15384615384615,,,,,,,,,59,41.0,False,0.41,24.19
10/01/2022,0.101034,0.102472,0.094724,0.099697,0.099697,251132,,,0.0,0.0,911,8.92307692307692,,,,,,,,,51,41.0,,0.41,20.91
11/01/2022,0.099697,0.10571,0.099096,0.103365,0.103365,206293,,,0.125,0.0,910,8.66666666666667,,,,,,,,,51,41.0,,0.41,20.91
12/01/2022,0.103365,0.109174,0.100057,0.107622,0.107622,168306,,9461.0,0.125,0.0,913,7.44444444444444,,,,,,,,,17,41.0,,0.41,6.97
13/01/2022,0.107622,0.108651,0.102762,0.10405,0.10405,387222,,9433.0,0.167,0.083,915,7.30769230769231,,,,,,,,,18,41.0,,0.41,7.38
14/01/2022,0.10405,0.106481,0.100876,0.105665,0.105665,400698,,,0.083,0.083,916,8.07692307692308,,,,,,,,,36,41.0,,0.41,14.76
15/01/2022,0.105665,0.106656,0.101276,0.104617,0.104617,435892,,9449.0,0.3,0.3,916,9.45454545454546,,,,,,,,,19,41.0,,0.41,7.789999999999999
16/01/2022,0.104617,0.106192,0.102502,0.104936,0.104936,421910,,9462.0,0.3,0.6,917,8.45454545454546,,,,,,,,,39,41.0,False,0.41,15.989999999999998
17/01/2022,0.104936,0.10553,0.101297,0.102172,0.102172,406683,,,0.0,0.364,920,9.08333333333333,,,,,,,,,0,41.0,,0.41,0.0
18/01/2022,0.102172,0.105632,0.100144,0.105083,0.105083,449248,,9520.0,0.0,0.143,921,8.8,,,,,,,,,51,41.0,,0.41,20.91
19/01/2022,0.105079,0.10734,0.099458,0.100434,0.100434,351948,,9544.0,0.091,0.091,920,8.75,,,,,,,,,34,41.0,,0.41,13.94
20/01/2022,0.100433,0.104439,0.096626,0.097451,0.097451,368620,,,0.0,0.125,920,8.0,,,,,,,,,0,41.0,,0.41,0.0
21/01/2022,0.097491,0.09835,0.082889,0.087077,0.087077,274762,,9540.0,0.083,0.0,921,8.15384615384615,,,,,,,,,0,41.0,,0.41,0.0
22/01/2022,0.087105,0.087498,0.076172,0.077885,0.077885,267007,,,0.5,1.3,920,8.27272727272727,,,,,,,,,100,41.0,,0.41,41.0
23/01/2022,0.077913,0.0852,0.077169,0.08091,0.08091,394868,,9548.0,0.333,1.0,920,9.3,,,,,,,,,20,58.0,False,0.58,11.6
24/01/2022,0.080908,0.08172,0.073739,0.08087,0.08087,395255,,,0.091,0.273,919,9.83333333333333,,,,,,,,,0,58.0,,0.58,0.0
25/01/2022,0.080871,0.084131,0.077176,0.080629,0.080629,284816,,9527.0,0.0,0.0,919,9.58333333333333,,,,,,,,,31,58.0,,0.58,17.98
26/01/2022,0.080623,0.084364,0.077414,0.078965,0.078965,235304,,,0.0,0.0,919,9.8,,,,,,,,,35,58.0,,0.58,20.3
27/01/2022,0.078948,0.081463,0.075586,0.081449,0.081449,246260,,,0.0,0.0,920,9.88888888888889,,,,,,,,,53,58.0,,0.58,30.74
28/01/2022,0.081449,0.083334,0.079077,0.083021,0.083021,117399,,9540.0,0.0,0.0,922,8.7,,,,,,,,,18,58.0,,0.58,10.44
29/01/2022,0.083021,0.086185,0.082441,0.084715,0.084715,117539,,,0.0,0.111,923,9.1,,,,,,,,,20,58.0,,0.58,11.6
30/01/2022,0.084715,0.085945,0.080994,0.083146,0.083146,109967,,9575.0,0.0,0.111,924,9.0,,,,,,,,,0,30.0,True,0.3,0.0
31/01/2022,0.083146,0.083205,0.078528,0.081419,0.081419,157240,,,0.091,0.0,925,10.0833333333333,,,,,,,,,54,30.0,,0.3,16.2
01/02/2022,0.081419,0.085588,0.08133,0.084601,0.084601,149344,,9593.0,0.083,0.167,926,10.1538461538462,,,,,,,,,0,30.0,,0.3,0.0
02/02/2022,0.084601,0.087298,0.081559,0.082081,0.082081,130836,,,0.2,0.1,926,8.72727272727273,,,,,,,,,0,30.0,,0.3,0.0
03/02/2022,0.082081,0.08996,0.082081,0.088527,0.088527,141869,,9549.0,0.2,0.0,925,8.81818181818182,,,,,,,,,48,30.0,,0.3,14.4
04/02/2022,0.088531,0.09084,0.084359,0.084359,0.084359,156317,,,0.167,0.0,925,8.23076923076923,,,,,,,,,100,30.0,,0.3,30.0
