Data date,Open,High,Low,Close,Adj Close,Volume,facebook_likes,twitter_followers,reddit_average_posts_48h,reddit_average_comments_48h,reddit_subscribers,reddit_accounts_active_48h,forks,stars,subscribers,total_issues,closed_issues,pull_requests_merged,pull_request_contributors,commit_count_4_weeks,idena_unscaled,idena_monthly,isPartial,scale,idena
2020-08-11,0.125496,0.13777,0.124239,0.130634,0.130634,40783.0,,1817.0,0.273,0.0,298.0,6.66666666666667,25.0,62.0,13.0,52.0,36.0,432.0,11.0,17.0,,,,,
2020-08-12,0.130674,0.162275,0.128384,0.138122,0.138122,65517.0,,1829.0,0.182,0.091,300.0,6.75,25.0,62.0,13.0,52.0,36.0,432.0,11.0,17.0,,,,,
2020-08-13,0.138128,0.138128,0.118348,0.127606,0.127606,41988.0,,2149.0,0.083,0.167,302.0,6.61538461538461,25.0,62.0,13.0,53.0,36.0,432.0,11.0,9.0,,,,,
2020-08-14,0.127084,0.201024,0.12167,0.201024,0.201024,104705.0,,,0.0,0.0,304.0,7.08333333333333,25.0,62.0,13.0,54.0,36.0,438.0,11.0,15.0,,,,,
2020-08-15,0.201097,0.202423,0.138915,0.162744,0.162744,50419.0,,2267.0,0.1,0.0,307.0,5.63636363636364,25.0,61.0,13.0,54.0,36.0,438.0,11.0,15.0,,,,,
2020-08-16,0.163374,0.201074,0.139444,0.196316,0.196316,57339.0,,2302.0,0.167,0.167,309.0,5.46153846153846,25.0,61.0,13.0,54.0,36.0,438.0,11.0,15.0,,,,,
2020-08-17,0.196316,0.228478,0.154899,0.218131,0.218131,105653.0,,,0.364,0.182,312.0,5.33333333333333,25.0,62.0,13.0,55.0,36.0,438.0,11.0,15.0,,,,,
2020-08-18,0.220166,0.313713,0.217277,0.250788,0.250788,128324.0,,2405.0,0.273,0.182,317.0,6.91666666666667,24.0,62.0,13.0,55.0,36.0,438.0,11.0,15.0,,,,,
2020-08-19,0.250659,0.29978,0.222255,0.253025,0.253025,63229.0,,2427.0,0.0,0.0,319.0,6.53846153846154,25.0,63.0,13.0,56.0,36.0,438.0,11.0,11.0,,,,,
2020-08-20,0.253025,0.293909,0.237992,0.268824,0.268824,56629.0,,2443.0,0.0,0.167,320.0,6.30769230769231,25.0,63.0,13.0,56.0,36.0,438.0,11.0,11.0,,,,,
2020-08-21,0.268081,0.316266,0.266786,0.29112,0.29112,88220.0,,2473.0,0.167,0.583,323.0,8.07692307692308,25.0,63.0,13.0,56.0,36.0,438.0,11.0,11.0,0.0,37.0,,0.37,0.0
2020-08-22,0.295889,0.297243,0.267643,0.287222,0.287222,43147.0,,2486.0,0.182,0.545,324.0,7.25,25.0,64.0,13.0,56.0,36.0,438.0,11.0,11.0,0.0,37.0,,0.37,0.0
2020-08-23,0.288248,0.296962,0.256455,0.25967,0.25967,53466.0,,2527.0,0.273,0.455,327.0,7.91666666666667,25.0,64.0,13.0,56.0,36.0,438.0,11.0,11.0,0.0,37.0,,0.37,0.0
2020-08-24,0.259592,0.274124,0.245234,0.256249,0.256249,61154.0,,,0.417,0.333,330.0,9.07692307692308,25.0,64.0,13.0,56.0,36.0,438.0,11.0,11.0,34.0,37.0,,0.37,12.58
2020-08-25,0.255699,0.25739,0.199215,0.237235,0.237235,65791.0,,2572.0,0.182,0.182,332.0,11.0833333333333,25.0,64.0,13.0,56.0,36.0,438.0,11.0,11.0,0.0,37.0,,0.37,0.0
2020-08-26,0.236942,0.282191,0.204181,0.226114,0.226114,43010.0,,2585.0,0.091,0.455,333.0,10.9166666666667,25.0,65.0,13.0,56.0,36.0,439.0,11.0,12.0,0.0,64.0,False,0.64,0.0
2020-08-27,0.225926,0.283543,0.224021,0.255959,0.255959,51619.0,,2590.0,0.091,0.455,333.0,9.0,25.0,65.0,13.0,56.0,36.0,441.0,11.0,10.0,68.0,64.0,,0.64,43.52
2020-08-28,0.256194,0.297741,0.240268,0.27889,0.27889,47073.0,,2605.0,0.167,0.25,334.0,8.0,25.0,65.0,13.0,56.0,36.0,441.0,11.0,10.0,67.0,64.0,,0.64,42.88
2020-08-29,0.278781,0.305441,0.253365,0.270433,0.270433,44761.0,,2696.0,0.25,0.417,337.0,8.69230769230769,25.0,65.0,13.0,56.0,36.0,441.0,11.0,10.0,0.0,64.0,,0.64,0.0
2020-08-30,0.269816,0.302048,0.268034,0.285196,0.285196,54292.0,,2709.0,0.364,0.818,337.0,10.5,25.0,65.0,13.0,57.0,36.0,441.0,11.0,10.0,69.0,64.0,,0.64,44.16
2020-08-31,0.285271,0.316882,0.277482,0.281814,0.281814,75251.0,,,0.0,0.455,339.0,9.83333333333333,25.0,65.0,13.0,57.0,37.0,441.0,11.0,9.0,0.0,64.0,,0.64,0.0
2020-09-01,0.281722,0.311118,0.275503,0.288933,0.288933,72414.0,,2740.0,0.0,0.25,339.0,7.23076923076923,25.0,65.0,13.0,57.0,37.0,441.0,11.0,9.0,0.0,64.0,,0.64,0.0
2020-09-02,0.288945,0.314289,0.250021,0.252189,0.252189,66759.0,,2744.0,0.0,0.083,342.0,6.07692307692308,25.0,65.0,13.0,57.0,37.0,441.0,11.0,9.0,0.0,21.0,False,0.21,0.0
2020-09-03,0.252083,0.295641,0.243171,0.247463,0.247463,103716.0,,2746.0,0.091,0.0,342.0,7.25,25.0,65.0,13.0,57.0,37.0,442.0,11.0,9.0,0.0,21.0,,0.21,0.0
2020-09-04,0.250554,0.253007,0.185643,0.213458,0.213458,77235.0,,2749.0,0.091,0.0,342.0,8.33333333333333,25.0,65.0,13.0,57.0,37.0,442.0,11.0,9.0,66.0,21.0,,0.21,13.86
2020-09-05,0.213421,0.229822,0.180528,0.215829,0.215829,77967.0,,2756.0,0.083,0.0,345.0,7.46153846153846,25.0,65.0,13.0,57.0,37.0,442.0,11.0,9.0,0.0,21.0,,0.21,0.0
2020-09-06,0.216349,0.218211,0.173829,0.201781,0.201781,66139.0,,2756.0,0.083,0.0,348.0,7.07692307692308,25.0,65.0,13.0,57.0,37.0,442.0,11.0,9.0,67.0,21.0,,0.21,14.07
2020-09-07,0.201539,0.206048,0.181287,0.188281,0.188281,66981.0,,,0.182,0.182,348.0,7.58333333333333,25.0,65.0,13.0,57.0,37.0,442.0,11.0,9.0,0.0,21.0,,0.21,0.0
2020-09-08,0.188347,0.193293,0.175598,0.179111,0.179111,75556.0,,2768.0,0.0,0.0,349.0,7.30769230769231,25.0,65.0,13.0,57.0,37.0,442.0,11.0,9.0,38.0,21.0,,0.21,7.979999999999999
2020-09-09,0.179578,0.196272,0.177,0.195198,0.195198,31861.0,,2771.0,0.083,0.333,349.0,6.61538461538461,25.0,64.0,13.0,58.0,37.0,443.0,11.0,9.0,38.0,36.0,False,0.36,13.68
2020-09-10,0.195198,0.215412,0.187777,0.194706,0.194706,50619.0,,2784.0,0.083,0.333,350.0,6.69230769230769,25.0,64.0,13.0,59.0,37.0,443.0,11.0,9.0,0.0,36.0,,0.36,0.0
2020-09-11,0.194391,0.197125,0.180013,0.187714,0.187714,78176.0,,2791.0,0.0,0.0,350.0,7.30769230769231,25.0,64.0,13.0,59.0,37.0,443.0,11.0,6.0,43.0,36.0,,0.36,15.48
2020-09-12,0.187987,0.192868,0.176143,0.182892,0.182892,66737.0,,2810.0,0.0,0.0,351.0,7.08333333333333,25.0,64.0,13.0,59.0,38.0,443.0,11.0,3.0,0.0,36.0,,0.36,0.0
2020-09-13,0.182892,0.185471,0.140198,0.143976,0.143976,103602.0,,2829.0,0.273,0.273,352.0,7.5,25.0,65.0,13.0,59.0,38.0,443.0,11.0,3.0,87.0,36.0,,0.36,31.32
2020-09-14,0.14315,0.14548,0.125857,0.130773,0.130773,106113.0,,,0.5,0.5,352.0,6.61538461538461,,,,,,,,,89.0,36.0,,0.36,32.04
2020-09-15,0.130773,0.143647,0.128023,0.141561,0.141561,95233.0,,2832.0,0.333,0.25,353.0,6.46153846153846,,,,,,,,,100.0,36.0,,0.36,36.0
2020-09-16,0.141555,0.149408,0.134089,0.145338,0.145338,102148.0,,2829.0,0.182,0.091,352.0,7.16666666666667,,,,,,,,,50.0,42.0,False,0.42,21.0
2020-09-17,0.145338,0.171352,0.145031,0.164182,0.164182,224476.0,,2829.0,0.0,0.0,352.0,7.75,,,,,,,,,0.0,42.0,,0.42,0.0
2020-09-18,0.164182,0.204273,0.159507,0.18149,0.18149,396253.0,,2835.0,0.0,0.182,352.0,7.83333333333333,,,,,,,,,43.0,42.0,,0.42,18.06
2020-09-19,0.181514,0.198543,0.154639,0.181751,0.181751,63688.0,,2834.0,0.0,0.167,352.0,6.15384615384615,,,,,,,,,43.0,42.0,,0.42,18.06
2020-09-20,0.181451,0.19887,0.172445,0.179018,0.179018,83799.0,,2840.0,0.0,0.0,352.0,6.5,,,,,,,,,0.0,42.0,,0.42,0.0
2020-09-21,0.179018,0.180265,0.144989,0.145569,0.145569,112117.0,,,0.0,0.0,352.0,7.25,,,,,,,,,44.0,42.0,,0.42,18.48
2020-09-22,0.145731,0.147305,0.137433,0.138025,0.138025,43168.0,,2850.0,0.091,0.091,352.0,7.66666666666667,,,,,,,,,50.0,42.0,,0.42,21.0
2020-09-23,0.135542,0.148881,0.135231,0.141171,0.141171,62967.0,,2852.0,0.167,0.167,352.0,7.69230769230769,,,,,,,,,0.0,41.0,False,0.41,0.0
2020-09-24,0.141171,0.145108,0.127114,0.139567,0.139567,74129.0,,2851.0,0.083,0.167,352.0,7.38461538461539,,,,,,,,,43.0,41.0,,0.41,17.63
2020-09-25,0.139567,0.139691,0.122737,0.133987,0.133987,112002.0,,2859.0,0.0,0.091,353.0,8.0,,,,,,,,,0.0,41.0,,0.41,0.0
2020-09-26,0.133987,0.140045,0.124713,0.134377,0.134377,80550.0,,2859.0,0.091,0.182,353.0,7.5,,,,,,,,,0.0,41.0,,0.41,0.0
2020-09-27,0.134827,0.136966,0.124551,0.129535,0.129535,116070.0,,2882.0,0.083,0.167,355.0,7.61538461538461,,,,,,,,,86.0,41.0,,0.41,35.26
2020-09-28,0.130126,0.13166,0.093511,0.126744,0.126744,188988.0,,,0.091,0.545,356.0,8.33333333333333,,,,,,,,,45.0,41.0,,0.41,18.45
2020-09-29,0.12684,0.13716,0.119879,0.126741,0.126741,109812.0,,2915.0,0.091,0.545,357.0,9.5,,,,,,,,,50.0,41.0,,0.41,20.5
2020-09-30,0.12673,0.129304,0.120271,0.123904,0.123904,31269.0,,2920.0,0.0,0.0,357.0,9.15384615384615,,,,,,,,,49.0,56.0,False,0.56,27.44
2020-10-01,0.123899,0.128405,0.114757,0.116028,0.116028,46288.0,,2930.0,0.0,0.0,358.0,7.84615384615385,,,,,,,,,42.0,56.0,,0.56,23.520000000000003
2020-10-02,0.116028,0.123987,0.113296,0.114721,0.114721,46808.0,,2928.0,0.091,1.0,358.0,7.08333333333333,,,,,,,,,42.0,56.0,,0.56,23.520000000000003
2020-10-03,0.115643,0.117304,0.114198,0.116636,0.116636,26433.0,,2929.0,0.167,1.167,361.0,7.15384615384615,,,,,,,,,86.0,56.0,,0.56,48.16
2020-10-04,0.115369,0.119493,0.114946,0.116295,0.116295,44188.0,,2936.0,0.182,0.364,361.0,7.5,,,,,,,,,42.0,56.0,,0.56,23.520000000000003
2020-10-05,0.116307,0.125867,0.115794,0.120187,0.120187,66703.0,,,0.182,0.273,361.0,9.41666666666667,,,,,,,,,46.0,56.0,,0.56,25.76
2020-10-06,0.120187,0.146502,0.116122,0.124864,0.124864,74002.0,,2938.0,0.167,0.5,361.0,9.69230769230769,,,,,,,,,0.0,56.0,,0.56,0.0
2020-10-07,0.124865,0.128331,0.1159,0.116993,0.116993,42431.0,,2938.0,0.0,0.182,362.0,6.75,,,,,,,,,0.0,27.0,False,0.27,0.0
2020-10-08,0.116993,0.11924,0.11445,0.11924,0.11924,65213.0,,2954.0,0.0,0.0,363.0,6.0,,,,,,,,,44.0,27.0,,0.27,11.88
2020-10-09,0.119241,0.130449,0.117289,0.120294,0.120294,55915.0,,2955.0,0.0,0.0,363.0,7.46153846153846,,,,,,,,,0.0,27.0,,0.27,0.0
2020-10-10,0.120296,0.12694,0.120214,0.123378,0.123378,48039.0,,2951.0,0.0,0.0,363.0,9.07692307692308,,,,,,,,,88.0,27.0,,0.27,23.76
2020-10-11,0.123055,0.124534,0.11845,0.121102,0.121102,40837.0,,2952.0,0.0,0.0,363.0,7.16666666666667,,,,,,,,,28.0,27.0,,0.27,7.56
2020-10-12,0.120129,0.134998,0.114777,0.129947,0.129947,93896.0,,,0.0,0.0,364.0,6.5,,,,,,,,,0.0,27.0,,0.27,0.0
2020-10-13,0.129947,0.130837,0.123535,0.124023,0.124023,48051.0,,2978.0,0.0,0.182,364.0,8.83333333333333,,,,,,,,,0.0,27.0,,0.27,0.0
2020-10-14,0.124023,0.127821,0.102354,0.108435,0.108435,92229.0,,2980.0,0.417,1.25,366.0,9.92307692307692,,,,,,,,,32.0,21.0,False,0.21,6.72
2020-10-15,0.108435,0.111981,0.105214,0.109576,0.109576,88141.0,,2979.0,0.417,1.25,365.0,8.61538461538461,,,,,,,,,0.0,21.0,,0.21,0.0
2020-10-16,0.108232,0.111565,0.091933,0.095044,0.095044,69598.0,,2982.0,0.091,0.364,365.0,9.58333333333333,,,,,,,,,0.0,21.0,,0.21,0.0
2020-10-17,0.095044,0.109606,0.088126,0.107073,0.107073,37026.0,,2976.0,0.0,0.083,369.0,10.3846153846154,,,,,,,,,28.0,21.0,,0.21,5.88
2020-10-18,0.107073,0.107288,0.094028,0.095222,0.095222,33652.0,,2983.0,0.0,0.0,369.0,9.33333333333333,,,,,,,,,57.0,21.0,,0.21,11.97
2020-10-19,0.096154,0.102817,0.093662,0.100276,0.100276,117800.0,,,0.083,0.083,369.0,8.53846153846154,,,,,,,,,0.0,21.0,,0.21,0.0
2020-10-20,0.101141,0.107446,0.098225,0.100151,0.100151,58271.0,,2981.0,0.0,0.167,369.0,8.76923076923077,,,,,,,,,0.0,21.0,,0.21,0.0
2020-10-21,0.100151,0.117793,0.099307,0.114585,0.114585,114029.0,,2983.0,0.0,0.182,369.0,9.75,,,,,,,,,68.0,11.0,False,0.11,7.48
2020-10-22,0.114266,0.120388,0.107667,0.115198,0.115198,59938.0,,2982.0,0.091,0.636,369.0,11.25,,,,,,,,,30.0,11.0,,0.11,3.3
2020-10-23,0.115198,0.115338,0.106477,0.108259,0.108259,52863.0,,2988.0,0.0,0.0,369.0,14.0,,,,,,,,,0.0,11.0,,0.11,0.0
2020-10-24,0.108289,0.111817,0.106148,0.108077,0.108077,44457.0,,2993.0,0.0,0.0,369.0,13.3333333333333,,,,,,,,,0.0,11.0,,0.11,0.0
2020-10-25,0.108076,0.111709,0.104317,0.10569,0.10569,63700.0,,2987.0,0.091,0.0,369.0,10.25,,,,,,,,,0.0,11.0,,0.11,0.0
2020-10-26,0.105689,0.108521,0.100314,0.104818,0.104818,112908.0,,,0.083,0.0,369.0,10.1538461538462,,,,,,,,,62.0,11.0,,0.11,6.82
2020-10-27,0.104838,0.110589,0.101163,0.107484,0.107484,107531.0,,2993.0,0.0,0.0,370.0,11.3076923076923,,,,,,,,,0.0,11.0,,0.11,0.0
2020-10-28,0.10761,0.109714,0.100445,0.102729,0.102729,65150.0,,,0.167,0.5,370.0,12.6923076923077,,,,,,,,,0.0,28.0,False,0.28,0.0
2020-10-29,0.102711,0.106527,0.099002,0.105178,0.105178,53125.0,,3013.0,0.091,0.545,369.0,13.4166666666667,,,,,,,,,0.0,28.0,,0.28,0.0
2020-10-30,0.105088,0.115462,0.085784,0.096754,0.096754,26964.0,,3019.0,0.182,0.091,368.0,15.3333333333333,,,,,,,,,59.0,28.0,,0.28,16.520000000000003
2020-10-31,0.096601,0.102579,0.096028,0.097656,0.097656,49692.0,,3018.0,0.083,0.083,370.0,14.0769230769231,,,,,,,,,30.0,28.0,,0.28,8.4
2020-11-01,0.097671,0.098343,0.091967,0.09411,0.09411,41290.0,,3016.0,0.0,0.083,371.0,15.3846153846154,,,,,,,,,61.0,28.0,,0.28,17.080000000000002
2020-11-02,0.094278,0.097063,0.089454,0.092027,0.092027,65697.0,,,0.0,0.0,371.0,13.5384615384615,,,,,,,,,62.0,28.0,,0.28,17.360000000000003
2020-11-03,0.091966,0.101068,0.09016,0.100985,0.100985,67727.0,,3018.0,0.0,0.0,371.0,11.1666666666667,,,,,,,,,33.0,28.0,,0.28,9.24
2020-11-04,0.101242,0.126289,0.096974,0.11806,0.11806,83118.0,,3017.0,0.0,0.0,373.0,11.5,,,,,,,,,100.0,0.0,False,0.0,0.0
2020-11-05,0.118062,0.123722,0.113076,0.117199,0.117199,110081.0,,3022.0,0.0,0.0,373.0,11.4615384615385,,,,,,,,,0.0,0.0,,0.0,0.0
2020-11-06,0.117198,0.123275,0.110911,0.114141,0.114141,82384.0,,3016.0,0.091,0.0,373.0,7.91666666666667,,,,,,,,,60.0,0.0,,0.0,0.0
2020-11-07,0.114141,0.115919,0.104036,0.106572,0.106572,59533.0,,3014.0,0.0,0.0,373.0,6.36363636363636,,,,,,,,,29.0,0.0,,0.0,0.0
2020-11-08,0.106573,0.119642,0.100198,0.115059,0.115059,69897.0,,3012.0,0.091,0.0,373.0,6.08333333333333,,,,,,,,,0.0,0.0,,0.0,0.0
2020-11-09,0.115064,0.123021,0.109404,0.119643,0.119643,85543.0,,,0.083,0.0,373.0,6.76923076923077,,,,,,,,,62.0,0.0,,0.0,0.0
2020-11-10,0.119614,0.123755,0.11331,0.118467,0.118467,64549.0,,3075.0,0.0,0.0,374.0,8.58333333333333,,,,,,,,,0.0,0.0,,0.0,0.0
2020-11-11,0.118483,0.121862,0.108881,0.109233,0.109233,82932.0,,,0.0,0.0,375.0,8.08333333333333,,,,,,,,,27.0,52.0,False,0.52,14.04
2020-11-12,0.109219,0.119327,0.106386,0.119238,0.119238,91047.0,,3133.0,0.0,0.0,375.0,7.75,,,,,,,,,0.0,52.0,,0.52,0.0
2020-11-13,0.119239,0.120041,0.106958,0.113289,0.113289,46797.0,,3113.0,0.0,0.0,375.0,7.92307692307692,,,,,,,,,23.0,52.0,,0.52,11.96
2020-11-14,0.113333,0.114683,0.098091,0.100523,0.100523,47766.0,,3116.0,0.182,0.0,375.0,7.33333333333333,,,,,,,,,0.0,52.0,,0.52,0.0
2020-11-15,0.100473,0.10426,0.09472,0.101419,0.101419,47816.0,,3119.0,0.273,0.818,377.0,7.91666666666667,,,,,,,,,0.0,52.0,,0.52,0.0
2020-11-16,0.101378,0.108634,0.10103,0.104538,0.104538,101435.0,,,0.273,0.909,378.0,7.66666666666667,,,,,,,,,43.0,52.0,,0.52,22.36
2020-11-17,0.101965,0.104589,0.090051,0.099101,0.099101,126993.0,,3126.0,0.083,0.167,378.0,6.46153846153846,,,,,,,,,24.0,52.0,,0.52,12.48
2020-11-18,0.099105,0.102417,0.090179,0.093694,0.093694,89354.0,,3135.0,0.273,0.091,376.0,7.25,,,,,,,,,25.0,33.0,False,0.33,8.25
2020-11-19,0.093702,0.110908,0.088853,0.100268,0.100268,46840.0,,3137.0,0.333,0.25,375.0,6.23076923076923,,,,,,,,,69.0,33.0,,0.33,22.77
2020-11-20,0.10038,0.113103,0.096461,0.103303,0.103303,63672.0,,3145.0,0.083,0.25,375.0,6.07692307692308,,,,,,,,,0.0,33.0,,0.33,0.0
2020-11-21,0.103299,0.110512,0.092694,0.104274,0.104274,68854.0,,3149.0,0.0,0.0,376.0,7.38461538461539,,,,,,,,,23.0,33.0,,0.33,7.590000000000001
2020-11-22,0.104276,0.109963,0.097563,0.104665,0.104665,73592.0,,3156.0,0.0,0.0,376.0,7.25,,,,,,,,,46.0,33.0,,0.33,15.18
2020-11-23,0.104537,0.110596,0.102696,0.103505,0.103505,69025.0,,,0.0,0.0,376.0,6.41666666666667,,,,,,,,,48.0,33.0,,0.33,15.84
2020-11-24,0.103484,0.105833,0.100031,0.10497,0.10497,61465.0,,3158.0,0.0,0.0,376.0,7.41666666666667,,,,,,,,,27.0,33.0,,0.33,8.91
2020-11-25,0.10508,0.107815,0.094914,0.097782,0.097782,64114.0,,3173.0,0.0,0.0,378.0,6.23076923076923,,,,,,,,,0.0,28.0,False,0.28,0.0
2020-11-26,0.097654,0.098346,0.083248,0.0875,0.0875,100896.0,,3191.0,0.0,0.0,377.0,6.15384615384615,,,,,,,,,46.0,28.0,,0.28,12.88
2020-11-27,0.087614,0.095021,0.084701,0.089985,0.089985,33376.0,,3212.0,0.0,0.0,375.0,6.58333333333333,,,,,,,,,0.0,28.0,,0.28,0.0
2020-11-28,0.089984,0.098005,0.088258,0.094185,0.094185,41434.0,,3228.0,0.091,0.0,374.0,7.16666666666667,,,,,,,,,0.0,28.0,,0.28,0.0
2020-11-29,0.094182,0.105371,0.091178,0.103967,0.103967,48175.0,,3235.0,0.0,0.0,374.0,7.07692307692308,,,,,,,,,46.0,28.0,,0.28,12.88
2020-11-30,0.103962,0.113533,0.103134,0.108686,0.108686,90169.0,,,0.0,0.0,377.0,7.15384615384615,,,,,,,,,0.0,28.0,,0.28,0.0
2020-12-01,0.108678,0.111779,0.097421,0.098272,0.098272,92871.0,,3234.0,0.083,0.0,378.0,8.07692307692308,,,,,,,,,0.0,28.0,,0.28,0.0
2020-12-02,0.098265,0.104511,0.096569,0.100371,0.100371,39556.0,,,0.091,0.0,379.0,7.41666666666667,,,,,,,,,77.0,61.0,False,0.61,46.97
2020-12-03,0.10035,0.101223,0.093376,0.094032,0.094032,58899.0,,3237.0,0.0,0.0,379.0,7.25,,,,,,,,,0.0,61.0,,0.61,0.0
2020-12-04,0.094021,0.0987,0.090621,0.090621,0.090621,75241.0,,3233.0,0.0,0.0,379.0,7.0,,,,,,,,,0.0,61.0,,0.61,0.0
2020-12-05,0.090611,0.099226,0.087794,0.095163,0.095163,54187.0,,3230.0,0.0,0.0,379.0,6.33333333333333,,,,,,,,,46.0,61.0,,0.61,28.06
2020-12-06,0.095165,0.100857,0.09415,0.096609,0.096609,63148.0,,3235.0,0.0,0.0,381.0,7.38461538461539,,,,,,,,,70.0,61.0,,0.61,42.7
2020-12-07,0.096641,0.100266,0.095918,0.098266,0.098266,63410.0,,,0.0,0.0,381.0,8.0,,,,,,,,,0.0,61.0,,0.61,0.0
2020-12-08,0.098257,0.100722,0.09181,0.093263,0.093263,71934.0,,3237.0,0.083,0.0,382.0,7.92307692307692,,,,,,,,,0.0,61.0,,0.61,0.0
2020-12-09,0.093269,0.09629,0.091648,0.095987,0.095987,62372.0,,,0.083,0.167,382.0,7.0,,,,,,,,,100.0,43.0,False,0.43,43.0
2020-12-10,0.09593,0.095931,0.093294,0.094651,0.094651,30874.0,,3238.0,0.0,0.083,383.0,5.46153846153846,,,,,,,,,46.0,43.0,,0.43,19.78
2020-12-11,0.094606,0.094847,0.088275,0.089265,0.089265,75648.0,,3246.0,0.0,0.0,384.0,4.91666666666667,,,,,,,,,22.0,43.0,,0.43,9.46
2020-12-12,0.089195,0.098313,0.089195,0.097419,0.097419,63809.0,,3246.0,0.0,0.0,384.0,5.0,,,,,,,,,22.0,43.0,,0.43,9.46
2020-12-13,0.097459,0.100293,0.093878,0.096305,0.096305,50450.0,,3247.0,0.0,0.0,385.0,6.0,,,,,,,,,0.0,43.0,,0.43,0.0
2020-12-14,0.096275,0.096924,0.093895,0.095039,0.095039,40013.0,,,0.091,0.0,386.0,6.08333333333333,,,,,,,,,23.0,43.0,,0.43,9.89
2020-12-15,0.094999,0.096085,0.079602,0.082003,0.082003,65489.0,,3247.0,0.091,0.0,386.0,6.0,,,,,,,,,25.0,43.0,,0.43,10.75
2020-12-16,0.081998,0.098752,0.07846,0.094363,0.094363,134364.0,,3252.0,0.0,0.0,387.0,5.5,,,,,,,,,98.0,54.0,False,0.54,52.92
2020-12-17,0.094374,0.097854,0.074489,0.077785,0.077785,132302.0,,3250.0,0.083,0.0,387.0,5.61538461538461,,,,,,,,,0.0,54.0,,0.54,0.0
2020-12-18,0.077748,0.087326,0.07359,0.077811,0.077811,42564.0,,3258.0,0.083,0.083,386.0,5.23076923076923,,,,,,,,,67.0,54.0,,0.54,36.18
2020-12-19,0.077859,0.082171,0.073683,0.078399,0.078399,33792.0,,3259.0,0.091,0.0,386.0,6.16666666666667,,,,,,,,,22.0,54.0,,0.54,11.88
2020-12-20,0.078421,0.080651,0.073157,0.074182,0.074182,24007.0,,3260.0,0.0,0.0,386.0,7.46153846153846,,,,,,,,,0.0,54.0,,0.54,0.0
2020-12-21,0.074021,0.076009,0.070417,0.073038,0.073038,24707.0,,,0.0,0.0,386.0,7.41666666666667,,,,,,,,,46.0,54.0,,0.54,24.840000000000003
2020-12-22,0.072831,0.084395,0.07068,0.077465,0.077465,154605.0,,3301.0,0.0,0.0,386.0,7.33333333333333,,,,,,,,,100.0,54.0,,0.54,54.0
2020-12-23,0.077486,0.085994,0.072068,0.077232,0.077232,153383.0,,3301.0,0.0,0.0,387.0,7.53846153846154,,,,,,,,,25.0,39.0,False,0.39,9.75
2020-12-24,0.077163,0.08615,0.072259,0.080374,0.080374,58055.0,,3289.0,0.091,0.0,387.0,7.16666666666667,,,,,,,,,0.0,39.0,,0.39,0.0
2020-12-25,0.080281,0.085418,0.078297,0.083477,0.083477,43919.0,,3290.0,0.091,0.273,387.0,6.33333333333333,,,,,,,,,23.0,39.0,,0.39,8.97
2020-12-26,0.083452,0.092053,0.079897,0.082976,0.082976,69481.0,,3323.0,0.083,0.333,388.0,6.76923076923077,,,,,,,,,0.0,39.0,,0.39,0.0
2020-12-27,0.083003,0.085123,0.07658,0.07788,0.07788,93763.0,,3343.0,0.0,0.083,388.0,6.38461538461539,,,,,,,,,22.0,39.0,,0.39,8.58
2020-12-28,0.077784,0.082282,0.074839,0.0789,0.0789,38081.0,,,0.0,0.0,388.0,6.75,,,,,,,,,97.0,39.0,,0.39,37.83
2020-12-29,0.078901,0.084668,0.075229,0.078351,0.078351,55017.0,,3373.0,0.0,0.0,389.0,7.91666666666667,,,,,,,,,0.0,39.0,,0.39,0.0
2020-12-30,0.078348,0.08524,0.078163,0.08045,0.08045,58860.0,,3384.0,0.0,0.0,389.0,7.16666666666667,,,,,,,,,26.0,42.0,False,0.42,10.92
2020-12-31,0.080471,0.082919,0.077722,0.080388,0.080388,47085.0,,3382.0,0.0,0.0,389.0,7.0,,,,,,,,,24.0,42.0,,0.42,10.08
2021-01-01,0.080362,0.09057,0.079411,0.08648,0.08648,44741.0,,3382.0,0.0,0.0,389.0,7.69230769230769,,,,,,,,,47.0,42.0,,0.42,19.74
2021-01-02,0.086479,0.093316,0.083372,0.088491,0.088491,87556.0,,3390.0,0.0,0.0,390.0,7.33333333333333,,,,,,,,,0.0,42.0,,0.42,0.0
2021-01-03,0.088638,0.09456,0.087088,0.091237,0.091237,58723.0,,3393.0,0.091,0.0,391.0,8.58333333333333,,,,,,,,,0.0,42.0,,0.42,0.0
2021-01-04,0.090994,0.09348,0.079506,0.090279,0.090279,16343.0,,,0.083,0.0,390.0,7.92307692307692,,,,,,,,,0.0,42.0,,0.42,0.0
2021-01-05,0.090265,0.094843,0.082736,0.093161,0.093161,17974.0,,3396.0,0.0,0.0,392.0,6.15384615384615,,,,,,,,,0.0,42.0,,0.42,0.0
2021-01-06,0.093161,0.108885,0.092884,0.105718,0.105718,28257.0,,3396.0,0.0,0.0,394.0,7.84615384615385,,,,,,,,,50.0,41.0,False,0.41,20.5
2021-01-07,0.105669,0.121099,0.094077,0.108576,0.108576,70013.0,,3395.0,0.091,0.091,396.0,7.33333333333333,,,,,,,,,46.0,41.0,,0.41,18.86
2021-01-08,0.108482,0.114717,0.099309,0.110633,0.110633,66834.0,,3398.0,0.364,0.091,397.0,6.66666666666667,,,,,,,,,48.0,41.0,,0.41,19.68
2021-01-09,0.11057,0.112891,0.105409,0.110386,0.110386,36585.0,,3414.0,0.083,0.0,397.0,7.07692307692308,,,,,,,,,24.0,41.0,,0.41,9.84
2021-01-10,0.110383,0.114157,0.097824,0.103909,0.103909,22713.0,,,0.0,0.091,400.0,8.25,,,,,,,,,0.0,41.0,,0.41,0.0
2021-01-11,0.103861,0.103861,0.082237,0.098071,0.098071,24835.0,,,0.182,0.273,403.0,7.66666666666667,,,,,,,,,28.0,41.0,,0.41,11.48
2021-01-12,0.09791,0.102823,0.091249,0.092976,0.092976,41129.0,,,0.167,0.25,404.0,7.53846153846154,,,,,,,,,26.0,41.0,,0.41,10.66
2021-01-13,0.093091,0.100869,0.088744,0.099837,0.099837,29666.0,,3428.0,0.0,0.0,405.0,7.58333333333333,,,,,,,,,0.0,49.0,False,0.49,0.0
2021-01-14,0.099891,0.107579,0.099762,0.104939,0.104939,28243.0,,3442.0,0.0,0.0,405.0,7.07692307692308,,,,,,,,,45.0,49.0,,0.49,22.05
2021-01-15,0.104936,0.107264,0.092904,0.098282,0.098282,20987.0,,3447.0,0.167,0.0,406.0,7.30769230769231,,,,,,,,,23.0,49.0,,0.49,11.27
2021-01-16,0.098526,0.102528,0.09502,0.096572,0.096572,38256.0,,3453.0,0.25,0.167,407.0,7.76923076923077,,,,,,,,,45.0,49.0,,0.49,22.05
2021-01-17,0.096544,0.097858,0.088602,0.095022,0.095022,19334.0,,3452.0,0.182,0.182,409.0,7.91666666666667,,,,,,,,,45.0,49.0,,0.49,22.05
2021-01-18,0.094895,0.099057,0.092888,0.096062,0.096062,11940.0,,,0.083,0.25,410.0,7.61538461538461,,,,,,,,,46.0,49.0,,0.49,22.54
2021-01-19,0.096029,0.100182,0.095083,0.095083,0.095083,22163.0,,3474.0,0.091,0.273,413.0,7.75,,,,,,,,,0.0,49.0,,0.49,0.0
2021-01-20,0.094805,0.096412,0.088342,0.093763,0.093763,18171.0,,3475.0,0.083,0.25,416.0,7.92307692307692,,,,,,,,,25.0,60.0,False,0.6,15.0
2021-01-21,0.093582,0.093582,0.08002,0.081548,0.081548,44802.0,,3480.0,0.0,0.0,417.0,6.30769230769231,,,,,,,,,44.0,60.0,,0.6,26.4
2021-01-22,0.081392,0.090082,0.07623,0.086517,0.086517,33231.0,,3485.0,0.0,0.0,419.0,5.5,,,,,,,,,66.0,60.0,,0.6,39.6
2021-01-23,0.086687,0.088812,0.079476,0.07962,0.07962,29045.0,,3492.0,0.0,0.0,421.0,6.92307692307692,,,,,,,,,0.0,60.0,,0.6,0.0
2021-01-24,0.079632,0.08412,0.063781,0.082755,0.082755,13304.0,,3493.0,0.083,0.0,421.0,7.92307692307692,,,,,,,,,46.0,60.0,,0.6,27.6
2021-01-25,0.082745,0.088022,0.074301,0.074887,0.074887,31813.0,,,0.0,0.0,421.0,8.0,,,,,,,,,47.0,60.0,,0.6,28.2
2021-01-26,0.074883,0.084511,0.072323,0.078232,0.078232,21511.0,,3496.0,0.0,0.083,423.0,7.0,,,,,,,,,0.0,60.0,,0.6,0.0
2021-01-27,0.078164,0.083188,0.06792,0.07176,0.07176,54484.0,,3496.0,0.0,0.0,424.0,6.91666666666667,,,,,,,,,25.0,54.0,False,0.54,13.5
2021-01-28,0.071747,0.079141,0.070632,0.078206,0.078206,38622.0,,3499.0,0.0,0.0,425.0,7.25,,,,,,,,,68.0,54.0,,0.54,36.72
2021-01-29,0.080085,0.084065,0.061175,0.077707,0.077707,102872.0,,3504.0,0.0,0.0,426.0,8.75,,,,,,,,,89.0,54.0,,0.54,48.06
2021-01-30,0.077889,0.080111,0.074578,0.076903,0.076903,33441.0,,3510.0,0.0,0.0,428.0,7.83333333333333,,,,,,,,,0.0,54.0,,0.54,0.0
2021-01-31,0.076807,0.099982,0.075776,0.090228,0.090228,64254.0,,3504.0,0.0,0.0,430.0,7.30769230769231,,,,,,,,,44.0,54.0,,0.54,23.76
2021-02-01,0.090148,0.090236,0.076826,0.079041,0.079041,39725.0,,,0.0,0.0,430.0,8.25,,,,,,,,,47.0,54.0,,0.54,25.380000000000003
2021-02-02,0.079126,0.105534,0.077815,0.104947,0.104947,73765.0,,3507.0,0.0,0.0,434.0,8.76923076923077,,,,,,,,,100.0,54.0,,0.54,54.0
2021-02-03,0.104986,0.117227,0.097566,0.104551,0.104551,42905.0,,3513.0,0.167,0.333,436.0,8.0,,,,,,,,,75.0,39.0,False,0.39,29.25
2021-02-04,0.104626,0.131124,0.102695,0.122096,0.122096,63170.0,,3521.0,0.417,0.917,437.0,9.15384615384615,,,,,,,,,0.0,39.0,,0.39,0.0
2021-02-05,0.122057,0.13719,0.108971,0.115789,0.115789,66823.0,,3524.0,0.636,0.909,440.0,10.75,,,,,,,,,45.0,39.0,,0.39,17.55
2021-02-06,0.116026,0.134995,0.113768,0.113902,0.113902,72407.0,,3528.0,0.364,0.455,441.0,8.16666666666667,,,,,,,,,67.0,39.0,,0.39,26.130000000000003
2021-02-07,0.114016,0.11578,0.109015,0.114736,0.114736,21907.0,,3537.0,0.167,0.833,445.0,8.07692307692308,,,,,,,,,0.0,39.0,,0.39,0.0
2021-02-08,0.114727,0.128628,0.104086,0.11393,0.11393,64181.0,,,0.25,0.667,445.0,8.53846153846154,,,,,,,,,93.0,39.0,,0.39,36.27
2021-02-09,0.114051,0.118806,0.105308,0.108649,0.108649,58806.0,,3538.0,0.182,0.273,449.0,6.16666666666667,,,,,,,,,51.0,39.0,,0.39,19.89
2021-02-10,0.108642,0.111679,0.100151,0.105676,0.105676,29200.0,,3535.0,0.091,0.091,450.0,8.16666666666667,,,,,,,,,25.0,28.0,False,0.28,7.000000000000001
2021-02-11,0.105769,0.117662,0.10074,0.116057,0.116057,43309.0,,3539.0,0.167,0.167,453.0,8.07692307692308,,,,,,,,,0.0,28.0,,0.28,0.0
2021-02-12,0.116294,0.135279,0.113094,0.115061,0.115061,47647.0,,3538.0,0.167,0.417,455.0,7.15384615384615,,,,,,,,,34.0,28.0,,0.28,9.52
2021-02-13,0.114999,0.126352,0.114264,0.116943,0.116943,33206.0,,3540.0,0.167,0.417,455.0,8.38461538461539,,,,,,,,,34.0,28.0,,0.28,9.52
2021-02-14,0.116981,0.121606,0.115072,0.119226,0.119226,46207.0,,3553.0,0.091,0.091,461.0,9.58333333333333,,,,,,,,,34.0,28.0,,0.28,9.52
2021-02-15,0.11924,0.127782,0.112097,0.116782,0.116782,37438.0,,,0.0,0.182,463.0,8.5,,,,,,,,,35.0,28.0,,0.28,9.8
2021-02-16,0.116785,0.123029,0.113767,0.118364,0.118364,60122.0,,3551.0,0.083,0.333,469.0,9.46153846153846,,,,,,,,,37.0,28.0,,0.28,10.36
2021-02-17,0.11828,0.12831,0.116817,0.126119,0.126119,12659.0,,3562.0,0.083,0.25,469.0,10.4615384615385,,,,,,,,,37.0,38.0,False,0.38,14.06
2021-02-18,0.1261,0.129406,0.120085,0.123067,0.123067,17855.0,,3567.0,0.0,0.0,471.0,8.91666666666667,,,,,,,,,0.0,38.0,,0.38,0.0
2021-02-19,0.123063,0.136234,0.115335,0.136008,0.136008,72172.0,,3587.0,0.0,0.182,473.0,7.33333333333333,,,,,,,,,0.0,38.0,,0.38,0.0
2021-02-20,0.135983,0.236168,0.134896,0.217459,0.217459,130249.0,,3594.0,0.083,0.417,475.0,7.38461538461539,,,,,,,,,34.0,38.0,,0.38,12.92
2021-02-21,0.217452,0.234159,0.176471,0.22673,0.22673,87977.0,,3610.0,0.273,1.0,478.0,8.83333333333333,,,,,,,,,35.0,38.0,,0.38,13.3
2021-02-22,0.226714,0.226714,0.171136,0.200214,0.200214,143345.0,,,0.583,2.5,483.0,12.8461538461538,,,,,,,,,0.0,38.0,,0.38,0.0
2021-02-23,0.200159,0.201518,0.15281,0.164628,0.164628,25624.0,,3613.0,0.417,2.25,487.0,13.6153846153846,,,,,,,,,38.0,38.0,,0.38,14.44
2021-02-24,0.164667,0.179967,0.161509,0.168434,0.168434,49543.0,,3628.0,0.0,0.0,489.0,9.16666666666667,,,,,,,,,75.0,28.0,False,0.28,21.000000000000004
2021-02-25,0.168458,0.175442,0.15716,0.158886,0.158886,57993.0,,3639.0,0.0,0.0,491.0,8.5,,,,,,,,,68.0,28.0,,0.28,19.040000000000003
2021-02-26,0.15875,0.16035,0.133785,0.134029,0.134029,84749.0,,3638.0,0.182,0.273,494.0,8.58333333333333,,,,,,,,,0.0,28.0,,0.28,0.0
2021-02-27,0.134051,0.140884,0.125842,0.131143,0.131143,44013.0,,,0.0,0.167,495.0,8.69230769230769,,,,,,,,,34.0,28.0,,0.28,9.52
2021-02-28,0.131089,0.132761,0.112315,0.120351,0.120351,57739.0,,3650.0,0.0,0.091,497.0,8.66666666666667,,,,,,,,,34.0,28.0,,0.28,9.52
2021-03-01,0.120373,0.140895,0.120107,0.133087,0.133087,70783.0,,,0.0,0.0,498.0,8.0,,,,,,,,,36.0,28.0,,0.28,10.080000000000002
2021-03-02,0.133136,0.141233,0.124297,0.128889,0.128889,62517.0,,3658.0,0.0,0.0,500.0,7.33333333333333,,,,,,,,,38.0,28.0,,0.28,10.64
2021-03-03,0.1289,0.140608,0.127712,0.13656,0.13656,88323.0,,3666.0,0.0,0.0,500.0,7.69230769230769,,,,,,,,,39.0,39.0,False,0.39,15.21
2021-03-04,0.13656,0.142117,0.126554,0.128607,0.128607,112591.0,,3676.0,0.0,0.0,503.0,7.46153846153846,,,,,,,,,0.0,39.0,,0.39,0.0
2021-03-05,0.128597,0.140815,0.123661,0.136047,0.136047,68626.0,,3678.0,0.091,0.455,504.0,8.41666666666667,,,,,,,,,68.0,39.0,,0.39,26.52
2021-03-06,0.136025,0.136693,0.129277,0.135481,0.135481,42792.0,,3677.0,0.273,1.091,505.0,8.83333333333333,,,,,,,,,100.0,39.0,,0.39,39.0
2021-03-07,0.135457,0.142558,0.132985,0.139957,0.139957,27547.0,,3678.0,0.167,0.833,506.0,8.15384615384615,,,,,,,,,67.0,39.0,,0.39,26.130000000000003
2021-03-08,0.139957,0.146833,0.134564,0.14294,0.14294,9542.0,,,0.0,0.083,506.0,7.53846153846154,,,,,,,,,35.0,39.0,,0.39,13.65
2021-03-09,0.142947,0.158222,0.141671,0.150827,0.150827,22057.0,,3673.0,0.0,0.083,507.0,6.92307692307692,,,,,,,,,39.0,39.0,,0.39,15.21
2021-03-10,0.150942,0.160562,0.140655,0.15205,0.15205,20273.0,,3683.0,0.083,0.083,507.0,7.07692307692308,,,,,,,,,0.0,27.0,False,0.27,0.0
2021-03-11,0.152063,0.170767,0.146708,0.159515,0.159515,57764.0,,3697.0,0.25,0.667,508.0,7.53846153846154,,,,,,,,,38.0,27.0,,0.27,10.260000000000002
2021-03-12,0.15952,0.165705,0.15004,0.159869,0.159869,48453.0,,3716.0,0.333,1.083,511.0,9.46153846153846,,,,,,,,,19.0,27.0,,0.27,5.130000000000001
2021-03-13,0.159852,0.173762,0.151069,0.169601,0.169601,35756.0,,3749.0,0.182,0.545,513.0,9.25,,,,,,,,,0.0,27.0,,0.27,0.0
2021-03-14,0.169559,0.173383,0.14975,0.1702,0.1702,26191.0,,3756.0,0.273,0.545,515.0,7.66666666666667,,,,,,,,,19.0,27.0,,0.27,5.130000000000001
2021-03-15,0.170067,0.173665,0.144933,0.148672,0.148672,28854.0,,,0.182,0.182,517.0,7.41666666666667,,,,,,,,,40.0,27.0,,0.27,10.8
2021-03-16,0.148677,0.182909,0.14141,0.181901,0.181901,35091.0,,3783.0,0.273,0.727,515.0,8.16666666666667,,,,,,,,,43.0,27.0,,0.27,11.61
2021-03-17,0.181963,0.204453,0.167278,0.200018,0.200018,74705.0,,3737.0,0.182,0.364,520.0,9.66666666666667,,,,,,,,,22.0,33.0,False,0.33,7.260000000000001
2021-03-18,0.200102,0.201916,0.155256,0.171176,0.171176,56812.0,,,0.0,0.0,521.0,9.33333333333333,,,,,,,,,19.0,33.0,,0.33,6.2700000000000005
2021-03-19,0.171169,0.178316,0.164376,0.173469,0.173469,26747.0,,,0.0,0.0,522.0,7.08333333333333,,,,,,,,,0.0,33.0,,0.33,0.0
2021-03-20,0.173504,0.184641,0.170528,0.177501,0.177501,42258.0,,3715.0,0.0,0.0,523.0,7.15384615384615,,,,,,,,,0.0,33.0,,0.33,0.0
2021-03-21,0.177461,0.184104,0.162456,0.17171,0.17171,61876.0,,3723.0,0.0,0.0,524.0,8.58333333333333,,,,,,,,,39.0,33.0,,0.33,12.87
2021-03-22,0.171734,0.179394,0.167396,0.168032,0.168032,69799.0,,,0.091,0.273,524.0,7.25,,,,,,,,,60.0,33.0,,0.33,19.8
2021-03-23,0.168009,0.190102,0.162903,0.168437,0.168437,46112.0,,3737.0,0.167,0.75,525.0,6.53846153846154,,,,,,,,,0.0,33.0,,0.33,0.0
2021-03-24,0.168362,0.181836,0.155359,0.157435,0.157435,102886.0,,3762.0,0.091,0.727,526.0,6.83333333333333,,,,,,,,,0.0,36.0,False,0.36,0.0
2021-03-25,0.157446,0.159468,0.144761,0.148944,0.148944,46407.0,,,0.083,0.5,527.0,7.15384615384615,,,,,,,,,16.0,36.0,,0.36,5.76
2021-03-26,0.148931,0.16729,0.144427,0.163353,0.163353,41608.0,,3781.0,0.0,0.0,527.0,6.58333333333333,,,,,,,,,32.0,36.0,,0.36,11.52
2021-03-27,0.163407,0.172859,0.144359,0.152317,0.152317,37467.0,,3785.0,0.0,0.0,528.0,6.30769230769231,,,,,,,,,0.0,36.0,,0.36,0.0
2021-03-28,0.152297,0.171653,0.151642,0.164724,0.164724,31152.0,,3799.0,0.091,0.273,528.0,6.91666666666667,,,,,,,,,0.0,36.0,,0.36,0.0
2021-03-29,0.16472,0.171256,0.155438,0.160543,0.160543,55862.0,,,0.4,1.1,529.0,8.36363636363636,,,,,,,,,0.0,36.0,,0.36,0.0
2021-03-30,0.160548,0.167763,0.156297,0.158105,0.158105,54122.0,,3677.0,0.364,0.818,531.0,11.0833333333333,,,,,,,,,0.0,36.0,,0.36,0.0
2021-03-31,0.158104,0.163223,0.154814,0.158547,0.158547,42726.0,,3678.0,0.091,0.455,534.0,10.25,,,,,,,,,22.0,60.0,False,0.6,13.2
2021-04-01,0.158552,0.165015,0.156816,0.15762,0.15762,32919.0,,3682.0,0.333,1.167,537.0,9.69230769230769,,,,,,,,,0.0,60.0,,0.6,0.0
2021-04-02,0.15759,0.169738,0.156675,0.163441,0.163441,39809.0,,3691.0,0.333,1.5,537.0,9.92307692307692,,,,,,,,,0.0,60.0,,0.6,0.0
2021-04-03,0.163457,0.177176,0.16292,0.166633,0.166633,50540.0,,3704.0,0.273,1.273,538.0,9.0,,,,,,,,,58.0,60.0,,0.6,34.8
2021-04-04,0.166575,0.174416,0.161773,0.169801,0.169801,34522.0,,3721.0,0.091,0.636,538.0,8.08333333333333,,,,,,,,,20.0,60.0,,0.6,12.0
2021-04-05,0.169821,0.181602,0.160304,0.160722,0.160722,61697.0,,,0.0,0.0,538.0,7.23076923076923,,,,,,,,,0.0,60.0,,0.6,0.0
2021-04-06,0.161058,0.164412,0.154455,0.156377,0.156377,22921.0,,3745.0,0.0,0.0,538.0,7.08333333333333,,,,,,,,,22.0,60.0,,0.6,13.2
2021-04-07,0.156274,0.163009,0.150328,0.161669,0.161669,40055.0,,3756.0,0.0,0.0,539.0,6.69230769230769,,,,,,,,,22.0,46.0,False,0.46,10.12
2021-04-08,0.161297,0.165418,0.154233,0.157839,0.157839,2077.0,,3758.0,0.0,0.0,538.0,38.9230769230769,,,,,,,,,39.0,46.0,,0.46,17.94
2021-04-09,0.157868,0.167098,0.155015,0.155584,0.155584,1063.0,,3767.0,0.273,0.545,540.0,43.6666666666667,,,,,,,,,100.0,46.0,,0.46,46.0
2021-04-10,0.155607,0.203417,0.153735,0.156249,0.156249,63043.0,,3769.0,0.182,0.636,540.0,7.66666666666667,,,,,,,,,0.0,46.0,,0.46,0.0
2021-04-11,0.156256,0.167982,0.153818,0.156054,0.156054,33601.0,,3782.0,0.0,0.2,541.0,5.27272727272727,,,,,,,,,32.0,46.0,,0.46,14.72
2021-04-12,0.156044,0.162046,0.153371,0.160179,0.160179,24329.0,,,0.0,0.0,543.0,5.54545454545455,,,,,,,,,0.0,46.0,,0.46,0.0
2021-04-13,0.160074,0.172753,0.159366,0.172744,0.172744,42189.0,,3799.0,0.182,0.455,546.0,24.4166666666667,,,,,,,,,35.0,46.0,,0.46,16.1
2021-04-14,0.17248,0.176864,0.166015,0.169928,0.169928,33490.0,,3820.0,0.091,0.182,548.0,25.0,,,,,,,,,35.0,11.0,False,0.11,3.85
2021-04-15,0.170024,0.241623,0.169116,0.207011,0.207011,89824.0,,3831.0,0.2,0.5,549.0,6.27272727272727,,,,,,,,,0.0,11.0,,0.11,0.0
2021-04-16,0.207104,0.214402,0.18594,0.191467,0.191467,36612.0,,3839.0,0.182,0.818,551.0,6.25,,,,,,,,,58.0,11.0,,0.11,6.38
2021-04-17,0.191233,0.214247,0.188549,0.191132,0.191132,59319.0,,3846.0,0.273,0.727,558.0,11.0833333333333,,,,,,,,,29.0,11.0,,0.11,3.19
2021-04-18,0.191009,0.201703,0.157559,0.170492,0.170492,105110.0,,3862.0,0.273,0.636,563.0,12.0833333333333,,,,,,,,,0.0,11.0,,0.11,0.0
2021-04-19,0.170435,0.189251,0.167147,0.172716,0.172716,28351.0,,,0.167,0.417,563.0,7.61538461538461,,,,,,,,,0.0,11.0,,0.11,0.0
2021-04-20,0.172448,0.18255,0.164965,0.175215,0.175215,31748.0,,3868.0,0.0,0.0,567.0,6.83333333333333,,,,,,,,,0.0,11.0,,0.11,0.0
2021-04-21,0.175386,0.17867,0.165458,0.168156,0.168156,43520.0,,3870.0,0.091,0.182,568.0,6.91666666666667,,,,,,,,,66.0,38.0,False,0.38,25.08
2021-04-22,0.168177,0.184976,0.158305,0.166508,0.166508,52933.0,,3879.0,0.083,0.25,568.0,7.23076923076923,,,,,,,,,0.0,38.0,,0.38,0.0
2021-04-23,0.166387,0.196629,0.148715,0.187906,0.187906,78626.0,,3884.0,0.083,0.333,569.0,6.84615384615385,,,,,,,,,29.0,38.0,,0.38,11.02
2021-04-24,0.187902,0.21304,0.175125,0.198503,0.198503,38596.0,,3896.0,0.167,0.167,570.0,6.23076923076923,,,,,,,,,0.0,38.0,,0.38,0.0
2021-04-25,0.198464,0.210012,0.180732,0.191854,0.191854,51922.0,,3898.0,0.167,0.417,570.0,7.46153846153846,,,,,,,,,30.0,38.0,,0.38,11.4
2021-04-26,0.191877,0.215894,0.191284,0.212697,0.212697,70605.0,,,0.0,0.167,573.0,7.0,,,,,,,,,0.0,38.0,,0.38,0.0
2021-04-27,0.212759,0.272328,0.205803,0.254865,0.254865,103397.0,,3919.0,0.0,0.273,574.0,8.33333333333333,,,,,,,,,100.0,38.0,,0.38,38.0
2021-04-28,0.255105,0.265494,0.234924,0.238628,0.238628,54352.0,,3923.0,0.091,0.636,578.0,17.25,,,,,,,,,33.0,22.0,False,0.22,7.26
2021-04-29,0.238699,0.266063,0.231737,0.254263,0.254263,64171.0,,3953.0,0.182,0.545,577.0,21.8333333333333,,,,,,,,,0.0,22.0,,0.22,0.0
2021-04-30,0.254169,0.292155,0.244615,0.282275,0.282275,22227.0,,3958.0,0.083,0.167,578.0,14.2307692307692,,,,,,,,,29.0,22.0,,0.22,6.38
2021-05-01,0.282163,0.299685,0.277055,0.287435,0.287435,21688.0,,3965.0,0.083,0.25,577.0,23.6153846153846,,,,,,,,,59.0,22.0,,0.22,12.98
2021-05-02,0.287451,0.287821,0.25016,0.273407,0.273407,5918.0,,3980.0,0.091,0.273,578.0,23.9166666666667,,,,,,,,,30.0,22.0,,0.22,6.6
2021-05-03,0.273455,0.28481,0.244745,0.246601,0.246601,6534.0,,,0.083,0.417,578.0,22.9230769230769,,,,,,,,,31.0,22.0,,0.22,6.82
2021-05-04,0.246764,0.271124,0.22966,0.230042,0.230042,6196.0,,3979.0,0.083,0.417,579.0,22.6153846153846,,,,,,,,,0.0,22.0,,0.22,0.0
2021-05-05,0.230273,0.27635,0.228699,0.24136,0.24136,3901.0,,3986.0,0.0,0.0,580.0,24.3333333333333,,,,,,,,,0.0,43.0,False,0.43,0.0
2021-05-06,0.241277,0.244613,0.18783,0.197264,0.197264,19656.0,,4010.0,0.273,0.636,582.0,10.4166666666667,,,,,,,,,0.0,43.0,,0.43,0.0
2021-05-07,0.197398,0.216553,0.188754,0.196089,0.196089,4692.0,,4023.0,0.25,0.667,585.0,10.9230769230769,,,,,,,,,29.0,43.0,,0.43,12.47
2021-05-08,0.196127,0.219895,0.19117,0.194215,0.194215,6895.0,,4030.0,0.0,0.0,585.0,7.84615384615385,,,,,,,,,59.0,43.0,,0.43,25.37
2021-05-09,0.194338,0.211815,0.187326,0.196946,0.196946,5798.0,,4034.0,0.0,0.0,585.0,6.53846153846154,,,,,,,,,88.0,43.0,,0.43,37.84
2021-05-10,0.196992,0.202159,0.180598,0.182323,0.182323,4232.0,,,0.0,0.0,586.0,5.91666666666667,,,,,,,,,0.0,43.0,,0.43,0.0
2021-05-11,0.182438,0.197083,0.178354,0.184616,0.184616,2505.0,,4052.0,0.0,0.0,588.0,7.16666666666667,,,,,,,,,84.0,43.0,,0.43,36.12
2021-05-12,0.184585,0.196885,0.16214,0.16214,0.16214,1727.0,,,0.091,0.182,591.0,7.58333333333333,,,,,,,,,0.0,33.0,False,0.33,0.0
2021-05-13,0.159652,0.175687,0.152602,0.162797,0.162797,4288.0,,4070.0,0.083,0.167,592.0,7.84615384615385,,,,,,,,,0.0,33.0,,0.33,0.0
2021-05-14,0.162754,0.182577,0.159917,0.165437,0.165437,4234.0,,4071.0,0.091,0.364,591.0,8.91666666666667,,,,,,,,,0.0,33.0,,0.33,0.0
2021-05-15,0.16546,0.179478,0.15091,0.151321,0.151321,2026.0,,4080.0,0.083,0.5,591.0,8.30769230769231,,,,,,,,,25.0,33.0,,0.33,8.25
2021-05-16,0.15122,0.164387,0.144566,0.152756,0.152756,904.0,,4087.0,0.167,0.417,591.0,7.53846153846154,,,,,,,,,25.0,33.0,,0.33,8.25
2021-05-17,0.152681,0.157116,0.132951,0.133134,0.133134,72883.0,,,0.182,0.364,593.0,8.66666666666667,,,,,,,,,0.0,33.0,,0.33,0.0
2021-05-18,0.133646,0.149366,0.126343,0.129058,0.129058,45304.0,,4098.0,0.0,0.091,596.0,8.5,,,,,,,,,57.0,33.0,,0.33,18.81
2021-05-19,0.128911,0.13045,0.090736,0.112283,0.112283,47568.0,,4097.0,0.083,1.0,599.0,7.38461538461539,,,,,,,,,29.0,17.0,False,0.17,4.930000000000001
2021-05-20,0.111819,0.152466,0.103587,0.140948,0.140948,45812.0,,4105.0,0.091,1.091,602.0,7.5,,,,,,,,,0.0,17.0,,0.17,0.0
2021-05-21,0.141465,0.148367,0.099517,0.108192,0.108192,43025.0,,4116.0,0.091,0.364,602.0,7.66666666666667,,,,,,,,,24.0,17.0,,0.17,4.08
2021-05-22,0.108385,0.114461,0.103726,0.113314,0.113314,28777.0,,4117.0,0.0,0.0,602.0,8.83333333333333,,,,,,,,,25.0,17.0,,0.17,4.25
2021-05-23,0.11338,0.115725,0.094876,0.113718,0.113718,73478.0,,4114.0,0.0,0.0,617.0,9.33333333333333,,,,,,,,,0.0,17.0,,0.17,0.0
2021-05-24,0.113313,0.129073,0.11177,0.126704,0.126704,54284.0,,,0.083,0.25,617.0,8.15384615384615,,,,,,,,,0.0,17.0,,0.17,0.0
2021-05-25,0.126998,0.130214,0.118506,0.125656,0.125656,4097.0,,4122.0,0.083,0.25,617.0,8.30769230769231,,,,,,,,,0.0,17.0,,0.17,0.0
2021-05-26,0.125957,0.132979,0.106933,0.124202,0.124202,43798.0,,4129.0,0.0,0.0,621.0,11.6666666666667,,,,,,,,,0.0,50.0,False,0.5,0.0
2021-05-27,0.12412,0.125934,0.115915,0.117023,0.117023,49385.0,,4129.0,0.0,0.0,622.0,34.6923076923077,,,,,,,,,100.0,50.0,,0.5,50.0
2021-05-28,0.117034,0.118309,0.105868,0.108586,0.108586,56727.0,,4131.0,0.0,0.0,625.0,32.3846153846154,,,,,,,,,75.0,50.0,,0.5,37.5
2021-05-29,0.108685,0.113386,0.101674,0.105275,0.105275,23397.0,,4133.0,0.0,0.0,627.0,9.16666666666667,,,,,,,,,49.0,50.0,,0.5,24.5
2021-05-30,0.105374,0.117132,0.100772,0.113281,0.113281,36216.0,,4134.0,0.0,0.0,628.0,10.7692307692308,,,,,,,,,0.0,50.0,,0.5,0.0
2021-05-31,0.113338,0.12093,0.108789,0.118982,0.118982,53661.0,,,0.091,0.182,630.0,10.8333333333333,,,,,,,,,52.0,50.0,,0.5,26.0
2021-06-01,0.119039,0.122036,0.113603,0.118025,0.118025,48849.0,,4156.0,0.0,0.182,631.0,11.1666666666667,,,,,,,,,28.0,50.0,,0.5,14.0
2021-06-02,0.118084,0.120836,0.111831,0.113072,0.113072,25532.0,,4162.0,0.0,0.091,632.0,37.3333333333333,,,,,,,,,0.0,33.0,False,0.33,0.0
2021-06-03,0.112973,0.119844,0.111963,0.118781,0.118781,57095.0,,4175.0,0.167,0.583,633.0,35.1538461538462,,,,,,,,,25.0,33.0,,0.33,8.25
2021-06-04,0.118896,0.119243,0.107956,0.111546,0.111546,59093.0,,4175.0,0.273,1.182,634.0,12.0833333333333,,,,,,,,,0.0,33.0,,0.33,0.0
2021-06-05,0.111495,0.117382,0.105384,0.109793,0.109793,41735.0,,4180.0,0.182,1.273,637.0,11.8333333333333,,,,,,,,,0.0,33.0,,0.33,0.0
2021-06-06,0.109806,0.110754,0.106215,0.110302,0.110302,26692.0,,4184.0,0.091,1.273,642.0,12.6666666666667,,,,,,,,,25.0,33.0,,0.33,8.25
2021-06-07,0.110327,0.11391,0.100475,0.101559,0.101559,60798.0,,,0.25,1.0,644.0,15.1538461538462,,,,,,,,,27.0,33.0,,0.33,8.91
2021-06-08,0.101368,0.10338,0.093967,0.100452,0.100452,96175.0,,4207.0,0.167,0.917,645.0,17.4615384615385,,,,,,,,,0.0,33.0,,0.33,0.0
2021-06-09,0.100433,0.114152,0.097449,0.113404,0.113404,62935.0,,,0.182,0.636,645.0,16.3333333333333,,,,,,,,,0.0,51.0,False,0.51,0.0
2021-06-10,0.113567,0.116592,0.107912,0.110522,0.110522,55542.0,,4222.0,0.333,1.083,646.0,13.0769230769231,,,,,,,,,26.0,51.0,,0.51,13.26
2021-06-11,0.110545,0.113724,0.108269,0.113217,0.113217,37980.0,,4221.0,0.273,0.636,648.0,11.3333333333333,,,,,,,,,29.0,51.0,,0.51,14.79
2021-06-12,0.1134,0.113625,0.105463,0.105821,0.105821,2422.0,,,0.0,0.091,651.0,12.0,,,,,,,,,0.0,51.0,,0.51,0.0
2021-06-13,0.10595,0.117539,0.101726,0.113883,0.113883,5487.0,,4314.0,0.091,0.455,652.0,13.6666666666667,,,,,,,,,0.0,51.0,,0.51,0.0
2021-06-14,0.113896,0.124424,0.112963,0.118168,0.118168,4333.0,,,0.091,0.364,654.0,13.1666666666667,,,,,,,,,61.0,51.0,,0.51,31.11
2021-06-15,0.122234,0.127003,0.117272,0.121176,0.121176,62690.0,,4593.0,0.182,0.273,657.0,13.9166666666667,,,,,,,,,0.0,51.0,,0.51,0.0
2021-06-16,0.119293,0.122818,0.097747,0.114854,0.114854,54340.0,,,0.273,1.091,658.0,13.6666666666667,,,,,,,,,0.0,28.0,False,0.28,0.0
2021-06-17,0.114881,0.120381,0.102245,0.109782,0.109782,4645.0,,4755.0,0.364,0.909,659.0,13.6666666666667,,,,,,,,,56.0,28.0,,0.28,15.68
2021-06-18,0.109782,0.113377,0.101759,0.102933,0.102933,33681.0,,4813.0,0.364,1.091,664.0,13.25,,,,,,,,,85.0,28.0,,0.28,23.8
2021-06-19,0.103127,0.105622,0.096008,0.09675,0.09675,8074.0,,4839.0,0.273,0.727,667.0,11.25,,,,,,,,,29.0,28.0,,0.28,8.120000000000001
2021-06-20,0.096606,0.099183,0.091547,0.098883,0.098883,17452.0,,4869.0,0.25,0.417,669.0,34.5384615384615,,,,,,,,,0.0,28.0,,0.28,0.0
2021-06-21,0.098883,0.099965,0.086379,0.087283,0.087283,50782.0,,,0.0,0.083,670.0,35.5384615384615,,,,,,,,,59.0,28.0,,0.28,16.520000000000003
2021-06-22,0.08743,0.094239,0.081734,0.089562,0.089562,61410.0,,4978.0,0.091,0.182,672.0,12.25,,,,,,,,,99.0,28.0,,0.28,27.72
2021-06-23,0.089657,0.094796,0.087635,0.0922,0.0922,23973.0,,4988.0,0.25,0.417,675.0,9.69230769230769,,,,,,,,,0.0,16.0,False,0.16,0.0
2021-06-24,0.091657,0.102495,0.084656,0.090398,0.090398,31826.0,,4991.0,0.273,0.545,678.0,10.3333333333333,,,,,,,,,0.0,16.0,,0.16,0.0
2021-06-25,0.090348,0.093423,0.077651,0.08408,0.08408,37850.0,,5017.0,0.1,0.4,679.0,11.6363636363636,,,,,,,,,28.0,16.0,,0.16,4.48
2021-06-26,0.084046,0.085369,0.074164,0.082224,0.082224,33942.0,,5035.0,0.0,0.0,679.0,12.5,,,,,,,,,0.0,16.0,,0.16,0.0
2021-06-27,0.082447,0.089781,0.082447,0.089301,0.089301,46458.0,,5051.0,0.0,0.0,679.0,13.5833333333333,,,,,,,,,0.0,16.0,,0.16,0.0
2021-06-28,0.089424,0.095282,0.085553,0.086804,0.086804,25818.0,,,0.0,0.0,679.0,12.5833333333333,,,,,,,,,30.0,16.0,,0.16,4.8
2021-06-29,0.086754,0.092907,0.084403,0.089426,0.089426,52599.0,,5085.0,0.0,0.0,679.0,12.7692307692308,,,,,,,,,65.0,16.0,,0.16,10.4
2021-06-30,0.08928,0.089873,0.080248,0.08239,0.08239,21840.0,,,0.0,0.0,681.0,13.4166666666667,,,,,,,,,0.0,51.0,False,0.51,0.0
2021-07-01,0.082408,0.082408,0.077368,0.078988,0.078988,23039.0,,5144.0,0.0,0.0,681.0,13.25,,,,,,,,,29.0,51.0,,0.51,14.79
2021-07-02,0.079074,0.081315,0.076882,0.079708,0.079708,37831.0,,5161.0,0.0,0.0,682.0,14.5384615384615,,,,,,,,,58.0,51.0,,0.51,29.58
2021-07-03,0.079604,0.08332,0.072675,0.074684,0.074684,27010.0,,5165.0,0.0,0.0,684.0,16.2307692307692,,,,,,,,,57.0,51.0,,0.51,29.07
2021-07-04,0.074674,0.105257,0.074343,0.078735,0.078735,27414.0,,5172.0,0.083,0.167,685.0,64.5384615384615,,,,,,,,,30.0,51.0,,0.51,15.3
2021-07-05,0.078755,0.079035,0.070606,0.074714,0.074714,24870.0,,,0.167,0.167,685.0,62.8461538461538,,,,,,,,,31.0,51.0,,0.51,15.81
2021-07-06,0.074546,0.082199,0.072628,0.073284,0.073284,20369.0,,5204.0,0.182,0.364,686.0,13.75,,,,,,,,,100.0,51.0,,0.51,51.0
2021-07-07,0.073355,0.080719,0.065533,0.075848,0.075848,38987.0,,5210.0,0.273,1.0,686.0,11.5833333333333,,,,,,,,,0.0,34.0,False,0.34,0.0
2021-07-08,0.075884,0.076002,0.065856,0.070285,0.070285,54348.0,,5217.0,0.091,0.455,686.0,10.6666666666667,,,,,,,,,29.0,34.0,,0.34,9.86
2021-07-09,0.070355,0.075546,0.069301,0.075149,0.075149,11513.0,,5215.0,0.0,0.091,687.0,11.4166666666667,,,,,,,,,87.0,34.0,,0.34,29.58
2021-07-10,0.075005,0.07592,0.07227,0.07441,0.07441,23842.0,,5210.0,0.0,0.0,687.0,11.0,,,,,,,,,0.0,34.0,,0.34,0.0
2021-07-11,0.074438,0.084012,0.073944,0.082495,0.082495,39074.0,,5209.0,0.0,0.0,687.0,13.25,,,,,,,,,0.0,34.0,,0.34,0.0
2021-07-12,0.082506,0.089194,0.079123,0.082881,0.082881,60184.0,,,0.0,0.0,687.0,12.0769230769231,,,,,,,,,0.0,34.0,,0.34,0.0
2021-07-13,0.082874,0.084189,0.078392,0.07977,0.07977,35129.0,,5215.0,0.0,0.0,687.0,11.5833333333333,,,,,,,,,36.0,34.0,,0.34,12.24
2021-07-14,0.079786,0.081969,0.076907,0.080395,0.080395,49020.0,,5212.0,0.0,0.0,688.0,11.5454545454545,,,,,,,,,0.0,23.0,False,0.23,0.0
2021-07-15,0.080396,0.082147,0.075596,0.07854,0.07854,33151.0,,5227.0,0.0,0.0,689.0,38.8333333333333,,,,,,,,,66.0,23.0,,0.23,15.18
2021-07-16,0.078715,0.096845,0.075252,0.094795,0.094795,62098.0,,5225.0,0.0,0.0,690.0,39.0833333333333,,,,,,,,,32.0,23.0,,0.23,7.36
2021-07-17,0.094776,0.096964,0.09359,0.094073,0.094073,35620.0,,5225.0,0.083,0.417,690.0,12.3846153846154,,,,,,,,,0.0,23.0,,0.23,0.0
2021-07-18,0.094094,0.096634,0.092825,0.094399,0.094399,10393.0,,5233.0,0.0,0.0,690.0,13.8461538461538,,,,,,,,,33.0,23.0,,0.23,7.590000000000001
2021-07-19,0.094431,0.094602,0.090741,0.092006,0.092006,4491.0,,,0.0,0.0,690.0,36.1538461538462,,,,,,,,,0.0,23.0,,0.23,0.0
2021-07-20,0.092011,0.092574,0.087716,0.089013,0.089013,6968.0,,5238.0,0.0,0.0,690.0,35.3846153846154,,,,,,,,,37.0,23.0,,0.23,8.51
2021-07-21,0.088998,0.096662,0.088158,0.09403,0.09403,4397.0,,5248.0,0.0,0.0,691.0,11.3846153846154,,,,,,,,,0.0,46.0,False,0.46,0.0
2021-07-22,0.094036,0.105254,0.092323,0.096667,0.096667,18233.0,,5268.0,0.25,1.333,691.0,13.7692307692308,,,,,,,,,32.0,46.0,,0.46,14.72
2021-07-23,0.096641,0.101379,0.092985,0.101371,0.101371,36534.0,,5301.0,0.333,2.0,691.0,14.9230769230769,,,,,,,,,0.0,46.0,,0.46,0.0
2021-07-24,0.101437,0.102741,0.096033,0.101472,0.101472,66742.0,,5305.0,0.182,0.636,693.0,14.0,,,,,,,,,65.0,46.0,,0.46,29.9
2021-07-25,0.101526,0.10638,0.098592,0.106339,0.106339,50018.0,,5306.0,0.091,0.091,695.0,13.1666666666667,,,,,,,,,0.0,46.0,,0.46,0.0
2021-07-26,0.106335,0.116773,0.105713,0.108387,0.108387,75353.0,,,0.333,0.417,694.0,11.9230769230769,,,,,,,,,34.0,46.0,,0.46,15.64
2021-07-27,0.108279,0.117652,0.105061,0.115502,0.115502,39138.0,,5322.0,0.364,1.0,696.0,11.1666666666667,,,,,,,,,37.0,46.0,,0.46,17.02
2021-07-28,0.115784,0.123665,0.113333,0.115903,0.115903,52540.0,,,0.182,0.909,695.0,13.1666666666667,,,,,,,,,0.0,47.0,False,0.47,0.0
2021-07-29,0.115838,0.120932,0.111883,0.114093,0.114093,83022.0,,5330.0,0.083,0.5,695.0,13.4615384615385,,,,,,,,,100.0,47.0,,0.47,47.0
2021-07-30,0.114146,0.120336,0.108228,0.120336,0.120336,77875.0,,5328.0,0.167,0.083,696.0,14.0,,,,,,,,,0.0,47.0,,0.47,0.0
2021-07-31,0.12064,0.134652,0.11571,0.123897,0.123897,54359.0,,5331.0,0.364,0.818,697.0,12.3333333333333,,,,,,,,,0.0,47.0,,0.47,0.0
2021-08-01,0.123658,0.129877,0.117567,0.118873,0.118873,52253.0,,5341.0,0.182,0.545,696.0,10.0,,,,,,,,,34.0,47.0,,0.47,15.98
2021-08-02,0.118597,0.119571,0.111665,0.116704,0.116704,96906.0,,,0.0,0.25,696.0,9.53846153846154,,,,,,,,,34.0,47.0,,0.47,15.98
2021-08-03,0.116781,0.117241,0.105561,0.116198,0.116198,140433.0,,5345.0,0.0,0.417,697.0,13.2307692307692,,,,,,,,,0.0,47.0,,0.47,0.0
2021-08-04,0.116249,0.122415,0.110381,0.116703,0.116703,126978.0,,5355.0,0.167,0.583,697.0,13.5384615384615,,,,,,,,,0.0,28.0,False,0.28,0.0
2021-08-05,0.116633,0.139457,0.107103,0.127561,0.127561,115301.0,,,0.273,1.909,697.0,12.5833333333333,,,,,,,,,65.0,28.0,,0.28,18.200000000000003
2021-08-06,0.127555,0.128162,0.114471,0.122184,0.122184,97820.0,,5367.0,0.273,0.909,699.0,42.4166666666667,,,,,,,,,32.0,28.0,,0.28,8.96
2021-08-07,0.121987,0.127249,0.120518,0.125116,0.125116,104358.0,,5375.0,0.333,0.583,704.0,68.0769230769231,,,,,,,,,64.0,28.0,,0.28,17.92
2021-08-08,0.124773,0.132178,0.121476,0.127537,0.127537,123254.0,,5396.0,0.273,0.364,710.0,41.3333333333333,,,,,,,,,0.0,28.0,,0.28,0.0
2021-08-09,0.127663,0.131037,0.121387,0.128072,0.128072,98116.0,,,0.0,0.364,713.0,11.5833333333333,,,,,,,,,0.0,28.0,,0.28,0.0
2021-08-10,0.12829,0.137444,0.122178,0.131759,0.131759,163083.0,,5444.0,0.182,1.091,715.0,12.4166666666667,,,,,,,,,73.0,28.0,,0.28,20.44
2021-08-11,0.131827,0.149157,0.124919,0.131217,0.131217,249575.0,,,0.0,0.364,715.0,12.9166666666667,,,,,,,,,74.0,40.0,False,0.4,29.6
2021-08-12,0.131169,0.134872,0.113222,0.117067,0.117067,232052.0,,5514.0,0.273,1.455,719.0,16.9166666666667,,,,,,,,,66.0,40.0,,0.4,26.4
2021-08-13,0.117057,0.123597,0.114515,0.119943,0.119943,123463.0,,5521.0,0.273,1.545,719.0,16.4166666666667,,,,,,,,,44.0,40.0,,0.4,17.6
2021-08-14,0.119987,0.12066,0.113482,0.119571,0.119571,92288.0,,5524.0,0.0,0.182,725.0,13.3333333333333,,,,,,,,,44.0,40.0,,0.4,17.6
2021-08-15,0.119571,0.119571,0.113209,0.11824,0.11824,71818.0,,5532.0,0.091,0.455,727.0,11.0,,,,,,,,,0.0,40.0,,0.4,0.0
2021-08-16,0.118172,0.119798,0.1133,0.114925,0.114925,65404.0,,,0.083,0.833,728.0,12.2307692307692,,,,,,,,,45.0,40.0,,0.4,18.0
2021-08-17,0.114819,0.119809,0.10652,0.109064,0.109064,108387.0,,5545.0,0.083,0.833,727.0,13.9230769230769,,,,,,,,,0.0,40.0,,0.4,0.0
2021-08-18,0.109053,0.116359,0.108139,0.109007,0.109007,140391.0,,5552.0,0.083,0.333,728.0,12.4615384615385,,,,,,,,,100.0,57.0,False,0.57,56.99999999999999
2021-08-19,0.108952,0.116223,0.101535,0.115083,0.115083,179049.0,,5571.0,0.182,1.727,729.0,12.5833333333333,,,,,,,,,22.0,57.0,,0.57,12.54
2021-08-20,0.115113,0.12204,0.107245,0.120087,0.120087,259524.0,,5582.0,0.0,1.833,733.0,12.6923076923077,,,,,,,,,0.0,57.0,,0.57,0.0
2021-08-21,0.12008,0.127422,0.101381,0.125415,0.125415,211890.0,,5593.0,0.083,0.75,734.0,9.76923076923077,,,,,,,,,0.0,57.0,,0.57,0.0
2021-08-22,0.125355,0.13406,0.117045,0.124337,0.124337,208759.0,,5605.0,0.0,0.273,736.0,6.5,,,,,,,,,90.0,57.0,,0.57,51.3
2021-08-23,0.12431,0.132117,0.113234,0.127944,0.127944,228606.0,,,0.091,0.182,738.0,4.5,,,,,,,,,0.0,57.0,,0.57,0.0
2021-08-24,0.127973,0.130227,0.11588,0.120966,0.120966,196327.0,,5613.0,0.083,0.75,738.0,4.61538461538461,,,,,,,,,49.0,57.0,,0.57,27.93
2021-08-25,0.120403,0.145846,0.117139,0.143493,0.143493,225800.0,,5619.0,0.0,0.0,740.0,6.76923076923077,,,,,,,,,0.0,45.0,False,0.45,0.0
2021-08-26,0.143487,0.14674,0.129591,0.135359,0.135359,193577.0,,5629.0,0.091,0.727,740.0,8.25,,,,,,,,,22.0,45.0,,0.45,9.9
2021-08-27,0.135363,0.156639,0.132381,0.150245,0.150245,263138.0,,5641.0,0.083,0.417,740.0,7.0,,,,,,,,,22.0,45.0,,0.45,9.9
2021-08-28,0.152252,0.154717,0.130049,0.144952,0.144952,338666.0,,5654.0,0.0,0.25,743.0,7.46153846153846,,,,,,,,,0.0,45.0,,0.45,0.0
2021-08-29,0.14515,0.148663,0.13228,0.132896,0.132896,225131.0,,5656.0,0.0,0.083,744.0,7.84615384615385,,,,,,,,,22.0,45.0,,0.45,9.9
2021-08-30,0.132851,0.137891,0.12725,0.132026,0.132026,336173.0,,,0.0,0.0,748.0,23.0833333333333,,,,,,,,,0.0,45.0,,0.45,0.0
2021-08-31,0.132092,0.134554,0.121524,0.127748,0.127748,272697.0,,5684.0,0.083,0.667,749.0,21.0769230769231,,,,,,,,,24.0,45.0,,0.45,10.8
2021-09-01,0.127088,0.135514,0.114884,0.134125,0.134125,254285.0,,,0.333,1.167,750.0,8.0,,,,,,,,,0.0,30.0,False,0.3,0.0
2021-09-02,0.134084,0.135876,0.130142,0.133391,0.133391,148976.0,,5708.0,0.273,1.0,752.0,7.83333333333333,,,,,,,,,0.0,30.0,,0.3,0.0
2021-09-03,0.13336,0.136952,0.130808,0.133521,0.133521,99941.0,,5710.0,0.091,0.364,752.0,10.25,,,,,,,,,33.0,30.0,,0.3,9.9
2021-09-04,0.133665,0.146235,0.131188,0.141018,0.141018,125324.0,,5712.0,0.091,0.273,752.0,10.0,,,,,,,,,22.0,30.0,,0.3,6.6
2021-09-05,0.141017,0.141017,0.13372,0.136323,0.136323,128887.0,,5710.0,0.0,0.25,755.0,6.69230769230769,,,,,,,,,65.0,30.0,,0.3,19.5
2021-09-06,0.136342,0.145262,0.134896,0.14385,0.14385,109140.0,,,0.167,1.25,757.0,7.69230769230769,,,,,,,,,22.0,30.0,,0.3,6.6
2021-09-07,0.143853,0.144513,0.122546,0.132496,0.132496,122770.0,,5723.0,0.273,2.182,757.0,11.25,,,,,,,,,0.0,30.0,,0.3,0.0
2021-09-08,0.132528,0.136353,0.127861,0.129217,0.129217,170522.0,,,0.083,1.167,759.0,9.38461538461539,,,,,,,,,0.0,59.0,False,0.59,0.0
2021-09-09,0.129081,0.132481,0.126232,0.130959,0.130959,161569.0,,,0.083,0.167,760.0,15.8461538461538,,,,,,,,,22.0,59.0,,0.59,12.98
2021-09-10,0.13097,0.137542,0.128439,0.130571,0.130571,159084.0,,5747.0,0.091,0.636,762.0,17.5833333333333,,,,,,,,,67.0,59.0,,0.59,39.53
2021-09-11,0.130544,0.142642,0.13003,0.136619,0.136619,151536.0,,5748.0,0.0,0.0,763.0,9.08333333333333,,,,,,,,,0.0,59.0,,0.59,0.0
2021-09-12,0.136655,0.139821,0.130212,0.135765,0.135765,170012.0,,5760.0,0.0,0.0,766.0,8.66666666666667,,,,,,,,,45.0,59.0,,0.59,26.55
2021-09-13,0.135725,0.136412,0.122076,0.129389,0.129389,160643.0,,,0.0,0.091,767.0,8.33333333333333,,,,,,,,,92.0,59.0,,0.59,54.28
2021-09-14,0.129375,0.1491,0.127397,0.139995,0.139995,161460.0,,5789.0,0.0,0.167,769.0,9.38461538461539,,,,,,,,,51.0,59.0,,0.59,30.09
2021-09-15,0.140049,0.15058,0.13551,0.140813,0.140813,164702.0,,5814.0,0.083,0.417,772.0,10.4615384615385,,,,,,,,,0.0,62.0,False,0.62,0.0
2021-09-16,0.140839,0.154966,0.138312,0.149604,0.149604,250506.0,,5845.0,0.091,0.273,772.0,10.0,,,,,,,,,45.0,62.0,,0.62,27.9
2021-09-17,0.149659,0.154356,0.141858,0.144428,0.144428,194071.0,,5868.0,0.545,1.727,773.0,9.66666666666667,,,,,,,,,90.0,62.0,,0.62,55.8
2021-09-18,0.144417,0.154506,0.142776,0.150084,0.150084,195672.0,,5884.0,0.25,1.417,776.0,10.3846153846154,,,,,,,,,45.0,62.0,,0.62,27.9
2021-09-19,0.150137,0.1542,0.144719,0.146664,0.146664,149134.0,,5905.0,0.0,0.091,778.0,11.9166666666667,,,,,,,,,45.0,62.0,,0.62,27.9
2021-09-20,0.146412,0.148545,0.12619,0.129698,0.129698,184795.0,,,0.25,3.75,779.0,10.9230769230769,,,,,,,,,46.0,62.0,,0.62,28.52
2021-09-21,0.12957,0.138451,0.119298,0.123999,0.123999,165962.0,,5962.0,0.417,2.583,786.0,9.15384615384615,,,,,,,,,50.0,62.0,,0.62,31.0
2021-09-22,0.124156,0.128592,0.118621,0.12774,0.12774,196207.0,,5989.0,0.273,1.818,786.0,10.0,,,,,,,,,0.0,36.0,False,0.36,0.0
2021-09-23,0.127752,0.135879,0.124666,0.130014,0.130014,184844.0,,6113.0,0.091,1.182,789.0,11.25,,,,,,,,,87.0,36.0,,0.36,31.32
2021-09-24,0.129987,0.132555,0.113876,0.121688,0.121688,166951.0,,6177.0,0.167,1.417,791.0,23.5384615384615,,,,,,,,,0.0,36.0,,0.36,0.0
2021-09-25,0.121741,0.125697,0.116924,0.121829,0.121829,126863.0,,,0.091,1.0,792.0,39.8333333333333,,,,,,,,,0.0,36.0,,0.36,0.0
2021-09-26,0.121799,0.121799,0.111852,0.117744,0.117744,110056.0,,,0.091,0.364,794.0,26.4166666666667,,,,,,,,,45.0,36.0,,0.36,16.2
2021-09-27,0.117729,0.121778,0.115629,0.115697,0.115697,105638.0,,6245.0,0.167,0.5,796.0,9.61538461538461,,,,,,,,,46.0,36.0,,0.36,16.56
2021-09-28,0.115706,0.120484,0.109849,0.110574,0.110574,103591.0,,6270.0,0.364,1.091,807.0,10.1666666666667,,,,,,,,,100.0,36.0,,0.36,36.0
2021-09-29,0.110627,0.119613,0.110473,0.115389,0.115389,113607.0,,6301.0,0.417,0.417,808.0,10.7692307692308,,,,,,,,,0.0,53.0,False,0.53,0.0
2021-09-30,0.115416,0.121218,0.113766,0.120761,0.120761,130050.0,,,0.333,0.667,811.0,10.5384615384615,,,,,,,,,0.0,53.0,,0.53,0.0
2021-10-01,0.120794,0.128584,0.11945,0.125843,0.125843,143337.0,,,0.083,0.333,812.0,10.6153846153846,,,,,,,,,0.0,53.0,,0.53,0.0
2021-10-02,0.125818,0.126806,0.121602,0.123542,0.123542,119510.0,,6382.0,0.0,0.273,813.0,9.91666666666667,,,,,,,,,85.0,53.0,,0.53,45.05
2021-10-03,0.123547,0.125805,0.120692,0.121885,0.121885,128879.0,,6379.0,0.0,0.083,814.0,10.0769230769231,,,,,,,,,0.0,53.0,,0.53,0.0
2021-10-04,0.121883,0.122865,0.115556,0.117265,0.117265,183354.0,,,0.167,0.0,815.0,10.6923076923077,,,,,,,,,0.0,53.0,,0.53,0.0
2021-10-05,0.117278,0.12574,0.117278,0.122032,0.122032,162446.0,,6412.0,0.273,0.091,817.0,8.83333333333333,,,,,,,,,0.0,53.0,,0.53,0.0
2021-10-06,0.12206,0.126846,0.116104,0.123138,0.123138,128866.0,,6450.0,0.083,0.167,818.0,24.5384615384615,,,,,,,,,0.0,47.0,False,0.47,0.0
2021-10-07,0.123125,0.124574,0.11651,0.118145,0.118145,130192.0,,6478.0,0.091,0.091,818.0,41.6666666666667,,,,,,,,,87.0,47.0,,0.47,40.89
2021-10-08,0.118151,0.119393,0.115886,0.116961,0.116961,120075.0,,,0.091,0.0,818.0,24.0,,,,,,,,,0.0,47.0,,0.47,0.0
2021-10-09,0.116988,0.121802,0.115218,0.115963,0.115963,95188.0,,6507.0,0.083,0.0,818.0,8.23076923076923,,,,,,,,,86.0,47.0,,0.47,40.42
2021-10-10,0.115988,0.118227,0.108437,0.109342,0.109342,82582.0,,,0.091,0.273,818.0,8.16666666666667,,,,,,,,,43.0,47.0,,0.47,20.21
2021-10-11,0.109228,0.118625,0.102028,0.106387,0.106387,100229.0,,,0.273,0.364,825.0,25.5833333333333,,,,,,,,,33.0,47.0,,0.47,15.51
2021-10-12,0.106335,0.112351,0.097019,0.108417,0.108417,143215.0,,6605.0,0.25,0.167,828.0,24.4615384615385,,,,,,,,,36.0,47.0,,0.47,16.919999999999998
2021-10-13,0.108497,0.10963,0.101539,0.103874,0.103874,197751.0,,6643.0,0.0,0.0,832.0,8.84615384615385,,,,,,,,,0.0,18.0,False,0.18,0.0
2021-10-14,0.103888,0.108158,0.099845,0.099891,0.099891,153079.0,,,0.0,0.091,832.0,9.66666666666667,,,,,,,,,0.0,18.0,,0.18,0.0
2021-10-15,0.099886,0.106667,0.099682,0.105467,0.105467,110748.0,,6751.0,0.0,0.167,833.0,10.2307692307692,,,,,,,,,21.0,18.0,,0.18,3.78
2021-10-16,0.105414,0.105867,0.099752,0.103278,0.103278,85260.0,,6760.0,0.0,0.0,834.0,9.46153846153846,,,,,,,,,65.0,18.0,,0.18,11.7
2021-10-17,0.103226,0.103226,0.094695,0.097349,0.097349,95731.0,,6815.0,0.0,0.0,834.0,9.58333333333333,,,,,,,,,21.0,18.0,,0.18,3.78
2021-10-18,0.097329,0.10053,0.093203,0.100103,0.100103,100386.0,,,0.091,0.0,836.0,8.08333333333333,,,,,,,,,45.0,18.0,,0.18,8.1
2021-10-19,0.100126,0.101782,0.092519,0.096997,0.096997,227212.0,,6822.0,0.091,0.0,835.0,6.91666666666667,,,,,,,,,100.0,18.0,,0.18,18.0
2021-10-20,0.097015,0.103887,0.094487,0.101565,0.101565,141381.0,,6830.0,0.0,0.0,835.0,7.61538461538461,,,,,,,,,25.0,46.0,False,0.46,11.5
2021-10-21,0.101595,0.107051,0.09818,0.100745,0.100745,153411.0,,,0.091,0.0,837.0,9.83333333333333,,,,,,,,,87.0,46.0,,0.46,40.02
2021-10-22,0.100686,0.103688,0.097433,0.099781,0.099781,99789.0,,6846.0,0.091,0.091,837.0,9.08333333333333,,,,,,,,,66.0,46.0,,0.46,30.360000000000003
2021-10-23,0.099763,0.101297,0.096936,0.097707,0.097707,126385.0,,6842.0,0.0,0.083,837.0,9.07692307692308,,,,,,,,,67.0,46.0,,0.46,30.82
2021-10-24,0.097706,0.099303,0.094566,0.096369,0.096369,116193.0,,,0.0,0.0,838.0,10.0,,,,,,,,,88.0,46.0,,0.46,40.48
2021-10-25,0.096355,0.105298,0.096312,0.103675,0.103675,128140.0,,,0.0,0.0,840.0,9.76923076923077,,,,,,,,,91.0,46.0,,0.46,41.86
2021-10-26,0.103682,0.123435,0.096913,0.111446,0.111446,200965.0,,6888.0,0.083,0.083,840.0,9.38461538461539,,,,,,,,,50.0,46.0,,0.46,23.0
2021-10-27,0.11143,0.11167,0.086198,0.094877,0.094877,241043.0,,,0.083,0.083,841.0,8.69230769230769,,,,,,,,,25.0,45.0,False,0.45,11.25
2021-10-28,0.094843,0.108257,0.092106,0.104885,0.104885,198189.0,,6921.0,0.0,0.091,840.0,8.33333333333333,,,,,,,,,22.0,45.0,,0.45,9.9
2021-10-29,0.104884,0.115237,0.098758,0.102456,0.102456,157440.0,,,0.091,0.273,840.0,9.16666666666667,,,,,,,,,21.0,45.0,,0.45,9.45
2021-10-30,0.102428,0.103927,0.097315,0.100415,0.100415,176064.0,,6958.0,0.182,0.364,840.0,8.75,,,,,,,,,64.0,45.0,,0.45,28.8
2021-10-31,0.100539,0.102307,0.093339,0.101163,0.101163,185950.0,,6981.0,0.333,1.583,841.0,8.23076923076923,,,,,,,,,44.0,45.0,,0.45,19.8
2021-11-01,0.101178,0.107093,0.094716,0.106084,0.106084,180286.0,,,0.417,2.0,842.0,7.69230769230769,,,,,,,,,22.0,45.0,,0.45,9.9
2021-11-02,0.1061,0.11171,0.101956,0.105497,0.105497,187312.0,,7083.0,0.182,0.545,842.0,6.75,,,,,,,,,25.0,45.0,,0.45,11.25
2021-11-03,0.105588,0.11099,0.10352,0.110238,0.110238,148702.0,,7135.0,0.091,0.091,843.0,8.0,,,,,,,,,0.0,16.0,False,0.16,0.0
2021-11-04,0.110276,0.110276,0.101915,0.107113,0.107113,175421.0,,7141.0,0.0,0.0,843.0,9.76923076923077,,,,,,,,,0.0,16.0,,0.16,0.0
2021-11-05,0.107004,0.130371,0.102959,0.120231,0.120231,288530.0,,,0.0,0.0,846.0,11.6923076923077,,,,,,,,,0.0,16.0,,0.16,0.0
2021-11-06,0.120268,0.1251,0.117553,0.121955,0.121955,223579.0,,7268.0,0.083,0.167,847.0,11.4615384615385,,,,,,,,,21.0,16.0,,0.16,3.36
2021-11-07,0.121947,0.145012,0.120655,0.141773,0.141773,186360.0,,,0.0,0.083,851.0,11.0,,,,,,,,,22.0,16.0,,0.16,3.52
2021-11-08,0.141851,0.158415,0.138529,0.145178,0.145178,259221.0,,,0.0,0.182,853.0,8.66666666666667,,,,,,,,,0.0,16.0,,0.16,0.0
2021-11-09,0.14518,0.166792,0.143334,0.153243,0.153243,238846.0,,7441.0,0.091,0.182,854.0,8.91666666666667,,,,,,,,,0.0,16.0,,0.16,0.0
2021-11-10,0.153293,0.17448,0.15029,0.168202,0.168202,161043.0,,7504.0,0.182,0.182,856.0,10.25,,,,,,,,,0.0,29.0,False,0.29,0.0
2021-11-11,0.168391,0.179277,0.161531,0.170722,0.170722,264634.0,,,0.167,0.083,857.0,9.30769230769231,,,,,,,,,23.0,29.0,,0.29,6.67
2021-11-12,0.170914,0.17333,0.162534,0.167073,0.167073,242018.0,,7589.0,0.167,0.083,856.0,10.0769230769231,,,,,,,,,0.0,29.0,,0.29,0.0
2021-11-13,0.167022,0.172743,0.158786,0.167064,0.167064,285716.0,,,0.083,0.167,856.0,9.76923076923077,,,,,,,,,32.0,29.0,,0.29,9.28
2021-11-14,0.167052,0.180624,0.158779,0.180508,0.180508,270141.0,,7577.0,0.083,0.167,858.0,8.69230769230769,,,,,,,,,11.0,29.0,,0.29,3.19
2021-11-15,0.180503,0.182814,0.161934,0.162993,0.162993,289486.0,,,0.091,0.182,863.0,10.0833333333333,,,,,,,,,34.0,29.0,,0.29,9.86
2021-11-16,0.16275,0.169571,0.158259,0.161209,0.161209,288500.0,,7545.0,0.0,0.182,863.0,10.9166666666667,,,,,,,,,25.0,29.0,,0.29,7.249999999999999
2021-11-17,0.161119,0.170389,0.153687,0.164109,0.164109,250809.0,,7547.0,0.182,0.364,863.0,9.66666666666667,,,,,,,,,12.0,100.0,False,1.0,12.0
2021-11-18,0.164125,0.166606,0.148095,0.148449,0.148449,242190.0,,,0.273,0.455,866.0,8.91666666666667,,,,,,,,,33.0,100.0,,1.0,33.0
2021-11-19,0.148585,0.158536,0.145865,0.150761,0.150761,221653.0,,7628.0,0.091,0.091,866.0,7.91666666666667,,,,,,,,,22.0,100.0,,1.0,22.0
2021-11-20,0.150744,0.158245,0.143295,0.150013,0.150013,228140.0,,7645.0,0.273,0.727,869.0,9.25,,,,,,,,,11.0,100.0,,1.0,11.0
2021-11-21,0.149934,0.151421,0.143831,0.144099,0.144099,214290.0,,7663.0,0.273,0.636,869.0,11.0833333333333,,,,,,,,,31.0,100.0,,1.0,31.0
2021-11-22,0.144145,0.15009,0.136996,0.140376,0.140376,208261.0,,,0.0,0.091,871.0,10.5833333333333,,,,,,,,,100.0,100.0,,1.0,100.0
2021-11-23,0.140297,0.147053,0.138048,0.140984,0.140984,205488.0,,7697.0,0.0,0.0,872.0,9.33333333333333,,,,,,,,,12.0,100.0,,1.0,12.0
2021-11-24,0.140921,0.145103,0.133918,0.138258,0.138258,150386.0,,7712.0,0.0,0.0,872.0,7.91666666666667,,,,,,,,,36.0,36.0,False,0.36,12.96
2021-11-25,0.143908,0.163305,0.14143,0.145365,0.145365,129902.0,,7761.0,0.0,0.0,872.0,8.58333333333333,,,,,,,,,33.0,36.0,,0.36,11.88
2021-11-26,0.159275,0.16223,0.13622,0.137012,0.137012,218587.0,,,0.0,0.0,873.0,9.16666666666667,,,,,,,,,10.0,36.0,,0.36,3.6
2021-11-27,0.137174,0.144335,0.136231,0.138892,0.138892,199694.0,,7852.0,0.0,0.0,872.0,10.4166666666667,,,,,,,,,0.0,36.0,,0.36,0.0
2021-11-28,0.139154,0.145246,0.133288,0.14501,0.14501,206303.0,,7875.0,0.0,0.0,874.0,9.23076923076923,,,,,,,,,43.0,36.0,,0.36,15.48
2021-11-29,0.145064,0.149253,0.13846,0.143819,0.143819,158257.0,,,0.167,0.5,875.0,8.15384615384615,,,,,,,,,11.0,36.0,,0.36,3.96
2021-11-30,0.143881,0.146204,0.138157,0.14198,0.14198,123915.0,,7965.0,0.364,0.727,876.0,6.41666666666667,,,,,,,,,12.0,36.0,,0.36,4.32
2021-12-01,0.141842,0.148905,0.1376,0.14372,0.14372,183673.0,,,0.154,0.077,875.0,6.5,,,,,,,,,12.0,59.0,False,0.59,7.08
2021-12-02,0.14372,0.14762,0.139865,0.145367,0.145367,174625.0,,,0.0,0.091,878.0,9.0,,,,,,,,,21.0,59.0,,0.59,12.39
2021-12-03,0.14528,0.149718,0.131356,0.135216,0.135216,173651.0,,8167.0,0.111,0.556,879.0,9.2,,,,,,,,,10.0,59.0,,0.59,5.9
2021-12-04,0.135191,0.138481,0.112892,0.126746,0.126746,107286.0,,8198.0,0.1,0.4,879.0,8.36363636363636,,,,,,,,,21.0,59.0,,0.59,12.39
2021-12-05,0.126784,0.128752,0.119103,0.124666,0.124666,158003.0,,8219.0,0.0,0.0,880.0,8.58333333333333,,,,,,,,,42.0,59.0,,0.59,24.78
2021-12-06,0.12474,0.133162,0.118356,0.130011,0.130011,239788.0,,,0.0,0.091,884.0,8.25,,,,,,,,,11.0,59.0,,0.59,6.489999999999999
2021-12-07,0.129988,0.136361,0.125658,0.132412,0.132412,166726.0,,8272.0,0.091,0.182,884.0,8.16666666666667,,,,,,,,,35.0,59.0,,0.59,20.65
2021-12-08,0.132334,0.132728,0.123392,0.131441,0.131441,166991.0,,,0.167,0.167,884.0,9.15384615384615,,,,,,,,,0.0,55.0,False,0.55,0.0
2021-12-09,0.131341,0.131341,0.120917,0.122934,0.122934,125852.0,,8360.0,0.1,0.0,884.0,8.63636363636364,,,,,,,,,41.0,55.0,,0.55,22.55
2021-12-10,0.122776,0.126605,0.116062,0.116543,0.116543,151384.0,,,0.091,0.0,885.0,8.33333333333333,,,,,,,,,10.0,55.0,,0.55,5.5
2021-12-11,0.116451,0.126332,0.115258,0.1227,0.1227,206626.0,,8497.0,0.308,0.308,889.0,7.78571428571429,,,,,,,,,34.0,55.0,,0.55,18.700000000000003
2021-12-12,0.122572,0.126565,0.118332,0.12498,0.12498,144672.0,,8541.0,0.3,0.1,891.0,8.0,,,,,,,,,17.0,55.0,,0.55,9.35
2021-12-13,0.125022,0.125022,0.113884,0.114646,0.114646,161538.0,,,0.0,0.0,893.0,9.69230769230769,,,,,,,,,90.0,55.0,,0.55,49.50000000000001
2021-12-14,0.114707,0.122681,0.11205,0.122094,0.122094,167864.0,,8653.0,0.0,0.182,893.0,9.08333333333333,,,,,,,,,58.0,55.0,,0.55,31.9
2021-12-15,0.122035,0.123798,0.113607,0.12377,0.12377,176739.0,,8670.0,0.0,0.182,894.0,8.83333333333333,,,,,,,,,19.0,77.0,False,0.77,14.63
2021-12-16,0.123724,0.125454,0.116281,0.116659,0.116659,156758.0,,,0.0,0.091,895.0,8.5,,,,,,,,,86.0,77.0,,0.77,66.22
2021-12-17,0.116758,0.120506,0.114478,0.115223,0.115223,134572.0,,8716.0,0.0,0.0,897.0,7.83333333333333,,,,,,,,,35.0,77.0,,0.77,26.95
2021-12-18,0.11506,0.119639,0.112309,0.117144,0.117144,145055.0,,8733.0,0.0,0.0,897.0,7.58333333333333,,,,,,,,,89.0,77.0,,0.77,68.53
2021-12-19,0.117157,0.120727,0.113374,0.114408,0.114408,162717.0,,,0.0,0.0,899.0,8.36363636363636,,,,,,,,,36.0,77.0,,0.77,27.72
2021-12-20,0.114404,0.127792,0.109203,0.124943,0.124943,279988.0,,,0.0,0.0,900.0,8.35714285714286,,,,,,,,,37.0,77.0,,0.77,28.49
2021-12-21,0.124868,0.125044,0.11963,0.123143,0.123143,388770.0,,8750.0,0.083,0.0,902.0,8.61538461538461,,,,,,,,,61.0,77.0,,0.77,46.97
2021-12-22,0.123225,0.132092,0.121549,0.12912,0.12912,383628.0,,8775.0,0.0,0.2,904.0,8.54545454545454,,,,,,,,,100.0,34.0,False,0.34,34.0
2021-12-23,0.129148,0.131338,0.123589,0.127005,0.127005,454862.0,,,0.1,0.6,904.0,7.0,,,,,,,,,71.0,34.0,,0.34,24.14
2021-12-24,0.127001,0.129969,0.124119,0.124774,0.124774,321517.0,,8773.0,0.1,0.4,905.0,7.54545454545455,,,,,,,,,36.0,34.0,,0.34,12.24
2021-12-25,0.124651,0.126131,0.122067,0.123719,0.123719,291814.0,,,0.111,0.444,906.0,9.1,,,,,,,,,18.0,34.0,,0.34,6.12
2021-12-26,0.123599,0.125149,0.118788,0.124579,0.124579,329041.0,,8778.0,0.0,0.091,908.0,8.41666666666667,,,,,,,,,0.0,34.0,,0.34,0.0
2021-12-27,0.124584,0.13192,0.121337,0.129716,0.129716,407267.0,,,0.077,0.0,906.0,8.78571428571429,,,,,,,,,19.0,34.0,,0.34,6.460000000000001
2021-12-28,0.129494,0.129759,0.118395,0.122558,0.122558,524022.0,,8785.0,0.0,0.0,907.0,8.30769230769231,,,,,,,,,21.0,34.0,,0.34,7.140000000000001
2021-12-29,0.122371,0.122963,0.114869,0.116641,0.116641,488476.0,,8794.0,0.0,0.0,907.0,8.58333333333333,,,,,,,,,0.0,36.0,False,0.36,0.0
2021-12-30,0.116748,0.121538,0.114177,0.117279,0.117279,529472.0,,,0.1,0.0,907.0,8.09090909090909,,,,,,,,,19.0,36.0,,0.36,6.84
2021-12-31,0.117245,0.119037,0.113035,0.113121,0.113121,536465.0,,8812.0,0.0,0.0,907.0,9.36363636363636,,,,,,,,,57.0,36.0,,0.36,20.52
2022-01-01,0.113121,0.116684,0.112024,0.114321,0.114321,445584.0,,8817.0,0.273,0.364,907.0,11.0833333333333,,,,,,,,,0.0,36.0,,0.36,0.0
2022-01-02,0.114321,0.114788,0.111327,0.113054,0.113054,277678.0,,,0.3,0.4,909.0,9.36363636363636,,,,,,,,,20.0,36.0,,0.36,7.199999999999999
2022-01-03,0.113054,0.113844,0.108662,0.109236,0.109236,83939.0,,,0.0,0.0,908.0,9.28571428571429,,,,,,,,,0.0,36.0,,0.36,0.0
2022-01-04,0.109236,0.11362,0.107675,0.110288,0.110288,79492.0,,8897.0,0.0,0.0,908.0,8.38888888888889,,,,,,,,,24.0,36.0,,0.36,8.64
2022-01-05,0.110288,0.114054,0.104698,0.104968,0.104968,84670.0,,8988.0,0.0,0.0,908.0,7.16666666666667,,,,,,,,,22.0,63.0,False,0.63,13.86
2022-01-06,0.104968,0.107372,0.10181,0.104755,0.104755,355369.0,,9046.0,0.0,0.875,909.0,7.11111111111111,,,,,,,,,78.0,63.0,,0.63,49.14
2022-01-07,0.104755,0.105865,0.098036,0.10125,0.10125,467810.0,,9145.0,0.0,0.6,910.0,7.45454545454545,,,,,,,,,76.0,63.0,,0.63,47.88
2022-01-08,0.10125,0.104973,0.096877,0.09906,0.09906,296862.0,,9216.0,0.111,0.222,910.0,7.8,,,,,,,,,19.0,63.0,,0.63,11.97
2022-01-09,0.09906,0.102041,0.097516,0.101034,0.101034,307558.0,,9266.0,0.0,0.0,911.0,8.15384615384615,,,,,,,,,40.0,63.0,,0.63,25.2
2022-01-10,0.101034,0.102472,0.094724,0.099697,0.099697,251132.0,,,0.0,0.0,911.0,8.92307692307692,,,,,,,,,21.0,63.0,,0.63,13.23
2022-01-11,0.099697,0.10571,0.099096,0.103365,0.103365,206293.0,,,0.125,0.0,910.0,8.66666666666667,,,,,,,,,63.0,63.0,,0.63,39.69
2022-01-12,0.103365,0.109174,0.100057,0.107622,0.107622,168306.0,,9461.0,0.125,0.0,913.0,7.44444444444444,,,,,,,,,40.0,29.0,False,0.29,11.6
2022-01-13,0.107622,0.108651,0.102762,0.10405,0.10405,387222.0,,9433.0,0.167,0.083,915.0,7.30769230769231,,,,,,,,,36.0,29.0,,0.29,10.44
2022-01-14,0.10405,0.106481,0.100876,0.105665,0.105665,400698.0,,,0.083,0.083,916.0,8.07692307692308,,,,,,,,,18.0,29.0,,0.29,5.22
2022-01-15,0.105665,0.106656,0.101276,0.104617,0.104617,435892.0,,9449.0,0.3,0.3,916.0,9.45454545454546,,,,,,,,,0.0,29.0,,0.29,0.0
2022-01-16,0.104617,0.106192,0.102502,0.104936,0.104936,421910.0,,9462.0,0.3,0.6,917.0,8.45454545454546,,,,,,,,,53.0,29.0,,0.29,15.37
2022-01-17,0.104936,0.10553,0.101297,0.102172,0.102172,406683.0,,,0.0,0.364,920.0,9.08333333333333,,,,,,,,,18.0,29.0,,0.29,5.22
2022-01-18,0.102172,0.105632,0.100144,0.105083,0.105083,449248.0,,9520.0,0.0,0.143,921.0,8.8,,,,,,,,,0.0,29.0,,0.29,0.0
2022-01-19,0.105079,0.10734,0.099458,0.100434,0.100434,351948.0,,9544.0,0.091,0.091,920.0,8.75,,,,,,,,,59.0,41.0,False,0.41,24.19
2022-01-20,0.100433,0.104439,0.096626,0.097451,0.097451,368620.0,,,0.0,0.125,920.0,8.0,,,,,,,,,51.0,41.0,,0.41,20.91
2022-01-21,0.097491,0.09835,0.082889,0.087077,0.087077,274762.0,,9540.0,0.083,0.0,921.0,8.15384615384615,,,,,,,,,51.0,41.0,,0.41,20.91
2022-01-22,0.087105,0.087498,0.076172,0.077885,0.077885,267007.0,,,0.5,1.3,920.0,8.27272727272727,,,,,,,,,17.0,41.0,,0.41,6.97
2022-01-23,0.077913,0.0852,0.077169,0.08091,0.08091,394868.0,,9548.0,0.333,1.0,920.0,9.3,,,,,,,,,18.0,41.0,,0.41,7.38
2022-01-24,0.080908,0.08172,0.073739,0.08087,0.08087,395255.0,,,0.091,0.273,919.0,9.83333333333333,,,,,,,,,36.0,41.0,,0.41,14.76
2022-01-25,0.080871,0.084131,0.077176,0.080629,0.080629,284816.0,,9527.0,0.0,0.0,919.0,9.58333333333333,,,,,,,,,19.0,41.0,,0.41,7.789999999999999
2022-01-26,0.080623,0.084364,0.077414,0.078965,0.078965,235304.0,,,0.0,0.0,919.0,9.8,,,,,,,,,39.0,41.0,False,0.41,15.989999999999998
2022-01-27,0.078948,0.081463,0.075586,0.081449,0.081449,246260.0,,,0.0,0.0,920.0,9.88888888888889,,,,,,,,,0.0,41.0,,0.41,0.0
2022-01-28,0.081449,0.083334,0.079077,0.083021,0.083021,117399.0,,9540.0,0.0,0.0,922.0,8.7,,,,,,,,,51.0,41.0,,0.41,20.91
2022-01-29,0.083021,0.086185,0.082441,0.084715,0.084715,117539.0,,,0.0,0.111,923.0,9.1,,,,,,,,,34.0,41.0,,0.41,13.94
2022-01-30,0.084715,0.085945,0.080994,0.083146,0.083146,109967.0,,9575.0,0.0,0.111,924.0,9.0,,,,,,,,,0.0,41.0,,0.41,0.0
2022-01-31,0.083146,0.083205,0.078528,0.081419,0.081419,157240.0,,,0.091,0.0,925.0,10.0833333333333,,,,,,,,,0.0,41.0,,0.41,0.0
2022-02-01,0.081419,0.085588,0.08133,0.084601,0.084601,149344.0,,9593.0,0.083,0.167,926.0,10.1538461538462,,,,,,,,,100.0,41.0,,0.41,41.0
2022-02-02,0.084601,0.087298,0.081559,0.082081,0.082081,130836.0,,,0.2,0.1,926.0,8.72727272727273,,,,,,,,,20.0,58.0,False,0.58,11.6
2022-02-03,0.082081,0.08996,0.082081,0.088527,0.088527,141869.0,,9549.0,0.2,0.0,925.0,8.81818181818182,,,,,,,,,0.0,58.0,,0.58,0.0
2022-02-04,0.088531,0.09084,0.084359,0.084359,0.084359,156317.0,,,0.167,0.0,925.0,8.23076923076923,,,,,,,,,31.0,58.0,,0.58,17.98
,,,,,,,,,,,,,,,,,,,,,35.0,58.0,,0.58,20.3
,,,,,,,,,,,,,,,,,,,,,53.0,58.0,,0.58,30.74
,,,,,,,,,,,,,,,,,,,,,18.0,58.0,,0.58,10.44
,,,,,,,,,,,,,,,,,,,,,20.0,58.0,,0.58,11.6
,,,,,,,,,,,,,,,,,,,,,0.0,30.0,True,0.3,0.0
,,,,,,,,,,,,,,,,,,,,,54.0,30.0,,0.3,16.2
,,,,,,,,,,,,,,,,,,,,,0.0,30.0,,0.3,0.0
,,,,,,,,,,,,,,,,,,,,,0.0,30.0,,0.3,0.0
,,,,,,,,,,,,,,,,,,,,,48.0,30.0,,0.3,14.4
,,,,,,,,,,,,,,,,,,,,,100.0,30.0,,0.3,30.0
