date,facebook_likes,twitter_followers,reddit_average_posts_48h,reddit_average_comments_48h,reddit_subscribers,reddit_accounts_active_48h,forks,stars,subscribers,total_issues,closed_issues,pull_requests_merged,pull_request_contributors,commit_count_4_weeks
01-08-2020,,,0.0,0.0,,,,,,,,,,
02-08-2020,,,0.0,0.0,,,,,,,,,,
03-08-2020,,,0.0,0.0,,,,,,,,,,
04-08-2020,,,0.0,0.0,,,,,,,,,,
05-08-2020,,,0.0,0.0,,,,,,,,,,
06-08-2020,,,0.0,0.0,,,,,,,,,,
07-08-2020,,,0.0,0.0,,,,,,,,,,
08-08-2020,,,0.0,0.0,,,,,,,,,,
09-08-2020,,,0.0,0.0,,,,,,,,,,
10-08-2020,,,0.0,0.0,,,,,,,,,,
11-08-2020,,,0.0,0.0,,,,,,,,,,
12-08-2020,,,0.0,0.0,,,,,,,,,,
13-08-2020,,,0.0,0.0,,,,,,,,,,
14-08-2020,,,0.0,0.0,,,,,,,,,,
15-08-2020,,,0.0,0.0,,,,,,,,,,
16-08-2020,,,0.0,0.0,,,,,,,,,,
17-08-2020,,,0.0,0.0,,,,,,,,,,
18-08-2020,,,0.0,0.0,,,,,,,,,,
19-08-2020,,,0.0,0.0,,,,,,,,,,
20-08-2020,,,0.0,0.0,,,,,,,,,,
21-08-2020,,,0.0,0.0,,,,,,,,,,
22-08-2020,,,0.0,0.0,,,,,,,,,,
23-08-2020,,,0.0,0.0,,,,,,,,,,
24-08-2020,,,0.0,0.0,,,,,,,,,,
25-08-2020,,,0.0,0.0,,,,,,,,,,
26-08-2020,,,0.0,0.0,,,,,,,,,,
27-08-2020,,,0.0,0.0,,,,,,,,,,
28-08-2020,,,0.0,0.0,,,,,,,,,,
29-08-2020,,,0.0,0.0,,,,,,,,,,
30-08-2020,,,0.0,0.0,,,,,,,,,,
31-08-2020,,,0.0,0.0,,,,,,,,,,
01-09-2020,,,0.0,0.0,,,,,,,,,,
02-09-2020,,,0.0,0.0,,,,,,,,,,
03-09-2020,,,0.0,0.0,,,,,,,,,,
04-09-2020,,,0.0,0.0,,,,,,,,,,
05-09-2020,,,0.0,0.0,,,,,,,,,,
06-09-2020,,,0.0,0.0,,,,,,,,,,
07-09-2020,,,0.0,0.0,,,,,,,,,,
08-09-2020,,,0.0,0.0,,,,,,,,,,
09-09-2020,,,0.0,0.0,,,,,,,,,,
10-09-2020,,,0.0,0.0,,,,,,,,,,
11-09-2020,,,0.0,0.0,,,,,,,,,,
12-09-2020,,,0.0,0.0,,,,,,,,,,
13-09-2020,,,0.0,0.0,,,,,,,,,,
14-09-2020,,,0.0,0.0,,,,,,,,,,
15-09-2020,,,0.0,0.0,,,,,,,,,,
16-09-2020,,,0.0,0.0,,,,,,,,,,
17-09-2020,,,0.0,0.0,,,,,,,,,,
18-09-2020,,,0.0,0.0,,,,,,,,,,
19-09-2020,,,0.0,0.0,,,,,,,,,,
20-09-2020,,,0.0,0.0,,,,,,,,,,
21-09-2020,,,0.0,0.0,,,,,,,,,,
22-09-2020,,,0.0,0.0,,,,,,,,,,
23-09-2020,,,0.0,0.0,,,,,,,,,,
24-09-2020,,,0.0,0.0,,,,,,,,,,
25-09-2020,,,0.0,0.0,,,,,,,,,,
26-09-2020,,,0.0,0.0,,,,,,,,,,
27-09-2020,,,0.0,0.0,,,,,,,,,,
28-09-2020,,,0.0,0.0,,,,,,,,,,
29-09-2020,,,0.0,0.0,,,,,,,,,,
30-09-2020,,,0.0,0.0,,,,,,,,,,
01-10-2020,,,0.0,0.0,,,,,,,,,,
02-10-2020,,,0.0,0.0,,,,,,,,,,
03-10-2020,,,0.0,0.0,,,,,,,,,,
04-10-2020,,,0.0,0.0,,,,,,,,,,
05-10-2020,,,0.0,0.0,,,,,,,,,,
06-10-2020,,,0.0,0.0,,,,,,,,,,
07-10-2020,,,0.0,0.0,,,,,,,,,,
08-10-2020,,,0.0,0.0,,,,,,,,,,
09-10-2020,,,0.0,0.0,,,,,,,,,,
10-10-2020,,,0.0,0.0,,,,,,,,,,
11-10-2020,,,0.0,0.0,,,,,,,,,,
12-10-2020,,,0.0,0.0,,,,,,,,,,
13-10-2020,,,0.0,0.0,,,,,,,,,,
14-10-2020,,,0.0,0.0,,,,,,,,,,
15-10-2020,,,0.0,0.0,,,,,,,,,,
16-10-2020,,,0.0,0.0,,,,,,,,,,
17-10-2020,,,0.0,0.0,,,,,,,,,,
18-10-2020,,,0.0,0.0,,,,,,,,,,
19-10-2020,,,0.0,0.0,,,,,,,,,,
20-10-2020,,,0.0,0.0,,,,,,,,,,
21-10-2020,,,0.0,0.0,,,,,,,,,,
22-10-2020,,,0.0,0.0,,,,,,,,,,
23-10-2020,,,0.0,0.0,,,,,,,,,,
24-10-2020,,,0.0,0.0,,,,,,,,,,
25-10-2020,,,0.0,0.0,,,,,,,,,,
26-10-2020,,,0.0,0.0,,,,,,,,,,
27-10-2020,,,0.0,0.0,,,,,,,,,,
28-10-2020,,,0.0,0.0,,,,,,,,,,
29-10-2020,,,0.0,0.0,,,,,,,,,,
30-10-2020,,,0.0,0.0,,,,,,,,,,
31-10-2020,,,0.0,0.0,,,,,,,,,,
01-11-2020,,,0.0,0.0,,,,,,,,,,
02-11-2020,,,0.0,0.0,,,,,,,,,,
03-11-2020,,,0.0,0.0,,,,,,,,,,
04-11-2020,,,0.0,0.0,,,,,,,,,,
05-11-2020,,,0.0,0.0,,,,,,,,,,
06-11-2020,,,0.0,0.0,,,,,,,,,,
07-11-2020,,,0.0,0.0,,,,,,,,,,
08-11-2020,,,,,,,,,,,,,,
09-11-2020,,,0.0,0.0,,,,,,,,,,
10-11-2020,,,0.0,0.0,,,,,,,,,,
11-11-2020,,,,,,,,,,,,,,
12-11-2020,,,0.0,0.0,,,,,,,,,,
13-11-2020,,,0.0,0.0,,,,,,,,,,
14-11-2020,,,0.0,0.0,,,,,,,,,,
15-11-2020,,,0.0,0.0,,,,,,,,,,
16-11-2020,,,0.0,0.0,,,,,,,,,,
17-11-2020,,,0.0,0.0,,,,,,,,,,
18-11-2020,,,0.0,0.0,,,,,,,,,,
19-11-2020,,,0.0,0.0,,,,,,,,,,
20-11-2020,,,0.0,0.0,,,,,,,,,,
21-11-2020,,,0.0,0.0,,,,,,,,,,
22-11-2020,,,0.0,0.0,,,,,,,,,,
23-11-2020,,,0.0,0.0,,,,,,,,,,
24-11-2020,,,,,,,,,,,,,,
25-11-2020,,,,,,,,,,,,,,
26-11-2020,,,,,,,,,,,,,,
27-11-2020,,,0.0,0.0,,,,,,,,,,
28-11-2020,,,0.0,0.0,,,,,,,,,,
29-11-2020,,,0.0,0.0,,,,,,,,,,
30-11-2020,,,0.0,0.0,,,,,,,,,,
01-12-2020,,,0.0,0.0,,,,,,,,,,
02-12-2020,,,0.0,0.0,,,,,,,,,,
03-12-2020,,,,,,,,,,,,,,
04-12-2020,,,0.0,0.0,,,,,,,,,,
05-12-2020,,,0.0,0.0,,,,,,,,,,
06-12-2020,,,0.0,0.0,,,,,,,,,,
07-12-2020,,,0.0,0.0,,,,,,,,,,
08-12-2020,,,0.0,0.0,,,,,,,,,,
09-12-2020,,,0.0,0.0,,,,,,,,,,
10-12-2020,,,,,,,,,,,,,,
11-12-2020,,,0.0,0.0,,,,,,,,,,
12-12-2020,,,0.0,0.0,,,,,,,,,,
13-12-2020,,,0.0,0.0,,,,,,,,,,
14-12-2020,,,0.0,0.0,,,,,,,,,,
15-12-2020,,,0.0,0.0,,,,,,,,,,
16-12-2020,,,0.0,0.0,,,,,,,,,,
17-12-2020,,,,,,,,,,,,,,
18-12-2020,,,,,,,,,,,,,,
19-12-2020,,,0.0,0.0,,,,,,,,,,
20-12-2020,,,0.0,0.0,,,,,,,,,,
21-12-2020,,,0.0,0.0,,,,,,,,,,
22-12-2020,,,,,,,,,,,,,,
23-12-2020,,,,,,,,,,,,,,
24-12-2020,,,,,,,,,,,,,,
25-12-2020,,,,,,,,,,,,,,
26-12-2020,,,0.0,0.0,,,,,,,,,,
27-12-2020,,,0.0,0.0,,,,,,,,,,
28-12-2020,,,0.0,0.0,,,,,,,,,,
29-12-2020,,,0.0,0.0,,,,,,,,,,
30-12-2020,,,0.0,0.0,,,,,,,,,,
31-12-2020,,,0.0,0.0,,,,,,,,,,
01-01-2021,,,0.0,0.0,,,,,,,,,,
02-01-2021,,,0.0,0.0,,,,,,,,,,
03-01-2021,,,0.0,0.0,,,,,,,,,,
04-01-2021,,,0.0,0.0,,,,,,,,,,
05-01-2021,,,0.0,0.0,,,,,,,,,,
06-01-2021,,,0.0,0.0,,,,,,,,,,
07-01-2021,,,0.0,0.0,,,,,,,,,,
08-01-2021,,,,,,,,,,,,,,
09-01-2021,,,0.0,0.0,,,,,,,,,,
10-01-2021,,,0.0,0.0,,,,,,,,,,
11-01-2021,,,0.0,0.0,,,,,,,,,,
12-01-2021,,,0.0,0.0,,,,,,,,,,
13-01-2021,,,0.0,0.0,,,,,,,,,,
14-01-2021,,,0.0,0.0,,,,,,,,,,
15-01-2021,,,0.0,0.0,,,,,,,,,,
16-01-2021,,,0.0,0.0,,,,,,,,,,
17-01-2021,,,0.0,0.0,,,,,,,,,,
18-01-2021,,,0.0,0.0,,,,,,,,,,
19-01-2021,,,0.0,0.0,,,,,,,,,,
20-01-2021,,,0.0,0.0,,,,,,,,,,
21-01-2021,,,0.0,0.0,,,,,,,,,,
22-01-2021,,,0.0,0.0,,,,,,,,,,
23-01-2021,,,0.0,0.0,,,,,,,,,,
24-01-2021,,,0.0,0.0,,,,,,,,,,
25-01-2021,,,0.0,0.0,,,,,,,,,,
26-01-2021,,,0.0,0.0,,,,,,,,,,
27-01-2021,,,0.0,0.0,,,,,,,,,,
28-01-2021,,,0.0,0.0,,,,,,,,,,
29-01-2021,,,0.0,0.0,,,,,,,,,,
30-01-2021,,,0.0,0.0,,,,,,,,,,
31-01-2021,,,0.0,0.0,,,,,,,,,,
01-02-2021,,,0.0,0.0,,,,,,,,,,
02-02-2021,,,0.0,0.0,,,,,,,,,,
03-02-2021,,,0.0,0.0,,,,,,,,,,
04-02-2021,,,0.0,0.0,,,,,,,,,,
05-02-2021,,,0.0,0.0,,,,,,,,,,
06-02-2021,,,0.0,0.0,,,,,,,,,,
07-02-2021,,,0.0,0.0,,,,,,,,,,
08-02-2021,,,0.0,0.0,,,,,,,,,,
09-02-2021,,,0.0,0.0,,,,,,,,,,
10-02-2021,,,0.0,0.0,,,,,,,,,,
11-02-2021,,,0.0,0.0,,,,,,,,,,
12-02-2021,,,0.0,0.0,,,,,,,,,,
13-02-2021,,,0.0,0.0,,,,,,,,,,
14-02-2021,,,0.0,0.0,,,,,,,,,,
15-02-2021,,,0.0,0.0,,,,,,,,,,
16-02-2021,,,0.0,0.0,,,,,,,,,,
17-02-2021,,,0.0,0.0,,,,,,,,,,
18-02-2021,,,0.0,0.0,,,,,,,,,,
19-02-2021,,,0.0,0.0,,,,,,,,,,
20-02-2021,,,0.0,0.0,,,,,,,,,,
21-02-2021,,,0.0,0.0,,,,,,,,,,
22-02-2021,,,0.0,0.0,,,,,,,,,,
23-02-2021,,,0.0,0.0,,,,,,,,,,
24-02-2021,,,0.0,0.0,,,,,,,,,,
25-02-2021,,,0.0,0.0,,,,,,,,,,
26-02-2021,,,0.0,0.0,,,,,,,,,,
27-02-2021,,,0.0,0.0,,,,,,,,,,
28-02-2021,,,0.0,0.0,,,,,,,,,,
01-03-2021,,,0.0,0.0,,,,,,,,,,
02-03-2021,,,0.0,0.0,,,,,,,,,,
03-03-2021,,,0.0,0.0,,,,,,,,,,
04-03-2021,,,0.0,0.0,,,,,,,,,,
05-03-2021,,,0.0,0.0,,,,,,,,,,
06-03-2021,,,0.0,0.0,,,,,,,,,,
07-03-2021,,,0.0,0.0,,,,,,,,,,
08-03-2021,,,0.0,0.0,,,,,,,,,,
09-03-2021,,,0.0,0.0,,,,,,,,,,
10-03-2021,,,0.0,0.0,,,,,,,,,,
11-03-2021,,,0.0,0.0,,,,,,,,,,
12-03-2021,,,0.0,0.0,,,,,,,,,,
13-03-2021,,,0.0,0.0,,,,,,,,,,
14-03-2021,,,0.0,0.0,,,,,,,,,,
15-03-2021,,,0.0,0.0,,,,,,,,,,
16-03-2021,,,0.0,0.0,,,,,,,,,,
17-03-2021,,,0.0,0.0,,,,,,,,,,
18-03-2021,,,0.0,0.0,,,,,,,,,,
19-03-2021,,,0.0,0.0,,,,,,,,,,
20-03-2021,,,0.0,0.0,,,,,,,,,,
21-03-2021,,,0.0,0.0,,,,,,,,,,
22-03-2021,,,0.0,0.0,,,,,,,,,,
23-03-2021,,6754,1.5,17.5,3173,51.0,,,,,,,,
24-03-2021,,6923,1.5,18.625,3207,36.8888888888889,,,,,,,,
25-03-2021,,,1.8,13.6,3228,28.7272727272727,,,,,,,,
26-03-2021,,7097,1.727,17.636,3241,30.6666666666667,,,,,,,,
27-03-2021,,7200,2.0,24.25,3256,35.6923076923077,,,,,,,,
28-03-2021,,7311,1.818,23.273,3295,36.75,,,,,,,,
29-03-2021,,,3.182,28.909,3353,46.8333333333333,,,,,,,,
30-03-2021,,,2.833,30.25,3398,51.3076923076923,,,,,,,,
31-03-2021,,7635,1.583,21.75,3414,38.2307692307692,,,,,,,,
01-04-2021,,7732,1.333,21.833,3436,34.3076923076923,,,,,,,,
02-04-2021,,7844,1.167,22.167,3451,33.3846153846154,,,,,,,,
03-04-2021,,7996,1.455,16.727,3475,34.0,,,,,,,,
04-04-2021,,8142,2.364,23.364,3501,40.5833333333333,,,,,,,,
05-04-2021,,,2.25,21.333,3513,38.4615384615385,,,,,,,,
06-04-2021,,8380,0.75,9.75,3532,33.4615384615385,,,,,,,,
07-04-2021,,8562,0.917,8.75,3559,39.5384615384615,,,,,,,,
08-04-2021,,8631,1.0,9.727,3584,37.6666666666667,,,,,,,,
09-04-2021,,8702,0.583,11.083,3596,30.6153846153846,,,,,,,,
10-04-2021,,8811,1.083,14.417,3608,25.9230769230769,,,,,,,,
11-04-2021,,9199,3.0,29.636,3681,52.25,,,,,,,,
12-04-2021,,,4.917,39.083,3780,87.7692307692308,,,,,,,,
13-04-2021,,10243,5.583,52.0,3888,104.923076923077,,,,,,,,
14-04-2021,,10646,3.364,35.273,3957,81.75,,,,,,,,
15-04-2021,,11071,2.8,34.5,4038,83.4545454545455,,,,,,,,
16-04-2021,,13348,9.3,114.3,4633,259.636363636364,,,,,,,,
17-04-2021,,20065,12.545,173.364,6120,579.333333333333,,,,,,,,
18-04-2021,,24706,11.182,186.727,7029,616.083333333333,,,,,,,,
19-04-2021,,,10.417,196.917,8434,590.615384615385,,,,,,,,
20-04-2021,,,11.667,234.917,10020,740.461538461538,,,,,,,,
21-04-2021,,37513,11.0,286.917,10980,774.076923076923,,,,,,,,
22-04-2021,,39521,10.583,251.417,11732,708.692307692308,,,,,,,,
23-04-2021,,41034,11.083,230.0,12156,688.076923076923,,,,,,,,
24-04-2021,,42471,10.083,151.667,12665,564.384615384615,,,,,,,,
25-04-2021,,43694,9.455,125.0,12983,420.666666666667,,,,,,,,
26-04-2021,,,8.727,131.364,13225,366.5,,,,,,,,
27-04-2021,,,9.182,130.182,13540,395.5,,,,,,,,
28-04-2021,,,10.667,142.5,13830,454.076923076923,,,,,,,,
29-04-2021,,49595,10.333,153.667,14205,451.846153846154,,,,,,,,
30-04-2021,,51617,10.636,157.455,14667,542.333333333333,,,,,,,,
01-05-2021,,53942,10.909,154.545,15019,559.666666666667,,,,,,,,
02-05-2021,,54914,7.727,116.273,15286,384.416666666667,,,,,,,,
03-05-2021,,,7.727,134.545,15516,332.5,,,,,,,,
04-05-2021,,56363,7.6,114.0,15908,367.909090909091,,,,,,,,
05-05-2021,,58264,9.9,137.4,16476,429.818181818182,,,,,,,,
06-05-2021,,59432,8.917,161.417,16883,423.615384615385,,,,,,,,
07-05-2021,,62702,9.909,157.455,17627,484.333333333333,,,,,,,,
08-05-2021,,83995,11.0,294.364,22888,2009.91666666667,,,,,,,,
09-05-2021,,120726,9.917,670.5,32440,3186.0,,,,,,,,
10-05-2021,,,9.091,1120.091,49353,5503.58333333333,,,,,,,,
11-05-2021,,,9.182,1786.182,69683,7541.66666666667,,,,,,,,
12-05-2021,,266599,9.417,1589.583,82089,7645.15384615385,,,,,,,,
13-05-2021,,310918,9.25,1306.0,89424,6712.0,,,,,,,,
14-05-2021,,333968,8.917,1347.833,96931,5735.76923076923,,,,,,,,
15-05-2021,,353467,9.0,1678.545,102543,4567.58333333333,,,,,,,,
16-05-2021,,370625,9.182,2611.273,107512,4500.83333333333,,,,,,,,
17-05-2021,,,9.5,2368.333,114915,5815.38461538462,,,,,,,,
18-05-2021,,,9.091,1401.455,121310,5915.33333333333,,,,,,,,
19-05-2021,,417533,9.0,1375.455,124633,4655.91666666667,,,,,,,,
20-05-2021,,432907,8.909,1922.545,127527,4051.41666666667,,,,,,,,
21-05-2021,,457641,9.182,1718.818,130079,3769.66666666667,,,,,,,,
22-05-2021,,470851,8.917,1195.083,132295,3936.53846153846,,,,,,,,
23-05-2021,,483896,9.091,1034.0,134906,3580.5,,,,,,,,
24-05-2021,,,9.182,862.636,137402,3408.33333333333,,,,,,,,
25-05-2021,,,8.5,863.083,140361,3487.61538461538,,,,,,,,
26-05-2021,,,8.667,1249.833,142476,3720.61538461538,,,,,,,,
27-05-2021,,527878,8.455,1138.909,144120,3349.25,,,,,,,,
28-05-2021,,532274,8.273,1099.0,147118,3216.0,,,,,,,,
29-05-2021,,536214,8.636,1347.273,148161,2885.66666666667,,,,,,,,
30-05-2021,,540619,8.909,1050.727,149576,2156.41666666667,,,,,,,,
31-05-2021,,,9.417,683.25,151252,2547.61538461538,,,,,,,,
01-06-2021,,,9.273,791.636,153069,2647.5,,,,,,,,
02-06-2021,,558135,9.091,697.545,154853,2588.5,,,,,,,,
03-06-2021,,565528,9.083,759.25,157765,2723.61538461538,,,,,,,,
04-06-2021,,571183,8.727,862.364,159689,2512.25,,,,,,,,
05-06-2021,,576196,8.545,774.0,161256,2316.75,,,,,,,,
06-06-2021,,580997,8.818,747.636,162911,2442.08333333333,,,,,,,,
07-06-2021,,,8.333,876.667,164291,2362.07692307692,,,,,,,,
08-06-2021,,,8.455,808.182,165376,2243.41666666667,,,,,,,,
09-06-2021,,589162,8.364,686.636,166390,2320.58333333333,,,,,,,,
10-06-2021,,594434,8.583,729.333,167513,2280.07692307692,,,,,,,,
11-06-2021,,,9.4,813.7,168529,2148.54545454545,,,,,,,,
12-06-2021,,,9.5,956.2,169479,2270.09090909091,,,,,,,,
13-06-2021,,602391,10.083,935.75,170426,2285.0,,,,,,,,
14-06-2021,,,10.417,688.417,171530,2186.53846153846,,,,,,,,
15-06-2021,,,10.727,715.818,173399,2822.33333333333,,,,,,,,
16-06-2021,,622928,10.0,789.364,175755,3276.5,,,,,,,,
17-06-2021,,636141,9.583,727.5,177311,2975.46153846154,,,,,,,,
18-06-2021,,641163,8.833,716.917,178531,2563.07692307692,,,,,,,,
19-06-2021,,646262,9.667,731.917,179760,2619.53846153846,,,,,,,,
20-06-2021,,650693,9.545,675.273,181094,2436.16666666667,,,,,,,,
21-06-2021,,,8.727,554.818,182090,2308.5,,,,,,,,
22-06-2021,,,9.0,555.5,182849,2297.46153846154,,,,,,,,
23-06-2021,,,8.833,493.25,183620,1694.15384615385,,,,,,,,
24-06-2021,,663266,9.818,494.545,184327,1486.08333333333,,,,,,,,
25-06-2021,,668287,10.0,629.545,185306,2113.5,,,,,,,,
26-06-2021,,673047,9.917,601.083,186198,2215.46153846154,,,,,,,,
27-06-2021,,679322,11.1,675.4,187169,2205.72727272727,,,,,,,,
28-06-2021,,,10.9,652.6,188355,2175.45454545455,,,,,,,,
29-06-2021,,,9.833,555.25,189939,2584.46153846154,,,,,,,,
30-06-2021,,693534,9.818,638.182,190890,2742.33333333333,,,,,,,,
01-07-2021,,700029,9.273,664.727,191723,2255.75,,,,,,,,
02-07-2021,,702713,8.75,561.167,192178,2051.15384615385,,,,,,,,
03-07-2021,,705375,8.417,553.75,192867,1935.30769230769,,,,,,,,
04-07-2021,,708633,8.727,468.364,193729,2000.83333333333,,,,,,,,
05-07-2021,,,9.5,469.417,194441,2229.0,,,,,,,,
06-07-2021,,,9.833,595.667,195394,3055.84615384615,,,,,,,,
07-07-2021,,,9.455,777.182,196185,3377.83333333333,,,,,,,,
08-07-2021,,725248,9.167,765.083,196723,2936.76923076923,,,,,,,,
09-07-2021,,727829,8.417,686.917,197013,2327.30769230769,,,,,,,,
10-07-2021,,730030,8.273,583.727,197420,1895.75,,,,,,,,
11-07-2021,,732269,8.273,501.818,197876,1788.66666666667,,,,,,,,
12-07-2021,,,8.545,455.455,198292,1701.75,,,,,,,,
13-07-2021,,736131,8.167,477.917,198602,1677.23076923077,,,,,,,,
14-07-2021,,738425,8.909,466.727,198900,1647.25,,,,,,,,
15-07-2021,,740166,8.273,403.364,199264,1593.08333333333,,,,,,,,
16-07-2021,,741601,8.333,441.167,199580,1508.92307692308,,,,,,,,
17-07-2021,,742962,9.083,491.417,199866,1756.07692307692,,,,,,,,
18-07-2021,,744477,9.545,549.727,200431,1992.16666666667,,,,,,,,
19-07-2021,,,8.5,551.25,201021,1705.15384615385,,,,,,,,
20-07-2021,,746708,7.545,420.091,201394,1330.83333333333,,,,,,,,
21-07-2021,,748888,7.727,408.0,201908,1308.33333333333,,,,,,,,
22-07-2021,,750632,7.167,396.75,202355,1374.76923076923,,,,,,,,
23-07-2021,,752172,6.417,328.5,202562,1320.38461538462,,,,,,,,
24-07-2021,,753378,8.364,377.091,202782,1122.83333333333,,,,,,,,
25-07-2021,,754655,8.636,346.182,203026,1197.08333333333,,,,,,,,
26-07-2021,,,9.0,342.167,203267,1346.15384615385,,,,,,,,
27-07-2021,,,7.7,257.7,203442,1278.81818181818,,,,,,,,
28-07-2021,,757809,7.0,269.636,203675,1128.66666666667,,,,,,,,
29-07-2021,,760798,8.615,328.077,203864,1199.71428571429,,,,,,,,
30-07-2021,,762054,7.636,318.273,204084,1159.66666666667,,,,,,,,
31-07-2021,,763270,7.417,368.75,204294,1177.84615384615,,,,,,,,
01-08-2021,,764603,8.364,391.909,204533,1381.41666666667,,,,,,,,
02-08-2021,,,7.727,328.727,204659,1286.41666666667,,,,,,,,
03-08-2021,,766396,6.818,316.727,204812,1096.75,,,,,,,,
04-08-2021,,768494,7.083,305.417,205109,1168.0,,,,,,,,
05-08-2021,,769557,7.091,314.0,205266,1101.25,,,,,,,,
06-08-2021,,771085,7.545,293.091,205424,977.75,,,,,,,,
07-08-2021,,773598,8.0,269.583,205708,1120.84615384615,,,,,,,,
08-08-2021,,777444,9.75,294.667,206239,1500.07692307692,,,,,,,,
09-08-2021,,,9.0,410.667,206556,1542.07692307692,,,,,,,,
10-08-2021,,781545,7.167,393.083,206795,1295.30769230769,,,,,,,,
11-08-2021,,,7.583,313.583,207131,1223.61538461538,,,,,,,,
12-08-2021,,786166,9.2,338.7,207358,1134.63636363636,,,,,,,,
13-08-2021,,788089,8.7,331.3,207619,1022.81818181818,,,,,,,,
14-08-2021,,790413,8.333,296.083,207862,1093.30769230769,,,,,,,,
15-08-2021,,792786,7.5,313.667,208113,1140.15384615385,,,,,,,,
16-08-2021,,,7.909,395.455,208685,1291.16666666667,,,,,,,,
17-08-2021,,,8.273,380.636,209105,1333.75,,,,,,,,
18-08-2021,,798902,8.273,419.909,209373,1066.58333333333,,,,,,,,
19-08-2021,,,7.083,325.083,209702,940.076923076923,,,,,,,,
20-08-2021,,804519,7.0,288.75,210001,947.538461538462,,,,,,,,
21-08-2021,,806776,7.583,465.25,210310,798.692307692308,,,,,,,,
22-08-2021,,810807,6.909,445.364,210636,644.083333333333,,,,,,,,
23-08-2021,,,6.5,453.0,210923,680.769230769231,,,,,,,,
24-08-2021,,827842,7.0,401.083,211132,514.384615384615,,,,,,,,
25-08-2021,,833506,6.333,362.0,211316,425.692307692308,,,,,,,,
26-08-2021,,835309,6.818,400.636,211546,600.916666666667,,,,,,,,
27-08-2021,,836975,7.818,399.182,211746,587.416666666667,,,,,,,,
28-08-2021,,838987,6.917,284.917,211938,585.0,,,,,,,,
29-08-2021,,841023,6.0,293.75,212135,572.692307692308,,,,,,,,
30-08-2021,,,6.545,252.636,212309,580.5,,,,,,,,
31-08-2021,,,6.0,239.091,212497,613.333333333333,,,,,,,,
01-09-2021,,845221,6.25,330.583,212574,589.230769230769,,,,,,,,
02-09-2021,,847538,6.583,375.083,212771,544.076923076923,,,,,,,,
03-09-2021,,848898,7.583,451.75,212977,559.153846153846,,,,,,,,
04-09-2021,,850593,8.25,425.333,213195,594.384615384615,,,,,,,,
05-09-2021,,852382,7.455,377.818,213566,620.083333333333,,,,,,,,
06-09-2021,,,7.727,323.273,213962,656.833333333333,,,,,,,,
07-09-2021,,,8.0,378.75,214205,741.230769230769,,,,,,,,
08-09-2021,,855428,8.5,434.667,214623,753.307692307692,,,,,,,,
09-09-2021,,,9.091,385.364,215254,853.75,,,,,,,,
10-09-2021,,862257,9.417,403.75,215753,939.615384615385,,,,,,,,
11-09-2021,,863841,8.583,454.583,216074,811.230769230769,,,,,,,,
12-09-2021,,865514,7.0,452.636,216350,660.666666666667,,,,,,,,
13-09-2021,,,7.727,372.273,216637,644.25,,,,,,,,
14-09-2021,,868040,7.091,339.273,216811,632.416666666667,,,,,,,,
15-09-2021,,869979,6.917,342.667,217103,632.538461538462,,,,,,,,
16-09-2021,,873707,8.333,354.583,218155,964.615384615385,,,,,,,,
17-09-2021,,887800,9.545,576.727,220674,1430.83333333333,,,,,,,,
18-09-2021,,893152,8.636,636.364,221598,1257.91666666667,,,,,,,,
19-09-2021,,898036,8.25,551.75,222294,949.384615384615,,,,,,,,
20-09-2021,,,7.333,395.0,222952,831.230769230769,,,,,,,,
21-09-2021,,,7.0,333.917,223455,734.153846153846,,,,,,,,
22-09-2021,,908097,7.083,332.583,223913,626.461538461538,,,,,,,,
23-09-2021,,913239,7.091,320.182,224514,695.25,,,,,,,,
24-09-2021,,916791,8.182,442.0,224974,771.5,,,,,,,,
25-09-2021,,,8.364,497.727,225457,719.5,,,,,,,,
26-09-2021,,920342,7.636,464.818,225821,671.083333333333,,,,,,,,
27-09-2021,,922684,7.182,402.909,226181,649.75,,,,,,,,
28-09-2021,,,5.364,354.818,226545,604.333333333333,,,,,,,,
29-09-2021,,928586,5.667,286.75,226884,561.923076923077,,,,,,,,
30-09-2021,,930716,6.25,320.167,227242,579.923076923077,,,,,,,,
01-10-2021,,932499,6.364,273.545,227662,601.0,,,,,,,,
02-10-2021,,934755,5.727,280.636,228120,644.833333333333,,,,,,,,
03-10-2021,,937933,7.636,384.545,228862,782.833333333333,,,,,,,,
04-10-2021,,,9.0,448.636,232254,1608.66666666667,,,,,,,,
05-10-2021,,963285,9.75,803.75,237496,2763.84615384615,,,,,,,,
06-10-2021,,1002721,9.455,1153.182,244786,4086.75,,,,,,,,
07-10-2021,,1056090,9.25,2053.417,254920,5874.0,,,,,,,,
08-10-2021,,1085872,9.0,2859.583,259846,5978.61538461538,,,,,,,,
09-10-2021,,1103850,9.182,1920.545,263768,3527.66666666667,,,,,,,,
10-10-2021,,1119178,10.0,1184.091,266847,2979.08333333333,,,,,,,,
11-10-2021,,,11.182,993.909,271083,3258.33333333333,,,,,,,,
12-10-2021,,1144090,10.417,1096.167,274250,3412.07692307692,,,,,,,,
13-10-2021,,1163241,9.583,1198.833,276955,2961.38461538462,,,,,,,,
14-10-2021,,,10.455,1200.0,279581,2624.75,,,,,,,,
15-10-2021,,1190462,10.583,975.417,281755,2617.0,,,,,,,,
16-10-2021,,1200574,10.167,1069.333,283617,2236.53846153846,,,,,,,,
17-10-2021,,1210373,9.667,1004.75,285309,1951.76923076923,,,,,,,,
18-10-2021,,,9.727,979.182,287950,2402.41666666667,,,,,,,,
19-10-2021,,1236380,10.0,871.0,290055,2506.0,,,,,,,,
20-10-2021,,1250202,9.667,828.083,292070,2288.15384615385,,,,,,,,
21-10-2021,,,10.083,881.333,294202,2192.07692307692,,,,,,,,
22-10-2021,,1270883,9.636,992.636,295917,1945.66666666667,,,,,,,,
23-10-2021,,1284287,10.273,749.818,298985,2236.75,,,,,,,,
24-10-2021,,1333077,9.909,1395.636,308763,4688.0,,,,,,,,
25-10-2021,,,9.833,2184.75,314750,5917.38461538462,,,,,,,,
26-10-2021,,,9.583,2153.5,323118,5884.30769230769,,,,,,,,
27-10-2021,,1415003,10.455,4846.818,343132,11130.4166666667,,,,,,,,
28-10-2021,,1564633,9.818,11590.091,363767,13707.1666666667,,,,,,,,
29-10-2021,,,9.273,8167.364,373961,9869.16666666667,,,,,,,,
30-10-2021,,1646266,9.167,4911.833,380557,7410.53846153846,,,,,,,,
31-10-2021,,1676455,10.0,3610.75,385710,6017.46153846154,,,,,,,,
01-11-2021,,,10.182,2239.364,391925,5773.75,,,,,,,,
02-11-2021,,1739425,10.091,2180.273,397076,5802.75,,,,,,,,
03-11-2021,,,9.333,2613.417,401653,6303.84615384615,,,,,,,,
04-11-2021,,,10.0,2934.75,406672,7063.84615384615,,,,,,,,
05-11-2021,,1804511,9.583,2581.833,410229,6891.30769230769,,,,,,,,
06-11-2021,,,9.364,1951.364,413058,4637.91666666667,,,,,,,,
07-11-2021,,1846419,9.75,1327.083,414946,3695.69230769231,,,,,,,,
08-11-2021,,,10.167,1069.833,417235,3479.53846153846,,,,,,,,
09-11-2021,,,9.636,1237.727,419225,3579.91666666667,,,,,,,,
10-11-2021,,1922088,9.917,1109.583,421015,3496.53846153846,,,,,,,,
11-11-2021,,,9.545,1129.455,423377,3452.41666666667,,,,,,,,
12-11-2021,,1951687,9.818,1297.909,424872,3220.66666666667,,,,,,,,
13-11-2021,,,10.167,991.167,426020,2886.92307692308,,,,,,,,
14-11-2021,,1977438,10.5,1078.917,426966,2718.07692307692,,,,,,,,
15-11-2021,,,10.455,1179.818,428276,2656.66666666667,,,,,,,,
16-11-2021,,,9.909,844.727,429548,2540.16666666667,,,,,,,,
17-11-2021,,2018580,9.667,935.417,430724,2529.0,,,,,,,,
18-11-2021,,,10.333,1063.75,431804,2604.92307692308,,,,,,,,
19-11-2021,,2042581,10.25,969.833,432808,2354.23076923077,,,,,,,,
20-11-2021,,2053548,9.364,890.091,433767,2017.83333333333,,,,,,,,
21-11-2021,,2065007,9.091,817.273,434655,1869.83333333333,,,,,,,,
22-11-2021,,,10.273,668.091,435466,1820.83333333333,,,,,,,,
23-11-2021,,2083906,9.727,594.909,436100,1868.66666666667,,,,,,,,
24-11-2021,,2100385,9.667,718.917,436956,2103.0,,,,,,,,
25-11-2021,,2117601,10.273,988.909,437925,2232.25,,,,,,,,
26-11-2021,,,9.091,730.909,438731,2032.91666666667,,,,,,,,
27-11-2021,,2149856,10.0,659.091,439494,1800.0,,,,,,,,
28-11-2021,,2160964,6.692,536.385,440016,1706.92857142857,,,,,,,,
29-11-2021,,,3.364,376.545,440624,1494.5,,,,,,,,
30-11-2021,,,6.727,1169.273,442805,2369.16666666667,,,,,,,,
01-12-2021,,2211738,6.923,1522.538,443773,2318.5,,,,,,,,
02-12-2021,,,5.818,1205.273,444346,1589.83333333333,,,,,,,,
03-12-2021,,2233209,6.5,1052.0,444933,1417.76923076923,,,,,,,,
04-12-2021,,2241369,6.182,1059.273,445565,1547.58333333333,,,,,,,,
05-12-2021,,2248584,5.75,1049.25,446077,1586.76923076923,,,,,,,,
06-12-2021,,,5.917,890.167,446692,1459.15384615385,,,,,,,,
07-12-2021,,2262450,5.727,684.909,447281,1299.33333333333,,,,,,,,
08-12-2021,,,5.0,511.0,448001,1249.25,,,,,,,,
09-12-2021,,2285543,5.909,603.182,448456,1342.66666666667,,,,,,,,
10-12-2021,,,7.167,623.083,448926,1242.69230769231,,,,,,,,
11-12-2021,,2302244,5.857,483.429,449283,1083.93333333333,,,,,,,,
12-12-2021,,2310519,7.0,644.667,449896,1271.76923076923,,,,,,,,
13-12-2021,,,7.444,618.667,450385,1497.7,,,,,,,,
14-12-2021,,,6.833,641.25,450802,1313.84615384615,,,,,,,,
15-12-2021,,2336342,7.9,744.1,451252,1234.90909090909,,,,,,,,
16-12-2021,,,7.444,845.667,451781,1272.5,,,,,,,,
17-12-2021,,2350917,6.727,714.091,452094,1117.25,,,,,,,,
18-12-2021,,2357096,8.091,660.182,452394,940.333333333333,,,,,,,,
19-12-2021,,,5.727,441.182,452676,916.416666666667,,,,,,,,
20-12-2021,,,7.25,590.0,453161,1035.55555555556,,,,,,,,
21-12-2021,,,6.4,375.7,453432,1390.09090909091,,,,,,,,
22-12-2021,,2384853,6.385,553.077,453908,1489.35714285714,,,,,,,,
23-12-2021,,,6.455,576.182,454392,1353.16666666667,,,,,,,,
24-12-2021,,2399569,6.667,658.75,454783,1251.84615384615,,,,,,,,
25-12-2021,,,7.4,632.0,455104,1073.0,,,,,,,,
26-12-2021,,2416458,5.636,415.818,455581,959.5,,,,,,,,
27-12-2021,,,5.0,503.4,456058,1071.18181818182,,,,,,,,
28-12-2021,,2431667,5.273,472.818,456477,1045.08333333333,,,,,,,,
29-12-2021,,2443405,3.857,393.929,456805,975.866666666667,,,,,,,,
30-12-2021,,,5.167,512.333,457147,924.153846153846,,,,,,,,
31-12-2021,,2459560,7.333,590.778,457498,868.1,,,,,,,,
01-01-2022,,2465162,4.727,477.545,457747,710.75,,,,,,,,
02-01-2022,,,4.583,442.5,457970,656.538461538462,,,,,,,,
03-01-2022,,,6.286,651.429,458551,711.5,,,,,,,,
04-01-2022,,2486504,5.909,543.909,458818,797.416666666667,,,,,,,,
05-01-2022,,2496693,4.0,411.385,459071,833.714285714286,,,,,,,,
06-01-2022,,2504328,6.833,559.5,459520,932.142857142857,,,,,,,,
07-01-2022,,2511531,8.5,604.0,459705,989.222222222222,,,,,,,,
08-01-2022,,2519786,8.167,485.5,459916,972.846153846154,,,,,,,,
09-01-2022,,2527484,9.1,562.7,460177,959.454545454545,,,,,,,,
10-01-2022,,,7.0,486.1,460351,917.0,,,,,,,,
11-01-2022,,,6.636,464.818,460515,936.5,,,,,,,,
12-01-2022,,2545748,7.545,535.909,460663,1086.66666666667,,,,,,,,
13-01-2022,,2558758,9.667,621.667,461060,1244.14285714286,,,,,,,,
14-01-2022,,2571299,9.857,792.714,461294,1118.625,,,,,,,,
15-01-2022,,2580473,5.556,414.556,461355,1043.1,,,,,,,,
16-01-2022,,2590347,7.8,684.7,461497,990.545454545455,,,,,,,,
17-01-2022,,,5.462,494.077,461588,1013.42857142857,,,,,,,,
18-01-2022,,2606794,5.615,373.154,461774,974.928571428571,,,,,,,,
19-01-2022,,2620436,7.273,517.636,461918,930.583333333333,,,,,,,,
20-01-2022,,,6.273,474.545,462035,942.583333333333,,,,,,,,
21-01-2022,,2637064,7.9,514.2,462125,858.909090909091,,,,,,,,
22-01-2022,,,11.0,566.875,462304,1036.55555555556,,,,,,,,
23-01-2022,,2650730,9.364,650.818,462468,1073.75,,,,,,,,
24-01-2022,,,6.692,523.923,462678,958.214285714286,,,,,,,,
25-01-2022,,,6.5,425.7,462874,873.090909090909,,,,,,,,
26-01-2022,,2672027,4.889,435.778,463028,958.6,,,,,,,,
27-01-2022,,,5.273,548.909,463133,862.916666666667,,,,,,,,
28-01-2022,,2694630,6.8,680.9,463266,707.272727272727,,,,,,,,
29-01-2022,,,5.9,595.1,463441,735.181818181818,,,,,,,,
30-01-2022,,,5.2,548.0,463602,741.454545454545,,,,,,,,
31-01-2022,,,6.182,586.182,463670,684.666666666667,,,,,,,,
01-02-2022,,,6.8,475.7,463832,630.090909090909,,,,,,,,
02-02-2022,,2728023,7.889,499.667,463900,615.7,,,,,,,,
03-02-2022,,2736833,8.889,652.556,464046,680.2,,,,,,,,
04-02-2022,,2741750,7.0,412.667,464142,696.307692307692,,,,,,,,
