Date,Open,High,Low,Close,Adj Close,Volume,facebook_likes,twitter_followers,reddit_average_posts_48h,reddit_average_comments_48h,reddit_subscribers,reddit_accounts_active_48h,forks,stars,subscribers,total_issues,closed_issues,pull_requests_merged,pull_request_contributors,commit_count_4_weeks,shiba inu coin_unscaled,shiba inu coin_monthly,isPartial,scale,shiba inu coin
01/08/2020,0.0,0.0,0.0,0.0,0.0,1604789,,,0.0,0.0,,,,,,,,,,,0,,,,
02/08/2020,0.0,0.0,0.0,0.0,0.0,193098,,,0.0,0.0,,,,,,,,,,,0,0.0,False,0.0,0.0
03/08/2020,0.0,0.0,0.0,0.0,0.0,129225,,,0.0,0.0,,,,,,,,,,,0,0.0,,0.0,0.0
04/08/2020,0.0,0.0,0.0,0.0,0.0,19717,,,0.0,0.0,,,,,,,,,,,0,0.0,,0.0,0.0
05/08/2020,0.0,0.0,0.0,0.0,0.0,26869,,,0.0,0.0,,,,,,,,,,,0,0.0,,0.0,0.0
06/08/2020,0.0,0.0,0.0,0.0,0.0,8708,,,0.0,0.0,,,,,,,,,,,0,0.0,,0.0,0.0
07/08/2020,0.0,0.0,0.0,0.0,0.0,17529,,,0.0,0.0,,,,,,,,,,,0,0.0,,0.0,0.0
08/08/2020,0.0,0.0,0.0,0.0,0.0,13773,,,0.0,0.0,,,,,,,,,,,0,0.0,,0.0,0.0
09/08/2020,0.0,0.0,0.0,0.0,0.0,5190,,,0.0,0.0,,,,,,,,,,,0,0.0,False,0.0,0.0
10/08/2020,0.0,0.0,0.0,0.0,0.0,6105,,,0.0,0.0,,,,,,,,,,,0,0.0,,0.0,0.0
11/08/2020,0.0,0.0,0.0,0.0,0.0,2896,,,0.0,0.0,,,,,,,,,,,0,0.0,,0.0,0.0
12/08/2020,0.0,0.0,0.0,0.0,0.0,1868,,,0.0,0.0,,,,,,,,,,,0,0.0,,0.0,0.0
13/08/2020,0.0,0.0,0.0,0.0,0.0,1723,,,0.0,0.0,,,,,,,,,,,0,0.0,,0.0,0.0
14/08/2020,0.0,0.0,0.0,0.0,0.0,3567,,,0.0,0.0,,,,,,,,,,,0,0.0,,0.0,0.0
15/08/2020,0.0,0.0,0.0,0.0,0.0,1479,,,0.0,0.0,,,,,,,,,,,0,0.0,,0.0,0.0
16/08/2020,0.0,0.0,0.0,0.0,0.0,506,,,0.0,0.0,,,,,,,,,,,0,0.0,False,0.0,0.0
17/08/2020,0.0,0.0,0.0,0.0,0.0,543,,,0.0,0.0,,,,,,,,,,,0,0.0,,0.0,0.0
18/08/2020,0.0,0.0,0.0,0.0,0.0,153,,,0.0,0.0,,,,,,,,,,,0,0.0,,0.0,0.0
19/08/2020,0.0,0.0,0.0,0.0,0.0,3411,,,0.0,0.0,,,,,,,,,,,0,0.0,,0.0,0.0
20/08/2020,0.0,0.0,0.0,0.0,0.0,2058,,,0.0,0.0,,,,,,,,,,,0,0.0,,0.0,0.0
21/08/2020,0.0,0.0,0.0,0.0,0.0,4894,,,0.0,0.0,,,,,,,,,,,0,0.0,,0.0,0.0
22/08/2020,0.0,0.0,0.0,0.0,0.0,8019,,,0.0,0.0,,,,,,,,,,,0,0.0,,0.0,0.0
23/08/2020,0.0,0.0,0.0,0.0,0.0,763,,,0.0,0.0,,,,,,,,,,,98,0.0,False,0.0,0.0
24/08/2020,0.0,0.0,0.0,0.0,0.0,32,,,0.0,0.0,,,,,,,,,,,0,0.0,,0.0,0.0
25/08/2020,0.0,0.0,0.0,0.0,0.0,377,,,0.0,0.0,,,,,,,,,,,0,0.0,,0.0,0.0
26/08/2020,0.0,0.0,0.0,0.0,0.0,595,,,0.0,0.0,,,,,,,,,,,0,0.0,,0.0,0.0
27/08/2020,0.0,0.0,0.0,0.0,0.0,2404,,,0.0,0.0,,,,,,,,,,,0,0.0,,0.0,0.0
28/08/2020,0.0,0.0,0.0,0.0,0.0,7426,,,0.0,0.0,,,,,,,,,,,0,0.0,,0.0,0.0
29/08/2020,0.0,0.0,0.0,0.0,0.0,4191,,,0.0,0.0,,,,,,,,,,,0,0.0,,0.0,0.0
30/08/2020,0.0,0.0,0.0,0.0,0.0,40609,,,0.0,0.0,,,,,,,,,,,100,0.0,False,0.0,0.0
31/08/2020,0.0,0.0,0.0,0.0,0.0,6653,,,0.0,0.0,,,,,,,,,,,0,0.0,,0.0,0.0
01/09/2020,0.0,0.0,0.0,0.0,0.0,16378,,,0.0,0.0,,,,,,,,,,,0,0.0,,0.0,0.0
02/09/2020,0.0,0.0,0.0,0.0,0.0,61769,,,0.0,0.0,,,,,,,,,,,0,0.0,,0.0,0.0
03/09/2020,0.0,0.0,0.0,0.0,0.0,70619,,,0.0,0.0,,,,,,,,,,,0,0.0,,0.0,0.0
04/09/2020,0.0,0.0,0.0,0.0,0.0,36623,,,0.0,0.0,,,,,,,,,,,90,0.0,,0.0,0.0
05/09/2020,0.0,0.0,0.0,0.0,0.0,12080,,,0.0,0.0,,,,,,,,,,,0,0.0,,0.0,0.0
06/09/2020,0.0,0.0,0.0,0.0,0.0,15529,,,0.0,0.0,,,,,,,,,,,0,0.0,False,0.0,0.0
07/09/2020,0.0,0.0,0.0,0.0,0.0,5673,,,0.0,0.0,,,,,,,,,,,0,0.0,,0.0,0.0
08/09/2020,0.0,0.0,0.0,0.0,0.0,4343,,,0.0,0.0,,,,,,,,,,,86,0.0,,0.0,0.0
09/09/2020,0.0,0.0,0.0,0.0,0.0,2993,,,0.0,0.0,,,,,,,,,,,0,0.0,,0.0,0.0
10/09/2020,0.0,0.0,0.0,0.0,0.0,656,,,0.0,0.0,,,,,,,,,,,0,0.0,,0.0,0.0
11/09/2020,0.0,0.0,0.0,0.0,0.0,79,,,0.0,0.0,,,,,,,,,,,0,0.0,,0.0,0.0
12/09/2020,0.0,0.0,0.0,0.0,0.0,728,,,0.0,0.0,,,,,,,,,,,100,0.0,,0.0,0.0
13/09/2020,0.0,0.0,0.0,0.0,0.0,697,,,0.0,0.0,,,,,,,,,,,0,0.0,False,0.0,0.0
14/09/2020,0.0,0.0,0.0,0.0,0.0,883,,,0.0,0.0,,,,,,,,,,,0,0.0,,0.0,0.0
15/09/2020,0.0,0.0,0.0,0.0,0.0,429,,,0.0,0.0,,,,,,,,,,,0,0.0,,0.0,0.0
16/09/2020,0.0,0.0,0.0,0.0,0.0,101,,,0.0,0.0,,,,,,,,,,,0,0.0,,0.0,0.0
17/09/2020,0.0,0.0,0.0,0.0,0.0,1301,,,0.0,0.0,,,,,,,,,,,0,0.0,,0.0,0.0
18/09/2020,0.0,0.0,0.0,0.0,0.0,290,,,0.0,0.0,,,,,,,,,,,91,0.0,,0.0,0.0
19/09/2020,0.0,0.0,0.0,0.0,0.0,3568,,,0.0,0.0,,,,,,,,,,,0,0.0,,0.0,0.0
20/09/2020,0.0,0.0,0.0,0.0,0.0,2796,,,0.0,0.0,,,,,,,,,,,0,0.0,False,0.0,0.0
21/09/2020,0.0,0.0,0.0,0.0,0.0,1881,,,0.0,0.0,,,,,,,,,,,0,0.0,,0.0,0.0
22/09/2020,0.0,0.0,0.0,0.0,0.0,468,,,0.0,0.0,,,,,,,,,,,0,0.0,,0.0,0.0
23/09/2020,0.0,0.0,0.0,0.0,0.0,505,,,0.0,0.0,,,,,,,,,,,0,0.0,,0.0,0.0
24/09/2020,0.0,0.0,0.0,0.0,0.0,172,,,0.0,0.0,,,,,,,,,,,0,0.0,,0.0,0.0
25/09/2020,0.0,0.0,0.0,0.0,0.0,206,,,0.0,0.0,,,,,,,,,,,0,0.0,,0.0,0.0
26/09/2020,0.0,0.0,0.0,0.0,0.0,249,,,0.0,0.0,,,,,,,,,,,0,0.0,,0.0,0.0
27/09/2020,0.0,0.0,0.0,0.0,0.0,2378,,,0.0,0.0,,,,,,,,,,,0,0.0,False,0.0,0.0
28/09/2020,0.0,0.0,0.0,0.0,0.0,640,,,0.0,0.0,,,,,,,,,,,0,0.0,,0.0,0.0
29/09/2020,0.0,0.0,0.0,0.0,0.0,250,,,0.0,0.0,,,,,,,,,,,0,0.0,,0.0,0.0
30/09/2020,0.0,0.0,0.0,0.0,0.0,512,,,0.0,0.0,,,,,,,,,,,0,0.0,,0.0,0.0
01/10/2020,0.0,0.0,0.0,0.0,0.0,305,,,0.0,0.0,,,,,,,,,,,0,0.0,,0.0,0.0
02/10/2020,0.0,0.0,0.0,0.0,0.0,8948,,,0.0,0.0,,,,,,,,,,,0,0.0,,0.0,0.0
03/10/2020,0.0,0.0,0.0,0.0,0.0,9065,,,0.0,0.0,,,,,,,,,,,100,0.0,,0.0,0.0
04/10/2020,0.0,0.0,0.0,0.0,0.0,9203,,,0.0,0.0,,,,,,,,,,,0,0.0,False,0.0,0.0
05/10/2020,0.0,0.0,0.0,0.0,0.0,2628,,,0.0,0.0,,,,,,,,,,,0,0.0,,0.0,0.0
06/10/2020,0.0,0.0,0.0,0.0,0.0,3932,,,0.0,0.0,,,,,,,,,,,0,0.0,,0.0,0.0
07/10/2020,0.0,0.0,0.0,0.0,0.0,5086,,,0.0,0.0,,,,,,,,,,,0,0.0,,0.0,0.0
08/10/2020,0.0,0.0,0.0,0.0,0.0,748,,,0.0,0.0,,,,,,,,,,,0,0.0,,0.0,0.0
09/10/2020,0.0,0.0,0.0,0.0,0.0,1197,,,0.0,0.0,,,,,,,,,,,0,0.0,,0.0,0.0
10/10/2020,0.0,0.0,0.0,0.0,0.0,304,,,0.0,0.0,,,,,,,,,,,0,0.0,,0.0,0.0
11/10/2020,0.0,0.0,0.0,0.0,0.0,10,,,0.0,0.0,,,,,,,,,,,0,0.0,False,0.0,0.0
12/10/2020,0.0,0.0,0.0,0.0,0.0,109,,,0.0,0.0,,,,,,,,,,,0,0.0,,0.0,0.0
13/10/2020,0.0,0.0,0.0,0.0,0.0,1214,,,0.0,0.0,,,,,,,,,,,0,0.0,,0.0,0.0
14/10/2020,0.0,0.0,0.0,0.0,0.0,53,,,0.0,0.0,,,,,,,,,,,0,0.0,,0.0,0.0
15/10/2020,0.0,0.0,0.0,0.0,0.0,25,,,0.0,0.0,,,,,,,,,,,92,0.0,,0.0,0.0
16/10/2020,0.0,0.0,0.0,0.0,0.0,179,,,0.0,0.0,,,,,,,,,,,0,0.0,,0.0,0.0
17/10/2020,0.0,0.0,0.0,0.0,0.0,45,,,0.0,0.0,,,,,,,,,,,0,0.0,,0.0,0.0
18/10/2020,0.0,0.0,0.0,0.0,0.0,4,,,0.0,0.0,,,,,,,,,,,0,0.0,False,0.0,0.0
19/10/2020,0.0,0.0,0.0,0.0,0.0,58,,,0.0,0.0,,,,,,,,,,,0,0.0,,0.0,0.0
20/10/2020,0.0,0.0,0.0,0.0,0.0,514,,,0.0,0.0,,,,,,,,,,,0,0.0,,0.0,0.0
21/10/2020,0.0,0.0,0.0,0.0,0.0,534,,,0.0,0.0,,,,,,,,,,,0,0.0,,0.0,0.0
22/10/2020,0.0,0.0,0.0,0.0,0.0,28,,,0.0,0.0,,,,,,,,,,,0,0.0,,0.0,0.0
23/10/2020,0.0,0.0,0.0,0.0,0.0,0,,,0.0,0.0,,,,,,,,,,,0,0.0,,0.0,0.0
24/10/2020,0.0,0.0,0.0,0.0,0.0,0,,,0.0,0.0,,,,,,,,,,,0,0.0,,0.0,0.0
25/10/2020,0.0,0.0,0.0,0.0,0.0,0,,,0.0,0.0,,,,,,,,,,,0,0.0,False,0.0,0.0
26/10/2020,0.0,0.0,0.0,0.0,0.0,0,,,0.0,0.0,,,,,,,,,,,0,0.0,,0.0,0.0
27/10/2020,0.0,0.0,0.0,0.0,0.0,0,,,0.0,0.0,,,,,,,,,,,0,0.0,,0.0,0.0
28/10/2020,0.0,0.0,0.0,0.0,0.0,460,,,0.0,0.0,,,,,,,,,,,0,0.0,,0.0,0.0
29/10/2020,0.0,0.0,0.0,0.0,0.0,13,,,0.0,0.0,,,,,,,,,,,0,0.0,,0.0,0.0
30/10/2020,0.0,0.0,0.0,0.0,0.0,84,,,0.0,0.0,,,,,,,,,,,0,0.0,,0.0,0.0
31/10/2020,0.0,0.0,0.0,0.0,0.0,171,,,0.0,0.0,,,,,,,,,,,0,0.0,,0.0,0.0
01/11/2020,0.0,0.0,0.0,0.0,0.0,1,,,0.0,0.0,,,,,,,,,,,100,0.0,False,0.0,0.0
02/11/2020,0.0,0.0,0.0,0.0,0.0,662,,,0.0,0.0,,,,,,,,,,,0,0.0,,0.0,0.0
03/11/2020,0.0,0.0,0.0,0.0,0.0,429,,,0.0,0.0,,,,,,,,,,,0,0.0,,0.0,0.0
04/11/2020,0.0,0.0,0.0,0.0,0.0,36,,,0.0,0.0,,,,,,,,,,,72,0.0,,0.0,0.0
05/11/2020,0.0,0.0,0.0,0.0,0.0,199,,,0.0,0.0,,,,,,,,,,,0,0.0,,0.0,0.0
06/11/2020,0.0,0.0,0.0,0.0,0.0,11,,,0.0,0.0,,,,,,,,,,,0,0.0,,0.0,0.0
07/11/2020,0.0,0.0,0.0,0.0,0.0,0,,,0.0,0.0,,,,,,,,,,,0,0.0,,0.0,0.0
08/11/2020,0.0,0.0,0.0,0.0,0.0,0,,,,,,,,,,,,,,,95,0.0,False,0.0,0.0
09/11/2020,0.0,0.0,0.0,0.0,0.0,62,,,0.0,0.0,,,,,,,,,,,0,0.0,,0.0,0.0
10/11/2020,0.0,0.0,0.0,0.0,0.0,0,,,0.0,0.0,,,,,,,,,,,0,0.0,,0.0,0.0
11/11/2020,0.0,0.0,0.0,0.0,0.0,0,,,,,,,,,,,,,,,0,0.0,,0.0,0.0
12/11/2020,0.0,0.0,0.0,0.0,0.0,1374,,,0.0,0.0,,,,,,,,,,,0,0.0,,0.0,0.0
13/11/2020,0.0,0.0,0.0,0.0,0.0,713,,,0.0,0.0,,,,,,,,,,,0,0.0,,0.0,0.0
14/11/2020,0.0,0.0,0.0,0.0,0.0,136,,,0.0,0.0,,,,,,,,,,,0,0.0,,0.0,0.0
15/11/2020,0.0,0.0,0.0,0.0,0.0,10,,,0.0,0.0,,,,,,,,,,,96,0.0,False,0.0,0.0
16/11/2020,0.0,0.0,0.0,0.0,0.0,36,,,0.0,0.0,,,,,,,,,,,87,0.0,,0.0,0.0
17/11/2020,0.0,0.0,0.0,0.0,0.0,9,,,0.0,0.0,,,,,,,,,,,0,0.0,,0.0,0.0
18/11/2020,0.0,0.0,0.0,0.0,0.0,9,,,0.0,0.0,,,,,,,,,,,87,0.0,,0.0,0.0
19/11/2020,0.0,0.0,0.0,0.0,0.0,2,,,0.0,0.0,,,,,,,,,,,0,0.0,,0.0,0.0
20/11/2020,0.0,0.0,0.0,0.0,0.0,158,,,0.0,0.0,,,,,,,,,,,91,0.0,,0.0,0.0
21/11/2020,0.0,0.0,0.0,0.0,0.0,60,,,0.0,0.0,,,,,,,,,,,0,0.0,,0.0,0.0
22/11/2020,0.0,0.0,0.0,0.0,0.0,83,,,0.0,0.0,,,,,,,,,,,0,0.0,False,0.0,0.0
23/11/2020,0.0,0.0,0.0,0.0,0.0,0,,,0.0,0.0,,,,,,,,,,,0,0.0,,0.0,0.0
24/11/2020,0.0,0.0,0.0,0.0,0.0,0,,,,,,,,,,,,,,,0,0.0,,0.0,0.0
25/11/2020,0.0,0.0,0.0,0.0,0.0,0,,,,,,,,,,,,,,,0,0.0,,0.0,0.0
26/11/2020,0.0,0.0,0.0,0.0,0.0,0,,,,,,,,,,,,,,,0,0.0,,0.0,0.0
27/11/2020,0.0,0.0,0.0,0.0,0.0,9,,,0.0,0.0,,,,,,,,,,,0,0.0,,0.0,0.0
28/11/2020,0.0,0.0,0.0,0.0,0.0,1380,,,0.0,0.0,,,,,,,,,,,0,0.0,,0.0,0.0
29/11/2020,0.0,0.0,0.0,0.0,0.0,8,,,0.0,0.0,,,,,,,,,,,94,0.0,False,0.0,0.0
30/11/2020,0.0,0.0,0.0,0.0,0.0,154,,,0.0,0.0,,,,,,,,,,,0,0.0,,0.0,0.0
01/12/2020,0.0,0.0,0.0,0.0,0.0,0,,,0.0,0.0,,,,,,,,,,,0,0.0,,0.0,0.0
02/12/2020,0.0,0.0,0.0,0.0,0.0,0,,,0.0,0.0,,,,,,,,,,,0,0.0,,0.0,0.0
03/12/2020,0.0,0.0,0.0,0.0,0.0,0,,,,,,,,,,,,,,,0,0.0,,0.0,0.0
04/12/2020,0.0,0.0,0.0,0.0,0.0,36,,,0.0,0.0,,,,,,,,,,,0,0.0,,0.0,0.0
05/12/2020,0.0,0.0,0.0,0.0,0.0,12,,,0.0,0.0,,,,,,,,,,,0,0.0,,0.0,0.0
06/12/2020,0.0,0.0,0.0,0.0,0.0,6,,,0.0,0.0,,,,,,,,,,,0,0.0,False,0.0,0.0
07/12/2020,0.0,0.0,0.0,0.0,0.0,0,,,0.0,0.0,,,,,,,,,,,0,0.0,,0.0,0.0
08/12/2020,0.0,0.0,0.0,0.0,0.0,20,,,0.0,0.0,,,,,,,,,,,0,0.0,,0.0,0.0
09/12/2020,0.0,0.0,0.0,0.0,0.0,0,,,0.0,0.0,,,,,,,,,,,0,0.0,,0.0,0.0
10/12/2020,0.0,0.0,0.0,0.0,0.0,0,,,,,,,,,,,,,,,0,0.0,,0.0,0.0
11/12/2020,0.0,0.0,0.0,0.0,0.0,71,,,0.0,0.0,,,,,,,,,,,0,0.0,,0.0,0.0
12/12/2020,0.0,0.0,0.0,0.0,0.0,6,,,0.0,0.0,,,,,,,,,,,0,0.0,,0.0,0.0
13/12/2020,0.0,0.0,0.0,0.0,0.0,21,,,0.0,0.0,,,,,,,,,,,0,0.0,False,0.0,0.0
14/12/2020,0.0,0.0,0.0,0.0,0.0,346,,,0.0,0.0,,,,,,,,,,,0,0.0,,0.0,0.0
15/12/2020,0.0,0.0,0.0,0.0,0.0,0,,,0.0,0.0,,,,,,,,,,,0,0.0,,0.0,0.0
16/12/2020,0.0,0.0,0.0,0.0,0.0,0,,,0.0,0.0,,,,,,,,,,,0,0.0,,0.0,0.0
17/12/2020,0.0,0.0,0.0,0.0,0.0,0,,,,,,,,,,,,,,,0,0.0,,0.0,0.0
18/12/2020,0.0,0.0,0.0,0.0,0.0,0,,,,,,,,,,,,,,,0,0.0,,0.0,0.0
19/12/2020,0.0,0.0,0.0,0.0,0.0,13,,,0.0,0.0,,,,,,,,,,,0,0.0,,0.0,0.0
20/12/2020,0.0,0.0,0.0,0.0,0.0,3,,,0.0,0.0,,,,,,,,,,,0,0.0,False,0.0,0.0
21/12/2020,0.0,0.0,0.0,0.0,0.0,0,,,0.0,0.0,,,,,,,,,,,84,0.0,,0.0,0.0
22/12/2020,0.0,0.0,0.0,0.0,0.0,0,,,,,,,,,,,,,,,0,0.0,,0.0,0.0
23/12/2020,0.0,0.0,0.0,0.0,0.0,0,,,,,,,,,,,,,,,0,0.0,,0.0,0.0
24/12/2020,0.0,0.0,0.0,0.0,0.0,0,,,,,,,,,,,,,,,0,0.0,,0.0,0.0
25/12/2020,0.0,0.0,0.0,0.0,0.0,0,,,,,,,,,,,,,,,100,0.0,,0.0,0.0
26/12/2020,0.0,0.0,0.0,0.0,0.0,9,,,0.0,0.0,,,,,,,,,,,0,0.0,,0.0,0.0
27/12/2020,0.0,0.0,0.0,0.0,0.0,213,,,0.0,0.0,,,,,,,,,,,0,0.0,False,0.0,0.0
28/12/2020,0.0,0.0,0.0,0.0,0.0,0,,,0.0,0.0,,,,,,,,,,,0,0.0,,0.0,0.0
29/12/2020,0.0,0.0,0.0,0.0,0.0,119,,,0.0,0.0,,,,,,,,,,,0,0.0,,0.0,0.0
30/12/2020,0.0,0.0,0.0,0.0,0.0,0,,,0.0,0.0,,,,,,,,,,,0,0.0,,0.0,0.0
31/12/2020,0.0,0.0,0.0,0.0,0.0,0,,,0.0,0.0,,,,,,,,,,,0,0.0,,0.0,0.0
01/01/2021,0.0,0.0,0.0,0.0,0.0,0,,,0.0,0.0,,,,,,,,,,,0,0.0,,0.0,0.0
02/01/2021,0.0,0.0,0.0,0.0,0.0,78,,,0.0,0.0,,,,,,,,,,,25,0.0,,0.0,0.0
03/01/2021,0.0,0.0,0.0,0.0,0.0,2,,,0.0,0.0,,,,,,,,,,,0,0.0,False,0.0,0.0
04/01/2021,0.0,0.0,0.0,0.0,0.0,0,,,0.0,0.0,,,,,,,,,,,0,0.0,,0.0,0.0
05/01/2021,0.0,0.0,0.0,0.0,0.0,18,,,0.0,0.0,,,,,,,,,,,0,0.0,,0.0,0.0
06/01/2021,0.0,0.0,0.0,0.0,0.0,0,,,0.0,0.0,,,,,,,,,,,0,0.0,,0.0,0.0
07/01/2021,0.0,0.0,0.0,0.0,0.0,0,,,0.0,0.0,,,,,,,,,,,0,0.0,,0.0,0.0
08/01/2021,0.0,0.0,0.0,0.0,0.0,0,,,,,,,,,,,,,,,0,0.0,,0.0,0.0
09/01/2021,0.0,0.0,0.0,0.0,0.0,201,,,0.0,0.0,,,,,,,,,,,24,0.0,,0.0,0.0
10/01/2021,0.0,0.0,0.0,0.0,0.0,202,,,0.0,0.0,,,,,,,,,,,0,0.0,False,0.0,0.0
11/01/2021,0.0,0.0,0.0,0.0,0.0,66,,,0.0,0.0,,,,,,,,,,,0,0.0,,0.0,0.0
12/01/2021,0.0,0.0,0.0,0.0,0.0,125,,,0.0,0.0,,,,,,,,,,,0,0.0,,0.0,0.0
13/01/2021,0.0,0.0,0.0,0.0,0.0,0,,,0.0,0.0,,,,,,,,,,,0,0.0,,0.0,0.0
14/01/2021,0.0,0.0,0.0,0.0,0.0,619,,,0.0,0.0,,,,,,,,,,,0,0.0,,0.0,0.0
15/01/2021,0.0,0.0,0.0,0.0,0.0,623,,,0.0,0.0,,,,,,,,,,,0,0.0,,0.0,0.0
16/01/2021,0.0,0.0,0.0,0.0,0.0,1226,,,0.0,0.0,,,,,,,,,,,25,0.0,,0.0,0.0
17/01/2021,0.0,0.0,0.0,0.0,0.0,48,,,0.0,0.0,,,,,,,,,,,24,0.0,False,0.0,0.0
18/01/2021,0.0,0.0,0.0,0.0,0.0,45,,,0.0,0.0,,,,,,,,,,,22,0.0,,0.0,0.0
19/01/2021,0.0,0.0,0.0,0.0,0.0,8,,,0.0,0.0,,,,,,,,,,,0,0.0,,0.0,0.0
20/01/2021,0.0,0.0,0.0,0.0,0.0,0,,,0.0,0.0,,,,,,,,,,,0,0.0,,0.0,0.0
21/01/2021,0.0,0.0,0.0,0.0,0.0,0,,,0.0,0.0,,,,,,,,,,,0,0.0,,0.0,0.0
22/01/2021,0.0,0.0,0.0,0.0,0.0,52,,,0.0,0.0,,,,,,,,,,,0,0.0,,0.0,0.0
23/01/2021,0.0,0.0,0.0,0.0,0.0,0,,,0.0,0.0,,,,,,,,,,,25,0.0,,0.0,0.0
24/01/2021,0.0,0.0,0.0,0.0,0.0,0,,,0.0,0.0,,,,,,,,,,,49,0.0,False,0.0,0.0
25/01/2021,0.0,0.0,0.0,0.0,0.0,473,,,0.0,0.0,,,,,,,,,,,0,0.0,,0.0,0.0
26/01/2021,0.0,0.0,0.0,0.0,0.0,132,,,0.0,0.0,,,,,,,,,,,0,0.0,,0.0,0.0
27/01/2021,0.0,0.0,0.0,0.0,0.0,38,,,0.0,0.0,,,,,,,,,,,0,0.0,,0.0,0.0
28/01/2021,0.0,0.0,0.0,0.0,0.0,13,,,0.0,0.0,,,,,,,,,,,22,0.0,,0.0,0.0
29/01/2021,0.0,0.0,0.0,0.0,0.0,523,,,0.0,0.0,,,,,,,,,,,0,0.0,,0.0,0.0
30/01/2021,0.0,0.0,0.0,0.0,0.0,5708932,,,0.0,0.0,,,,,,,,,,,0,0.0,,0.0,0.0
31/01/2021,0.0,0.0,0.0,0.0,0.0,23921741,,,0.0,0.0,,,,,,,,,,,100,0.0,False,0.0,0.0
01/02/2021,0.0,0.0,0.0,0.0,0.0,18665191,,,0.0,0.0,,,,,,,,,,,0,0.0,,0.0,0.0
02/02/2021,0.0,0.0,0.0,0.0,0.0,5559512,,,0.0,0.0,,,,,,,,,,,66,0.0,,0.0,0.0
03/02/2021,0.0,0.0,0.0,0.0,0.0,2682178,,,0.0,0.0,,,,,,,,,,,100,0.0,,0.0,0.0
04/02/2021,0.0,0.0,0.0,0.0,0.0,1804078,,,0.0,0.0,,,,,,,,,,,66,0.0,,0.0,0.0
05/02/2021,0.0,0.0,0.0,0.0,0.0,1298642,,,0.0,0.0,,,,,,,,,,,0,0.0,,0.0,0.0
06/02/2021,0.0,0.0,0.0,0.0,0.0,595379,,,0.0,0.0,,,,,,,,,,,0,0.0,,0.0,0.0
07/02/2021,0.0,0.0,0.0,0.0,0.0,1325910,,,0.0,0.0,,,,,,,,,,,36,0.0,False,0.0,0.0
08/02/2021,0.0,0.0,0.0,0.0,0.0,6113372,,,0.0,0.0,,,,,,,,,,,96,0.0,,0.0,0.0
09/02/2021,0.0,0.0,0.0,0.0,0.0,1143430,,,0.0,0.0,,,,,,,,,,,33,0.0,,0.0,0.0
10/02/2021,0.0,0.0,0.0,0.0,0.0,933735,,,0.0,0.0,,,,,,,,,,,65,0.0,,0.0,0.0
11/02/2021,0.0,0.0,0.0,0.0,0.0,560752,,,0.0,0.0,,,,,,,,,,,0,0.0,,0.0,0.0
12/02/2021,0.0,0.0,0.0,0.0,0.0,388735,,,0.0,0.0,,,,,,,,,,,0,0.0,,0.0,0.0
13/02/2021,0.0,0.0,0.0,0.0,0.0,249169,,,0.0,0.0,,,,,,,,,,,37,0.0,,0.0,0.0
14/02/2021,0.0,0.0,0.0,0.0,0.0,355425,,,0.0,0.0,,,,,,,,,,,37,0.0,False,0.0,0.0
15/02/2021,0.0,0.0,0.0,0.0,0.0,186938,,,0.0,0.0,,,,,,,,,,,33,0.0,,0.0,0.0
16/02/2021,0.0,0.0,0.0,0.0,0.0,253570,,,0.0,0.0,,,,,,,,,,,33,0.0,,0.0,0.0
17/02/2021,0.0,0.0,0.0,0.0,0.0,134903,,,0.0,0.0,,,,,,,,,,,0,0.0,,0.0,0.0
18/02/2021,0.0,0.0,0.0,0.0,0.0,85076,,,0.0,0.0,,,,,,,,,,,0,0.0,,0.0,0.0
19/02/2021,0.0,0.0,0.0,0.0,0.0,105110,,,0.0,0.0,,,,,,,,,,,0,0.0,,0.0,0.0
20/02/2021,0.0,0.0,0.0,0.0,0.0,259931,,,0.0,0.0,,,,,,,,,,,0,0.0,,0.0,0.0
21/02/2021,0.0,0.0,0.0,0.0,0.0,124684,,,0.0,0.0,,,,,,,,,,,0,0.0,False,0.0,0.0
22/02/2021,0.0,0.0,0.0,0.0,0.0,102994,,,0.0,0.0,,,,,,,,,,,0,0.0,,0.0,0.0
23/02/2021,0.0,0.0,0.0,0.0,0.0,34174,,,0.0,0.0,,,,,,,,,,,0,0.0,,0.0,0.0
24/02/2021,0.0,0.0,0.0,0.0,0.0,54984,,,0.0,0.0,,,,,,,,,,,32,0.0,,0.0,0.0
25/02/2021,0.0,0.0,0.0,0.0,0.0,31669,,,0.0,0.0,,,,,,,,,,,0,0.0,,0.0,0.0
26/02/2021,0.0,0.0,0.0,0.0,0.0,147256,,,0.0,0.0,,,,,,,,,,,0,0.0,,0.0,0.0
27/02/2021,0.0,0.0,0.0,0.0,0.0,481991,,,0.0,0.0,,,,,,,,,,,0,0.0,,0.0,0.0
28/02/2021,0.0,0.0,0.0,0.0,0.0,3832192,,,0.0,0.0,,,,,,,,,,,0,0.0,False,0.0,0.0
01/03/2021,0.0,0.0,0.0,0.0,0.0,991095,,,0.0,0.0,,,,,,,,,,,20,0.0,,0.0,0.0
02/03/2021,0.0,0.0,0.0,0.0,0.0,528326,,,0.0,0.0,,,,,,,,,,,0,0.0,,0.0,0.0
03/03/2021,0.0,0.0,0.0,0.0,0.0,1427316,,,0.0,0.0,,,,,,,,,,,10,0.0,,0.0,0.0
04/03/2021,0.0,0.0,0.0,0.0,0.0,3502637,,,0.0,0.0,,,,,,,,,,,10,0.0,,0.0,0.0
05/03/2021,0.0,0.0,0.0,0.0,0.0,2107990,,,0.0,0.0,,,,,,,,,,,0,0.0,,0.0,0.0
06/03/2021,0.0,0.0,0.0,0.0,0.0,479871,,,0.0,0.0,,,,,,,,,,,0,0.0,,0.0,0.0
07/03/2021,0.0,0.0,0.0,0.0,0.0,607173,,,0.0,0.0,,,,,,,,,,,0,0.0,False,0.0,0.0
08/03/2021,0.0,0.0,0.0,0.0,0.0,545662,,,0.0,0.0,,,,,,,,,,,20,0.0,,0.0,0.0
09/03/2021,0.0,0.0,0.0,0.0,0.0,725264,,,0.0,0.0,,,,,,,,,,,0,0.0,,0.0,0.0
10/03/2021,0.0,0.0,0.0,0.0,0.0,310950,,,0.0,0.0,,,,,,,,,,,10,0.0,,0.0,0.0
11/03/2021,0.0,0.0,0.0,0.0,0.0,377979,,,0.0,0.0,,,,,,,,,,,0,0.0,,0.0,0.0
12/03/2021,0.0,0.0,0.0,0.0,0.0,475257,,,0.0,0.0,,,,,,,,,,,0,0.0,,0.0,0.0
13/03/2021,0.0,0.0,0.0,0.0,0.0,1283595,,,0.0,0.0,,,,,,,,,,,0,0.0,,0.0,0.0
14/03/2021,0.0,0.0,0.0,0.0,0.0,226958,,,0.0,0.0,,,,,,,,,,,33,0.0,False,0.0,0.0
15/03/2021,0.0,0.0,0.0,0.0,0.0,11569431,,,0.0,0.0,,,,,,,,,,,100,0.0,,0.0,0.0
16/03/2021,0.0,0.0,0.0,0.0,0.0,5609681,,,0.0,0.0,,,,,,,,,,,51,0.0,,0.0,0.0
17/03/2021,0.0,0.0,0.0,0.0,0.0,3220467,,,0.0,0.0,,,,,,,,,,,30,0.0,,0.0,0.0
18/03/2021,0.0,0.0,0.0,0.0,0.0,1423541,,,0.0,0.0,,,,,,,,,,,10,0.0,,0.0,0.0
19/03/2021,0.0,0.0,0.0,0.0,0.0,2396974,,,0.0,0.0,,,,,,,,,,,10,0.0,,0.0,0.0
20/03/2021,0.0,0.0,0.0,0.0,0.0,1165956,,,0.0,0.0,,,,,,,,,,,34,0.0,,0.0,0.0
21/03/2021,0.0,0.0,0.0,0.0,0.0,1833105,,,0.0,0.0,,,,,,,,,,,69,0.0,False,0.0,0.0
22/03/2021,0.0,0.0,0.0,0.0,0.0,1425544,,,0.0,0.0,,,,,,,,,,,20,0.0,,0.0,0.0
23/03/2021,0.0,0.0,0.0,0.0,0.0,900688,,6754.0,1.5,17.5,3173.0,51.0,,,,,,,,,10,0.0,,0.0,0.0
24/03/2021,0.0,0.0,0.0,0.0,0.0,539037,,6923.0,1.5,18.625,3207.0,36.8888888888889,,,,,,,,,0,0.0,,0.0,0.0
25/03/2021,0.0,0.0,0.0,0.0,0.0,602385,,,1.8,13.6,3228.0,28.7272727272727,,,,,,,,,0,0.0,,0.0,0.0
26/03/2021,0.0,0.0,0.0,0.0,0.0,722333,,7097.0,1.727,17.636,3241.0,30.6666666666667,,,,,,,,,11,0.0,,0.0,0.0
27/03/2021,0.0,0.0,0.0,0.0,0.0,514845,,7200.0,2.0,24.25,3256.0,35.6923076923077,,,,,,,,,0,0.0,,0.0,0.0
28/03/2021,0.0,0.0,0.0,0.0,0.0,1143577,,7311.0,1.818,23.273,3295.0,36.75,,,,,,,,,0,0.0,False,0.0,0.0
29/03/2021,0.0,0.0,0.0,0.0,0.0,2342924,,,3.182,28.909,3353.0,46.8333333333333,,,,,,,,,10,0.0,,0.0,0.0
30/03/2021,0.0,0.0,0.0,0.0,0.0,941404,,,2.833,30.25,3398.0,51.3076923076923,,,,,,,,,11,0.0,,0.0,0.0
31/03/2021,0.0,0.0,0.0,0.0,0.0,1022750,,7635.0,1.583,21.75,3414.0,38.2307692307692,,,,,,,,,11,0.0,,0.0,0.0
01/04/2021,0.0,0.0,0.0,0.0,0.0,1238056,,7732.0,1.333,21.833,3436.0,34.3076923076923,,,,,,,,,2,0.0,,0.0,0.0
02/04/2021,0.0,0.0,0.0,0.0,0.0,1253053,,7844.0,1.167,22.167,3451.0,33.3846153846154,,,,,,,,,0,0.0,,0.0,0.0
03/04/2021,0.0,0.0,0.0,0.0,0.0,812224,,7996.0,1.455,16.727,3475.0,34.0,,,,,,,,,2,0.0,,0.0,0.0
04/04/2021,0.0,0.0,0.0,0.0,0.0,1264328,,8142.0,2.364,23.364,3501.0,40.5833333333333,,,,,,,,,0,0.0,False,0.0,0.0
05/04/2021,0.0,0.0,0.0,0.0,0.0,1161738,,,2.25,21.333,3513.0,38.4615384615385,,,,,,,,,0,0.0,,0.0,0.0
06/04/2021,0.0,0.0,0.0,0.0,0.0,1294612,,8380.0,0.75,9.75,3532.0,33.4615384615385,,,,,,,,,0,0.0,,0.0,0.0
07/04/2021,0.0,0.0,0.0,0.0,0.0,835694,,8562.0,0.917,8.75,3559.0,39.5384615384615,,,,,,,,,2,0.0,,0.0,0.0
08/04/2021,0.0,0.0,0.0,0.0,0.0,338731,,8631.0,1.0,9.727,3584.0,37.6666666666667,,,,,,,,,4,0.0,,0.0,0.0
09/04/2021,0.0,0.0,0.0,0.0,0.0,610176,,8702.0,0.583,11.083,3596.0,30.6153846153846,,,,,,,,,6,0.0,,0.0,0.0
10/04/2021,0.0,0.0,0.0,0.0,0.0,1272821,,8811.0,1.083,14.417,3608.0,25.9230769230769,,,,,,,,,2,0.0,,0.0,0.0
11/04/2021,0.0,0.0,0.0,0.0,0.0,6995583,,9199.0,3.0,29.636,3681.0,52.25,,,,,,,,,8,1.0,False,0.01,0.08
12/04/2021,0.0,0.0,0.0,0.0,0.0,17561875,,,4.917,39.083,3780.0,87.7692307692308,,,,,,,,,4,1.0,,0.01,0.04
13/04/2021,0.0,0.0,0.0,0.0,0.0,13314013,,10243.0,5.583,52.0,3888.0,104.923076923077,,,,,,,,,4,1.0,,0.01,0.04
14/04/2021,0.0,0.0,0.0,0.0,0.0,6349137,,10646.0,3.364,35.273,3957.0,81.75,,,,,,,,,11,1.0,,0.01,0.11
15/04/2021,0.0,0.0,0.0,0.0,0.0,14718200,,11071.0,2.8,34.5,4038.0,83.4545454545455,,,,,,,,,6,1.0,,0.01,0.06
16/04/2021,0.0,1e-06,0.0,1e-06,1e-06,161689870,,13348.0,9.3,114.3,4633.0,259.636363636364,,,,,,,,,36,1.0,,0.01,0.36
17/04/2021,1e-06,3e-06,1e-06,2e-06,2e-06,460833712,,20065.0,12.545,173.364,6120.0,579.333333333333,,,,,,,,,100,1.0,,0.01,1.0
18/04/2021,2e-06,2e-06,1e-06,2e-06,2e-06,142743623,,24706.0,11.182,186.727,7029.0,616.083333333333,,,,,,,,,41,3.0,False,0.03,1.23
19/04/2021,2e-06,4e-06,2e-06,4e-06,4e-06,424418998,,,10.417,196.917,8434.0,590.615384615385,,,,,,,,,89,3.0,,0.03,2.67
20/04/2021,4e-06,4e-06,2e-06,2e-06,2e-06,526088540,,,11.667,234.917,10020.0,740.461538461538,,,,,,,,,85,3.0,,0.03,2.55
21/04/2021,2e-06,3e-06,1e-06,1e-06,1e-06,290865031,,37513.0,11.0,286.917,10980.0,774.076923076923,,,,,,,,,74,3.0,,0.03,2.22
22/04/2021,1e-06,2e-06,1e-06,2e-06,2e-06,194322190,,39521.0,10.583,251.417,11732.0,708.692307692308,,,,,,,,,44,3.0,,0.03,1.3199999999999998
23/04/2021,2e-06,2e-06,1e-06,1e-06,1e-06,151001682,,41034.0,11.083,230.0,12156.0,688.076923076923,,,,,,,,,31,3.0,,0.03,0.93
24/04/2021,1e-06,2e-06,1e-06,1e-06,1e-06,83694373,,42471.0,10.083,151.667,12665.0,564.384615384615,,,,,,,,,40,3.0,,0.03,1.2
25/04/2021,1e-06,1e-06,1e-06,1e-06,1e-06,90558038,,43694.0,9.455,125.0,12983.0,420.666666666667,,,,,,,,,16,1.0,False,0.01,0.16
26/04/2021,1e-06,1e-06,1e-06,1e-06,1e-06,102581471,,,8.727,131.364,13225.0,366.5,,,,,,,,,25,1.0,,0.01,0.25
27/04/2021,1e-06,1e-06,1e-06,1e-06,1e-06,102515602,,,9.182,130.182,13540.0,395.5,,,,,,,,,24,1.0,,0.01,0.24
28/04/2021,1e-06,2e-06,1e-06,1e-06,1e-06,139690065,,,10.667,142.5,13830.0,454.076923076923,,,,,,,,,22,1.0,,0.01,0.22
29/04/2021,1e-06,2e-06,1e-06,1e-06,1e-06,96378675,,49595.0,10.333,153.667,14205.0,451.846153846154,,,,,,,,,24,1.0,,0.01,0.24
30/04/2021,1e-06,2e-06,1e-06,2e-06,2e-06,133732362,,51617.0,10.636,157.455,14667.0,542.333333333333,,,,,,,,,28,1.0,,0.01,0.28
01/05/2021,2e-06,2e-06,2e-06,2e-06,2e-06,92395224,,53942.0,10.909,154.545,15019.0,559.666666666667,,,,,,,,,3,1.0,,0.01,0.03
02/05/2021,2e-06,2e-06,2e-06,2e-06,2e-06,59652130,,54914.0,7.727,116.273,15286.0,384.416666666667,,,,,,,,,1,6.0,False,0.06,0.06
03/05/2021,2e-06,2e-06,2e-06,2e-06,2e-06,40570107,,,7.727,134.545,15516.0,332.5,,,,,,,,,1,6.0,,0.06,0.06
04/05/2021,2e-06,2e-06,2e-06,2e-06,2e-06,64001867,,56363.0,7.6,114.0,15908.0,367.909090909091,,,,,,,,,2,6.0,,0.06,0.12
05/05/2021,2e-06,2e-06,2e-06,2e-06,2e-06,47093779,,58264.0,9.9,137.4,16476.0,429.818181818182,,,,,,,,,2,6.0,,0.06,0.12
06/05/2021,2e-06,2e-06,1e-06,2e-06,2e-06,27406652,,59432.0,8.917,161.417,16883.0,423.615384615385,,,,,,,,,2,6.0,,0.06,0.12
07/05/2021,2e-06,3e-06,1e-06,3e-06,3e-06,367358434,,62702.0,9.909,157.455,17627.0,484.333333333333,,,,,,,,,5,6.0,,0.06,0.3
08/05/2021,3e-06,1.9e-05,3e-06,1.6e-05,1.6e-05,6118033567,,83995.0,11.0,294.364,22888.0,2009.91666666667,,,,,,,,,40,6.0,,0.06,2.4
09/05/2021,1.6e-05,2e-05,1.2e-05,1.6e-05,1.6e-05,6171534719,,120726.0,9.917,670.5,32440.0,3186.0,,,,,,,,,55,59.0,False,0.59,32.45
10/05/2021,1.6e-05,3.9e-05,1.4e-05,3.5e-05,3.5e-05,19546576207,,,9.091,1120.091,49353.0,5503.58333333333,,,,,,,,,88,59.0,,0.59,51.92
11/05/2021,3.5e-05,3.8e-05,2.8e-05,3.1e-05,3.1e-05,9743912953,,,9.182,1786.182,69683.0,7541.66666666667,,,,,,,,,100,59.0,,0.59,59.0
12/05/2021,3e-05,3.1e-05,1.8e-05,1.8e-05,1.8e-05,7320441816,,266599.0,9.417,1589.583,82089.0,7645.15384615385,,,,,,,,,88,59.0,,0.59,51.92
13/05/2021,1.8e-05,2.4e-05,1.5e-05,2.1e-05,2.1e-05,6879491005,,310918.0,9.25,1306.0,89424.0,6712.0,,,,,,,,,69,59.0,,0.59,40.71
14/05/2021,2.1e-05,2.2e-05,1.8e-05,1.9e-05,1.9e-05,2909604830,,333968.0,8.917,1347.833,96931.0,5735.76923076923,,,,,,,,,63,59.0,,0.59,37.17
15/05/2021,1.8e-05,1.9e-05,1.5e-05,1.6e-05,1.6e-05,2607873205,,353467.0,9.0,1678.545,102543.0,4567.58333333333,,,,,,,,,59,59.0,,0.59,34.809999999999995
16/05/2021,1.6e-05,2e-05,1.3e-05,1.8e-05,1.8e-05,3225440403,,370625.0,9.182,2611.273,107512.0,4500.83333333333,,,,,,,,,47,26.0,False,0.26,12.22
17/05/2021,1.8e-05,1.8e-05,1.4e-05,1.6e-05,1.6e-05,3466116394,,,9.5,2368.333,114915.0,5815.38461538462,,,,,,,,,51,26.0,,0.26,13.26
18/05/2021,1.7e-05,1.8e-05,1.5e-05,1.6e-05,1.6e-05,1743302789,,,9.091,1401.455,121310.0,5915.33333333333,,,,,,,,,36,26.0,,0.26,9.36
19/05/2021,1.6e-05,1.6e-05,6e-06,9e-06,9e-06,3271067996,,417533.0,9.0,1375.455,124633.0,4655.91666666667,,,,,,,,,35,26.0,,0.26,9.1
20/05/2021,9e-06,1.2e-05,8e-06,1e-05,1e-05,2507945867,,432907.0,8.909,1922.545,127527.0,4051.41666666667,,,,,,,,,32,26.0,,0.26,8.32
21/05/2021,1e-05,1e-05,7e-06,8e-06,8e-06,1547207565,,457641.0,9.182,1718.818,130079.0,3769.66666666667,,,,,,,,,26,26.0,,0.26,6.76
22/05/2021,8e-06,1e-05,7e-06,8e-06,8e-06,1229821215,,470851.0,8.917,1195.083,132295.0,3936.53846153846,,,,,,,,,22,26.0,,0.26,5.720000000000001
23/05/2021,8e-06,1e-05,7e-06,8e-06,8e-06,1585032040,,483896.0,9.091,1034.0,134906.0,3580.5,,,,,,,,,25,15.0,False,0.15,3.75
24/05/2021,8e-06,1.2e-05,8e-06,1.1e-05,1.1e-05,2179651359,,,9.182,862.636,137402.0,3408.33333333333,,,,,,,,,23,15.0,,0.15,3.45
25/05/2021,1.1e-05,1.1e-05,9e-06,9e-06,9e-06,1415340765,,,8.5,863.083,140361.0,3487.61538461538,,,,,,,,,26,15.0,,0.15,3.9
26/05/2021,9e-06,1e-05,9e-06,1e-05,1e-05,994520516,,,8.667,1249.833,142476.0,3720.61538461538,,,,,,,,,21,15.0,,0.15,3.15
27/05/2021,1e-05,1e-05,9e-06,9e-06,9e-06,679602960,,527878.0,8.455,1138.909,144120.0,3349.25,,,,,,,,,15,15.0,,0.15,2.25
28/05/2021,9e-06,9e-06,8e-06,8e-06,8e-06,690703669,,532274.0,8.273,1099.0,147118.0,3216.0,,,,,,,,,16,15.0,,0.15,2.4
29/05/2021,8e-06,8e-06,7e-06,8e-06,8e-06,502184994,,536214.0,8.636,1347.273,148161.0,2885.66666666667,,,,,,,,,17,15.0,,0.15,2.55
30/05/2021,8e-06,8e-06,8e-06,8e-06,8e-06,440967883,,540619.0,8.909,1050.727,149576.0,2156.41666666667,,,,,,,,,19,14.0,False,0.14,2.66
31/05/2021,8e-06,1e-05,8e-06,9e-06,9e-06,910298126,,,9.417,683.25,151252.0,2547.61538461538,,,,,,,,,14,14.0,,0.14,1.96
01/06/2021,9e-06,9e-06,8e-06,9e-06,9e-06,795576484,,,9.273,791.636,153069.0,2647.5,,,,,,,,,70,14.0,,0.14,9.8
02/06/2021,9e-06,1e-05,9e-06,9e-06,9e-06,1190841704,,558135.0,9.091,697.545,154853.0,2588.5,,,,,,,,,96,14.0,,0.14,13.44
03/06/2021,9e-06,1e-05,9e-06,1e-05,1e-05,841784028,,565528.0,9.083,759.25,157765.0,2723.61538461538,,,,,,,,,73,14.0,,0.14,10.22
04/06/2021,1e-05,1e-05,8e-06,9e-06,9e-06,819027578,,571183.0,8.727,862.364,159689.0,2512.25,,,,,,,,,62,14.0,,0.14,8.680000000000001
05/06/2021,9e-06,9e-06,8e-06,8e-06,8e-06,507707187,,576196.0,8.545,774.0,161256.0,2316.75,,,,,,,,,58,14.0,,0.14,8.120000000000001
06/06/2021,8e-06,9e-06,8e-06,9e-06,9e-06,359457882,,580997.0,8.818,747.636,162911.0,2442.08333333333,,,,,,,,,64,10.0,False,0.1,6.4
07/06/2021,9e-06,9e-06,8e-06,8e-06,8e-06,469707680,,,8.333,876.667,164291.0,2362.07692307692,,,,,,,,,64,10.0,,0.1,6.4
08/06/2021,8e-06,8e-06,6e-06,7e-06,7e-06,794735555,,,8.455,808.182,165376.0,2243.41666666667,,,,,,,,,46,10.0,,0.1,4.6000000000000005
09/06/2021,7e-06,8e-06,7e-06,7e-06,7e-06,546752922,,589162.0,8.364,686.636,166390.0,2320.58333333333,,,,,,,,,49,10.0,,0.1,4.9
10/06/2021,7e-06,7e-06,7e-06,7e-06,7e-06,420178357,,594434.0,8.583,729.333,167513.0,2280.07692307692,,,,,,,,,50,10.0,,0.1,5.0
11/06/2021,7e-06,7e-06,6e-06,6e-06,6e-06,402206125,,,9.4,813.7,168529.0,2148.54545454545,,,,,,,,,38,10.0,,0.1,3.8
12/06/2021,6e-06,7e-06,6e-06,6e-06,6e-06,602206703,,,9.5,956.2,169479.0,2270.09090909091,,,,,,,,,51,10.0,,0.1,5.1000000000000005
13/06/2021,6e-06,7e-06,6e-06,7e-06,7e-06,479855598,,602391.0,10.083,935.75,170426.0,2285.0,,,,,,,,,47,12.0,False,0.12,5.64
14/06/2021,7e-06,7e-06,7e-06,7e-06,7e-06,484227038,,,10.417,688.417,171530.0,2186.53846153846,,,,,,,,,51,12.0,,0.12,6.12
15/06/2021,7e-06,1e-05,7e-06,7e-06,7e-06,464565251,,,10.727,715.818,173399.0,2822.33333333333,,,,,,,,,70,12.0,,0.12,8.4
16/06/2021,9e-06,9e-06,8e-06,8e-06,8e-06,1147441100,,622928.0,10.0,789.364,175755.0,3276.5,,,,,,,,,100,12.0,,0.12,12.0
17/06/2021,8e-06,8e-06,8e-06,8e-06,8e-06,645884625,,636141.0,9.583,727.5,177311.0,2975.46153846154,,,,,,,,,68,12.0,,0.12,8.16
18/06/2021,8e-06,8e-06,7e-06,7e-06,7e-06,560685269,,641163.0,8.833,716.917,178531.0,2563.07692307692,,,,,,,,,52,12.0,,0.12,6.24
19/06/2021,7e-06,8e-06,7e-06,8e-06,8e-06,800211655,,646262.0,9.667,731.917,179760.0,2619.53846153846,,,,,,,,,51,12.0,,0.12,6.12
20/06/2021,8e-06,8e-06,7e-06,8e-06,8e-06,644943959,,650693.0,9.545,675.273,181094.0,2436.16666666667,,,,,,,,,49,10.0,False,0.1,4.9
21/06/2021,8e-06,8e-06,6e-06,6e-06,6e-06,719083156,,,8.727,554.818,182090.0,2308.5,,,,,,,,,54,10.0,,0.1,5.4
22/06/2021,6e-06,7e-06,6e-06,6e-06,6e-06,798815195,,,9.0,555.5,182849.0,2297.46153846154,,,,,,,,,43,10.0,,0.1,4.3
23/06/2021,6e-06,7e-06,6e-06,7e-06,7e-06,538227669,,,8.833,493.25,183620.0,1694.15384615385,,,,,,,,,38,10.0,,0.1,3.8
24/06/2021,7e-06,7e-06,7e-06,7e-06,7e-06,374340895,,663266.0,9.818,494.545,184327.0,1486.08333333333,,,,,,,,,43,10.0,,0.1,4.3
25/06/2021,7e-06,8e-06,7e-06,7e-06,7e-06,809551822,,668287.0,10.0,629.545,185306.0,2113.5,,,,,,,,,70,10.0,,0.1,7.0
26/06/2021,7e-06,8e-06,7e-06,7e-06,7e-06,506208122,,673047.0,9.917,601.083,186198.0,2215.46153846154,,,,,,,,,47,10.0,,0.1,4.7
27/06/2021,7e-06,8e-06,7e-06,8e-06,8e-06,368723897,,679322.0,11.1,675.4,187169.0,2205.72727272727,,,,,,,,,48,9.0,False,0.09,4.32
28/06/2021,8e-06,8e-06,8e-06,8e-06,8e-06,511642751,,,10.9,652.6,188355.0,2175.45454545455,,,,,,,,,68,9.0,,0.09,6.12
29/06/2021,8e-06,1e-05,8e-06,9e-06,9e-06,1049937292,,,9.833,555.25,189939.0,2584.46153846154,,,,,,,,,72,9.0,,0.09,6.48
30/06/2021,9e-06,9e-06,8e-06,9e-06,9e-06,774601888,,693534.0,9.818,638.182,190890.0,2742.33333333333,,,,,,,,,56,9.0,,0.09,5.04
01/07/2021,9e-06,9e-06,8e-06,8e-06,8e-06,472303878,,700029.0,9.273,664.727,191723.0,2255.75,,,,,,,,,82,9.0,,0.09,7.38
02/07/2021,8e-06,8e-06,8e-06,8e-06,8e-06,350380456,,702713.0,8.75,561.167,192178.0,2051.15384615385,,,,,,,,,96,9.0,,0.09,8.64
03/07/2021,8e-06,9e-06,8e-06,9e-06,9e-06,387155665,,705375.0,8.417,553.75,192867.0,1935.30769230769,,,,,,,,,84,9.0,,0.09,7.56
04/07/2021,9e-06,9e-06,8e-06,9e-06,9e-06,382389431,,708633.0,8.727,468.364,193729.0,2000.83333333333,,,,,,,,,98,7.0,False,0.07,6.86
05/07/2021,9e-06,9e-06,8e-06,8e-06,8e-06,414501521,,,9.5,469.417,194441.0,2229.0,,,,,,,,,94,7.0,,0.07,6.580000000000001
06/07/2021,8e-06,9e-06,8e-06,9e-06,9e-06,695333646,,,9.833,595.667,195394.0,3055.84615384615,,,,,,,,,100,7.0,,0.07,7.000000000000001
07/07/2021,9e-06,9e-06,9e-06,9e-06,9e-06,400230047,,,9.455,777.182,196185.0,3377.83333333333,,,,,,,,,78,7.0,,0.07,5.460000000000001
08/07/2021,9e-06,9e-06,8e-06,8e-06,8e-06,461821077,,725248.0,9.167,765.083,196723.0,2936.76923076923,,,,,,,,,87,7.0,,0.07,6.090000000000001
09/07/2021,8e-06,8e-06,8e-06,8e-06,8e-06,329969149,,727829.0,8.417,686.917,197013.0,2327.30769230769,,,,,,,,,78,7.0,,0.07,5.460000000000001
10/07/2021,8e-06,8e-06,8e-06,8e-06,8e-06,307713037,,730030.0,8.273,583.727,197420.0,1895.75,,,,,,,,,83,7.0,,0.07,5.8100000000000005
11/07/2021,8e-06,8e-06,8e-06,8e-06,8e-06,298920323,,732269.0,8.273,501.818,197876.0,1788.66666666667,,,,,,,,,68,5.0,False,0.05,3.4000000000000004
12/07/2021,8e-06,8e-06,7e-06,8e-06,8e-06,368432617,,,8.545,455.455,198292.0,1701.75,,,,,,,,,58,5.0,,0.05,2.9000000000000004
13/07/2021,8e-06,8e-06,7e-06,7e-06,7e-06,314206348,,736131.0,8.167,477.917,198602.0,1677.23076923077,,,,,,,,,46,5.0,,0.05,2.3000000000000003
14/07/2021,7e-06,8e-06,7e-06,7e-06,7e-06,395606690,,738425.0,8.909,466.727,198900.0,1647.25,,,,,,,,,66,5.0,,0.05,3.3000000000000003
15/07/2021,7e-06,7e-06,7e-06,7e-06,7e-06,324530088,,740166.0,8.273,403.364,199264.0,1593.08333333333,,,,,,,,,49,5.0,,0.05,2.45
16/07/2021,7e-06,7e-06,7e-06,7e-06,7e-06,271727428,,741601.0,8.333,441.167,199580.0,1508.92307692308,,,,,,,,,45,5.0,,0.05,2.25
17/07/2021,7e-06,7e-06,7e-06,7e-06,7e-06,268313051,,742962.0,9.083,491.417,199866.0,1756.07692307692,,,,,,,,,54,5.0,,0.05,2.7
18/07/2021,7e-06,7e-06,7e-06,7e-06,7e-06,248486447,,744477.0,9.545,549.727,200431.0,1992.16666666667,,,,,,,,,70,4.0,False,0.04,2.8000000000000003
19/07/2021,7e-06,7e-06,6e-06,6e-06,6e-06,300950718,,,8.5,551.25,201021.0,1705.15384615385,,,,,,,,,60,4.0,,0.04,2.4
20/07/2021,6e-06,6e-06,6e-06,6e-06,6e-06,319956020,,746708.0,7.545,420.091,201394.0,1330.83333333333,,,,,,,,,61,4.0,,0.04,2.44
21/07/2021,6e-06,7e-06,6e-06,7e-06,7e-06,426562130,,748888.0,7.727,408.0,201908.0,1308.33333333333,,,,,,,,,65,4.0,,0.04,2.6
22/07/2021,7e-06,7e-06,6e-06,6e-06,6e-06,280680850,,750632.0,7.167,396.75,202355.0,1374.76923076923,,,,,,,,,43,4.0,,0.04,1.72
23/07/2021,6e-06,7e-06,6e-06,6e-06,6e-06,287940255,,752172.0,6.417,328.5,202562.0,1320.38461538462,,,,,,,,,36,4.0,,0.04,1.44
24/07/2021,6e-06,7e-06,6e-06,6e-06,6e-06,306621338,,753378.0,8.364,377.091,202782.0,1122.83333333333,,,,,,,,,47,4.0,,0.04,1.88
25/07/2021,6e-06,7e-06,6e-06,6e-06,6e-06,254137124,,754655.0,8.636,346.182,203026.0,1197.08333333333,,,,,,,,,36,4.0,False,0.04,1.44
26/07/2021,6e-06,7e-06,6e-06,6e-06,6e-06,498257871,,,9.0,342.167,203267.0,1346.15384615385,,,,,,,,,61,4.0,,0.04,2.44
27/07/2021,6e-06,6e-06,6e-06,6e-06,6e-06,255458467,,,7.7,257.7,203442.0,1278.81818181818,,,,,,,,,40,4.0,,0.04,1.6
28/07/2021,6e-06,6e-06,6e-06,6e-06,6e-06,226907730,,757809.0,7.0,269.636,203675.0,1128.66666666667,,,,,,,,,52,4.0,,0.04,2.08
29/07/2021,6e-06,7e-06,6e-06,6e-06,6e-06,242987987,,760798.0,8.615,328.077,203864.0,1199.71428571429,,,,,,,,,49,4.0,,0.04,1.96
30/07/2021,6e-06,6e-06,6e-06,6e-06,6e-06,230614586,,762054.0,7.636,318.273,204084.0,1159.66666666667,,,,,,,,,61,4.0,,0.04,2.44
31/07/2021,6e-06,6e-06,6e-06,6e-06,6e-06,198884325,,763270.0,7.417,368.75,204294.0,1177.84615384615,,,,,,,,,50,4.0,,0.04,2.0
01/08/2021,6e-06,7e-06,6e-06,6e-06,6e-06,311601900,,764603.0,8.364,391.909,204533.0,1381.41666666667,,,,,,,,,50,5.0,False,0.05,2.5
02/08/2021,6e-06,6e-06,6e-06,6e-06,6e-06,233023667,,,7.727,328.727,204659.0,1286.41666666667,,,,,,,,,38,5.0,,0.05,1.9
03/08/2021,6e-06,6e-06,6e-06,6e-06,6e-06,199311312,,766396.0,6.818,316.727,204812.0,1096.75,,,,,,,,,27,5.0,,0.05,1.35
04/08/2021,6e-06,6e-06,6e-06,6e-06,6e-06,204792386,,768494.0,7.083,305.417,205109.0,1168.0,,,,,,,,,50,5.0,,0.05,2.5
05/08/2021,6e-06,6e-06,6e-06,6e-06,6e-06,223975108,,769557.0,7.091,314.0,205266.0,1101.25,,,,,,,,,39,5.0,,0.05,1.95
06/08/2021,6e-06,6e-06,6e-06,6e-06,6e-06,248522840,,771085.0,7.545,293.091,205424.0,977.75,,,,,,,,,32,5.0,,0.05,1.6
07/08/2021,6e-06,8e-06,6e-06,8e-06,8e-06,734135430,,773598.0,8.0,269.583,205708.0,1120.84615384615,,,,,,,,,58,5.0,,0.05,2.9000000000000004
08/08/2021,8e-06,9e-06,7e-06,7e-06,7e-06,923406924,,777444.0,9.75,294.667,206239.0,1500.07692307692,,,,,,,,,90,7.0,False,0.07,6.300000000000001
09/08/2021,7e-06,8e-06,7e-06,8e-06,8e-06,513264306,,,9.0,410.667,206556.0,1542.07692307692,,,,,,,,,70,7.0,,0.07,4.9
10/08/2021,8e-06,8e-06,7e-06,8e-06,8e-06,358181887,,781545.0,7.167,393.083,206795.0,1295.30769230769,,,,,,,,,67,7.0,,0.07,4.69
11/08/2021,8e-06,8e-06,8e-06,8e-06,8e-06,567005556,,,7.583,313.583,207131.0,1223.61538461538,,,,,,,,,75,7.0,,0.07,5.250000000000001
12/08/2021,8e-06,8e-06,7e-06,8e-06,8e-06,447258857,,786166.0,9.2,338.7,207358.0,1134.63636363636,,,,,,,,,63,7.0,,0.07,4.41
13/08/2021,8e-06,8e-06,8e-06,8e-06,8e-06,405525616,,788089.0,8.7,331.3,207619.0,1022.81818181818,,,,,,,,,62,7.0,,0.07,4.340000000000001
14/08/2021,8e-06,9e-06,8e-06,8e-06,8e-06,633410230,,790413.0,8.333,296.083,207862.0,1093.30769230769,,,,,,,,,74,7.0,,0.07,5.180000000000001
15/08/2021,8e-06,9e-06,8e-06,9e-06,9e-06,511338751,,792786.0,7.5,313.667,208113.0,1140.15384615385,,,,,,,,,63,7.0,False,0.07,4.41
16/08/2021,9e-06,9e-06,8e-06,9e-06,9e-06,1002600515,,,7.909,395.455,208685.0,1291.16666666667,,,,,,,,,100,7.0,,0.07,7.000000000000001
17/08/2021,9e-06,9e-06,8e-06,8e-06,8e-06,655276452,,,8.273,380.636,209105.0,1333.75,,,,,,,,,81,7.0,,0.07,5.670000000000001
18/08/2021,8e-06,8e-06,8e-06,8e-06,8e-06,490220596,,798902.0,8.273,419.909,209373.0,1066.58333333333,,,,,,,,,78,7.0,,0.07,5.460000000000001
19/08/2021,8e-06,8e-06,8e-06,8e-06,8e-06,358840820,,,7.083,325.083,209702.0,940.076923076923,,,,,,,,,52,7.0,,0.07,3.640000000000001
20/08/2021,8e-06,9e-06,8e-06,8e-06,8e-06,360709045,,804519.0,7.0,288.75,210001.0,947.538461538462,,,,,,,,,73,7.0,,0.07,5.11
21/08/2021,8e-06,9e-06,8e-06,8e-06,8e-06,314483766,,806776.0,7.583,465.25,210310.0,798.692307692308,,,,,,,,,66,7.0,,0.07,4.62
22/08/2021,8e-06,8e-06,8e-06,8e-06,8e-06,292686165,,810807.0,6.909,445.364,210636.0,644.083333333333,,,,,,,,,59,5.0,False,0.05,2.95
23/08/2021,8e-06,8e-06,8e-06,8e-06,8e-06,327215667,,,6.5,453.0,210923.0,680.769230769231,,,,,,,,,66,5.0,,0.05,3.3000000000000003
24/08/2021,8e-06,8e-06,7e-06,7e-06,7e-06,393979166,,827842.0,7.0,401.083,211132.0,514.384615384615,,,,,,,,,63,5.0,,0.05,3.1500000000000004
25/08/2021,8e-06,8e-06,7e-06,8e-06,8e-06,338503381,,833506.0,6.333,362.0,211316.0,425.692307692308,,,,,,,,,47,5.0,,0.05,2.35
26/08/2021,8e-06,8e-06,7e-06,7e-06,7e-06,323676890,,835309.0,6.818,400.636,211546.0,600.916666666667,,,,,,,,,47,5.0,,0.05,2.35
27/08/2021,7e-06,8e-06,7e-06,7e-06,7e-06,320305426,,836975.0,7.818,399.182,211746.0,587.416666666667,,,,,,,,,35,5.0,,0.05,1.75
28/08/2021,7e-06,7e-06,7e-06,7e-06,7e-06,223873537,,838987.0,6.917,284.917,211938.0,585.0,,,,,,,,,53,5.0,,0.05,2.6500000000000004
29/08/2021,7e-06,7e-06,7e-06,7e-06,7e-06,236155012,,841023.0,6.0,293.75,212135.0,572.692307692308,,,,,,,,,61,4.0,False,0.04,2.44
30/08/2021,7e-06,7e-06,7e-06,7e-06,7e-06,253774182,,,6.545,252.636,212309.0,580.5,,,,,,,,,45,4.0,,0.04,1.8
31/08/2021,7e-06,7e-06,7e-06,7e-06,7e-06,290290305,,,6.0,239.091,212497.0,613.333333333333,,,,,,,,,50,4.0,,0.04,2.0
01/09/2021,7e-06,7e-06,7e-06,7e-06,7e-06,261160667,,845221.0,6.25,330.583,212574.0,589.230769230769,,,,,,,,,25,4.0,,0.04,1.0
02/09/2021,7e-06,7e-06,7e-06,7e-06,7e-06,283366175,,847538.0,6.583,375.083,212771.0,544.076923076923,,,,,,,,,28,4.0,,0.04,1.12
03/09/2021,7e-06,7e-06,7e-06,7e-06,7e-06,260789327,,848898.0,7.583,451.75,212977.0,559.153846153846,,,,,,,,,27,4.0,,0.04,1.08
04/09/2021,7e-06,8e-06,7e-06,7e-06,7e-06,378296266,,850593.0,8.25,425.333,213195.0,594.384615384615,,,,,,,,,28,4.0,,0.04,1.12
05/09/2021,7e-06,8e-06,7e-06,8e-06,8e-06,300455633,,852382.0,7.455,377.818,213566.0,620.083333333333,,,,,,,,,26,6.0,False,0.06,1.56
06/09/2021,8e-06,8e-06,7e-06,7e-06,7e-06,334086564,,,7.727,323.273,213962.0,656.833333333333,,,,,,,,,28,6.0,,0.06,1.68
07/09/2021,7e-06,7e-06,5e-06,6e-06,6e-06,626371078,,,8.0,378.75,214205.0,741.230769230769,,,,,,,,,43,6.0,,0.06,2.58
08/09/2021,6e-06,8e-06,5e-06,7e-06,7e-06,986403280,,855428.0,8.5,434.667,214623.0,753.307692307692,,,,,,,,,42,6.0,,0.06,2.52
09/09/2021,7e-06,8e-06,7e-06,7e-06,7e-06,784078100,,,9.091,385.364,215254.0,853.75,,,,,,,,,48,6.0,,0.06,2.88
10/09/2021,7e-06,8e-06,7e-06,7e-06,7e-06,423733163,,862257.0,9.417,403.75,215753.0,939.615384615385,,,,,,,,,46,6.0,,0.06,2.76
11/09/2021,7e-06,7e-06,7e-06,7e-06,7e-06,229243568,,863841.0,8.583,454.583,216074.0,811.230769230769,,,,,,,,,32,6.0,,0.06,1.92
12/09/2021,7e-06,7e-06,7e-06,7e-06,7e-06,243064232,,865514.0,7.0,452.636,216350.0,660.666666666667,,,,,,,,,27,8.0,False,0.08,2.16
13/09/2021,7e-06,7e-06,6e-06,7e-06,7e-06,312789256,,,7.727,372.273,216637.0,644.25,,,,,,,,,29,8.0,,0.08,2.32
14/09/2021,7e-06,7e-06,6e-06,7e-06,7e-06,184111151,,868040.0,7.091,339.273,216811.0,632.416666666667,,,,,,,,,24,8.0,,0.08,1.92
15/09/2021,7e-06,7e-06,7e-06,7e-06,7e-06,203289266,,869979.0,6.917,342.667,217103.0,632.538461538462,,,,,,,,,25,8.0,,0.08,2.0
16/09/2021,7e-06,9e-06,7e-06,9e-06,9e-06,1624140154,,873707.0,8.333,354.583,218155.0,964.615384615385,,,,,,,,,62,8.0,,0.08,4.96
17/09/2021,9e-06,9e-06,8e-06,8e-06,8e-06,1663423890,,887800.0,9.545,576.727,220674.0,1430.83333333333,,,,,,,,,100,8.0,,0.08,8.0
18/09/2021,8e-06,9e-06,8e-06,8e-06,8e-06,495513218,,893152.0,8.636,636.364,221598.0,1257.91666666667,,,,,,,,,62,8.0,,0.08,4.96
19/09/2021,8e-06,8e-06,7e-06,8e-06,8e-06,572892039,,898036.0,8.25,551.75,222294.0,949.384615384615,,,,,,,,,49,7.0,False,0.07,3.43
20/09/2021,8e-06,8e-06,7e-06,7e-06,7e-06,586521394,,,7.333,395.0,222952.0,831.230769230769,,,,,,,,,37,7.0,,0.07,2.5900000000000003
21/09/2021,7e-06,7e-06,7e-06,7e-06,7e-06,382463972,,,7.0,333.917,223455.0,734.153846153846,,,,,,,,,36,7.0,,0.07,2.5200000000000005
22/09/2021,7e-06,7e-06,7e-06,7e-06,7e-06,280642205,,908097.0,7.083,332.583,223913.0,626.461538461538,,,,,,,,,35,7.0,,0.07,2.45
23/09/2021,7e-06,8e-06,7e-06,8e-06,8e-06,370820478,,913239.0,7.091,320.182,224514.0,695.25,,,,,,,,,32,7.0,,0.07,2.24
24/09/2021,8e-06,8e-06,7e-06,7e-06,7e-06,456964069,,916791.0,8.182,442.0,224974.0,771.5,,,,,,,,,41,7.0,,0.07,2.87
25/09/2021,7e-06,8e-06,7e-06,7e-06,7e-06,227277343,,,8.364,497.727,225457.0,719.5,,,,,,,,,34,7.0,,0.07,2.3800000000000003
26/09/2021,7e-06,7e-06,7e-06,7e-06,7e-06,257921523,,920342.0,7.636,464.818,225821.0,671.083333333333,,,,,,,,,24,4.0,False,0.04,0.96
27/09/2021,7e-06,7e-06,7e-06,7e-06,7e-06,207040951,,922684.0,7.182,402.909,226181.0,649.75,,,,,,,,,28,4.0,,0.04,1.12
28/09/2021,7e-06,7e-06,7e-06,7e-06,7e-06,229379215,,,5.364,354.818,226545.0,604.333333333333,,,,,,,,,21,4.0,,0.04,0.84
29/09/2021,7e-06,7e-06,7e-06,7e-06,7e-06,193035725,,928586.0,5.667,286.75,226884.0,561.923076923077,,,,,,,,,32,4.0,,0.04,1.28
30/09/2021,7e-06,7e-06,7e-06,7e-06,7e-06,308553065,,930716.0,6.25,320.167,227242.0,579.923076923077,,,,,,,,,22,4.0,,0.04,0.88
01/10/2021,7e-06,8e-06,7e-06,8e-06,8e-06,316837935,,932499.0,6.364,273.545,227662.0,601.0,,,,,,,,,3,4.0,,0.04,0.12
02/10/2021,8e-06,8e-06,7e-06,8e-06,8e-06,320232218,,934755.0,5.727,280.636,228120.0,644.833333333333,,,,,,,,,3,4.0,,0.04,0.12
03/10/2021,8e-06,9e-06,8e-06,9e-06,9e-06,627602337,,937933.0,7.636,384.545,228862.0,782.833333333333,,,,,,,,,4,48.0,False,0.48,1.92
04/10/2021,9e-06,1.5e-05,8e-06,1.3e-05,1.3e-05,5113996411,,,9.0,448.636,232254.0,1608.66666666667,,,,,,,,,14,48.0,,0.48,6.72
05/10/2021,1.3e-05,2e-05,1.2e-05,1.7e-05,1.7e-05,9382762020,,963285.0,9.75,803.75,237496.0,2763.84615384615,,,,,,,,,27,48.0,,0.48,12.96
06/10/2021,1.7e-05,2.9e-05,1.7e-05,2.8e-05,2.8e-05,15233960302,,1002721.0,9.455,1153.182,244786.0,4086.75,,,,,,,,,37,48.0,,0.48,17.759999999999998
07/10/2021,2.8e-05,3.5e-05,2.1e-05,2.3e-05,2.3e-05,18731843000,,1056090.0,9.25,2053.417,254920.0,5874.0,,,,,,,,,49,48.0,,0.48,23.52
08/10/2021,2.3e-05,2.9e-05,2.1e-05,2.7e-05,2.7e-05,12326548369,,1085872.0,9.0,2859.583,259846.0,5978.61538461538,,,,,,,,,25,48.0,,0.48,12.0
09/10/2021,2.7e-05,3e-05,2.4e-05,2.7e-05,2.7e-05,6401062357,,1103850.0,9.182,1920.545,263768.0,3527.66666666667,,,,,,,,,19,48.0,,0.48,9.12
10/10/2021,2.7e-05,2.8e-05,2.5e-05,2.6e-05,2.6e-05,3597266431,,1119178.0,10.0,1184.091,266847.0,2979.08333333333,,,,,,,,,15,25.0,False,0.25,3.75
11/10/2021,2.6e-05,3.2e-05,2.6e-05,3.1e-05,3.1e-05,7321688785,,,11.182,993.909,271083.0,3258.33333333333,,,,,,,,,20,25.0,,0.25,5.0
12/10/2021,3.1e-05,3.2e-05,2.7e-05,2.9e-05,2.9e-05,4868743619,,1144090.0,10.417,1096.167,274250.0,3412.07692307692,,,,,,,,,16,25.0,,0.25,4.0
13/10/2021,2.9e-05,3.1e-05,2.8e-05,2.9e-05,2.9e-05,3082220289,,1163241.0,9.583,1198.833,276955.0,2961.38461538462,,,,,,,,,13,25.0,,0.25,3.25
14/10/2021,2.9e-05,3e-05,2.7e-05,2.7e-05,2.7e-05,2727081948,,,10.455,1200.0,279581.0,2624.75,,,,,,,,,13,25.0,,0.25,3.25
15/10/2021,2.7e-05,2.7e-05,2.3e-05,2.5e-05,2.5e-05,4121246428,,1190462.0,10.583,975.417,281755.0,2617.0,,,,,,,,,11,25.0,,0.25,2.75
16/10/2021,2.5e-05,2.7e-05,2.5e-05,2.6e-05,2.6e-05,1871226740,,1200574.0,10.167,1069.333,283617.0,2236.53846153846,,,,,,,,,9,25.0,,0.25,2.25
17/10/2021,2.6e-05,2.9e-05,2.4e-05,2.8e-05,2.8e-05,2304858857,,1210373.0,9.667,1004.75,285309.0,1951.76923076923,,,,,,,,,10,20.0,False,0.2,2.0
18/10/2021,2.8e-05,3e-05,2.6e-05,2.9e-05,2.9e-05,3919367323,,,9.727,979.182,287950.0,2402.41666666667,,,,,,,,,14,20.0,,0.2,2.8000000000000003
19/10/2021,2.9e-05,2.9e-05,2.8e-05,2.8e-05,2.8e-05,1651861422,,1236380.0,10.0,871.0,290055.0,2506.0,,,,,,,,,11,20.0,,0.2,2.2
20/10/2021,2.8e-05,2.9e-05,2.7e-05,2.9e-05,2.9e-05,1676016339,,1250202.0,9.667,828.083,292070.0,2288.15384615385,,,,,,,,,10,20.0,,0.2,2.0
21/10/2021,2.9e-05,2.9e-05,2.7e-05,2.7e-05,2.7e-05,1540610794,,,10.083,881.333,294202.0,2192.07692307692,,,,,,,,,11,20.0,,0.2,2.2
22/10/2021,2.7e-05,2.8e-05,2.7e-05,2.8e-05,2.8e-05,1297177007,,1270883.0,9.636,992.636,295917.0,1945.66666666667,,,,,,,,,10,20.0,,0.2,2.0
23/10/2021,2.8e-05,3.5e-05,2.8e-05,3.4e-05,3.4e-05,4703212108,,1284287.0,10.273,749.818,298985.0,2236.75,,,,,,,,,14,20.0,,0.2,2.8000000000000003
24/10/2021,3.4e-05,4.4e-05,3.4e-05,3.6e-05,3.6e-05,15337292521,,1333077.0,9.909,1395.636,308763.0,4688.0,,,,,,,,,41,100.0,False,1.0,41.0
25/10/2021,3.6e-05,4.4e-05,3.5e-05,4.2e-05,4.2e-05,8244210217,,,9.833,2184.75,314750.0,5917.38461538462,,,,,,,,,30,100.0,,1.0,30.0
26/10/2021,4.2e-05,4.9e-05,4.1e-05,4.8e-05,4.8e-05,11176750625,,,9.583,2153.5,323118.0,5884.30769230769,,,,,,,,,40,100.0,,1.0,40.0
27/10/2021,4.8e-05,8.7e-05,4.7e-05,8e-05,8e-05,39053846018,,1415003.0,10.455,4846.818,343132.0,11130.4166666667,,,,,,,,,91,100.0,,1.0,91.0
28/10/2021,7.9e-05,8.8e-05,5.7e-05,6.8e-05,6.8e-05,32835212339,,1564633.0,9.818,11590.091,363767.0,13707.1666666667,,,,,,,,,100,100.0,,1.0,100.0
29/10/2021,6.9e-05,7.7e-05,6.1e-05,7.5e-05,7.5e-05,14287074318,,,9.273,8167.364,373961.0,9869.16666666667,,,,,,,,,52,100.0,,1.0,52.0
30/10/2021,7.5e-05,7.8e-05,6.2e-05,6.5e-05,6.5e-05,8093183339,,1646266.0,9.167,4911.833,380557.0,7410.53846153846,,,,,,,,,39,100.0,,1.0,39.0
31/10/2021,6.5e-05,7e-05,5.9e-05,6.7e-05,6.7e-05,7990702699,,1676455.0,10.0,3610.75,385710.0,6017.46153846154,,,,,,,,,33,54.0,False,0.54,17.82
01/11/2021,6.7e-05,7.5e-05,6.6e-05,7.2e-05,7.2e-05,8120747918,,,10.182,2239.364,391925.0,5773.75,,,,,,,,,100,54.0,,0.54,54.0
02/11/2021,7.2e-05,7.3e-05,6.7e-05,6.9e-05,6.9e-05,5316969434,,1739425.0,10.091,2180.273,397076.0,5802.75,,,,,,,,,84,54.0,,0.54,45.36
03/11/2021,6.9e-05,6.9e-05,5.3e-05,5.5e-05,5.5e-05,6495261244,,,9.333,2613.417,401653.0,6303.84615384615,,,,,,,,,77,54.0,,0.54,41.580000000000005
04/11/2021,5.5e-05,6.1e-05,4.3e-05,4.9e-05,4.9e-05,11486664527,,,10.0,2934.75,406672.0,7063.84615384615,,,,,,,,,97,54.0,,0.54,52.38
05/11/2021,4.9e-05,6.5e-05,4.6e-05,6.2e-05,6.2e-05,12401211699,,1804511.0,9.583,2581.833,410229.0,6891.30769230769,,,,,,,,,71,54.0,,0.54,38.34
06/11/2021,6.3e-05,6.3e-05,5.5e-05,5.9e-05,5.9e-05,6445477874,,,9.364,1951.364,413058.0,4637.91666666667,,,,,,,,,62,54.0,,0.54,33.480000000000004
07/11/2021,5.9e-05,6e-05,5.6e-05,5.7e-05,5.7e-05,3123242451,,1846419.0,9.75,1327.083,414946.0,3695.69230769231,,,,,,,,,47,27.0,False,0.27,12.69
08/11/2021,5.7e-05,5.9e-05,5.3e-05,5.5e-05,5.5e-05,4496482335,,,10.167,1069.833,417235.0,3479.53846153846,,,,,,,,,48,27.0,,0.27,12.96
09/11/2021,5.5e-05,5.8e-05,5.4e-05,5.5e-05,5.5e-05,3142625649,,,9.636,1237.727,419225.0,3579.91666666667,,,,,,,,,48,27.0,,0.27,12.96
10/11/2021,5.5e-05,5.5e-05,4.6e-05,5e-05,5e-05,4318757158,,1922088.0,9.917,1109.583,421015.0,3496.53846153846,,,,,,,,,41,27.0,,0.27,11.07
11/11/2021,5e-05,5.8e-05,4.9e-05,5.7e-05,5.7e-05,5753844727,,,9.545,1129.455,423377.0,3452.41666666667,,,,,,,,,41,27.0,,0.27,11.07
12/11/2021,5.7e-05,5.7e-05,5.1e-05,5.2e-05,5.2e-05,2888701214,,1951687.0,9.818,1297.909,424872.0,3220.66666666667,,,,,,,,,39,27.0,,0.27,10.53
13/11/2021,5.2e-05,5.3e-05,5.1e-05,5.2e-05,5.2e-05,1678572265,,,10.167,991.167,426020.0,2886.92307692308,,,,,,,,,39,27.0,,0.27,10.53
14/11/2021,5.2e-05,5.6e-05,5.2e-05,5.3e-05,5.3e-05,2504828825,,1977438.0,10.5,1078.917,426966.0,2718.07692307692,,,,,,,,,28,19.0,False,0.19,5.32
15/11/2021,5.3e-05,5.6e-05,5.2e-05,5.3e-05,5.3e-05,2588941477,,,10.455,1179.818,428276.0,2656.66666666667,,,,,,,,,33,19.0,,0.19,6.2700000000000005
16/11/2021,5.4e-05,5.4e-05,4.6e-05,4.8e-05,4.8e-05,3935874227,,,9.909,844.727,429548.0,2540.16666666667,,,,,,,,,31,19.0,,0.19,5.89
17/11/2021,4.8e-05,5e-05,4.7e-05,4.8e-05,4.8e-05,2389403757,,2018580.0,9.667,935.417,430724.0,2529.0,,,,,,,,,29,19.0,,0.19,5.51
18/11/2021,4.8e-05,4.9e-05,4.1e-05,4.2e-05,4.2e-05,3495863723,,,10.333,1063.75,431804.0,2604.92307692308,,,,,,,,,30,19.0,,0.19,5.7
19/11/2021,4.3e-05,5.2e-05,4.2e-05,4.9e-05,4.9e-05,4244014798,,2042581.0,10.25,969.833,432808.0,2354.23076923077,,,,,,,,,31,19.0,,0.19,5.89
20/11/2021,4.9e-05,5e-05,4.6e-05,4.8e-05,4.8e-05,2406332845,,2053548.0,9.364,890.091,433767.0,2017.83333333333,,,,,,,,,28,19.0,,0.19,5.32
21/11/2021,4.8e-05,4.8e-05,4.4e-05,4.4e-05,4.4e-05,1636858723,,2065007.0,9.091,817.273,434655.0,1869.83333333333,,,,,,,,,28,16.0,False,0.16,4.48
22/11/2021,4.4e-05,4.6e-05,4.3e-05,4.3e-05,4.3e-05,1806619697,,,10.273,668.091,435466.0,1820.83333333333,,,,,,,,,25,16.0,,0.16,4.0
23/11/2021,4.3e-05,4.5e-05,4.1e-05,4.2e-05,4.2e-05,1893597811,,2083906.0,9.727,594.909,436100.0,1868.66666666667,,,,,,,,,24,16.0,,0.16,3.84
24/11/2021,4.2e-05,4.3e-05,3.6e-05,4e-05,4e-05,2027746049,,2100385.0,9.667,718.917,436956.0,2103.0,,,,,,,,,28,16.0,,0.16,4.48
25/11/2021,3.8e-05,4.8e-05,3.8e-05,4e-05,4e-05,4151282645,,2117601.0,10.273,988.909,437925.0,2232.25,,,,,,,,,22,16.0,,0.16,3.52
26/11/2021,4.3e-05,4.3e-05,3.6e-05,3.8e-05,3.8e-05,3770758761,,,9.091,730.909,438731.0,2032.91666666667,,,,,,,,,23,16.0,,0.16,3.68
27/11/2021,3.9e-05,4.2e-05,3.8e-05,3.9e-05,3.9e-05,2068580738,,2149856.0,10.0,659.091,439494.0,1800.0,,,,,,,,,19,16.0,,0.16,3.04
28/11/2021,3.9e-05,4e-05,3.7e-05,3.9e-05,3.9e-05,1902056544,,2160964.0,6.692,536.385,440016.0,1706.92857142857,,,,,,,,,20,17.0,False,0.17,3.4000000000000004
29/11/2021,3.9e-05,4.6e-05,3.9e-05,4.6e-05,4.6e-05,3667758287,,,3.364,376.545,440624.0,1494.5,,,,,,,,,25,17.0,,0.17,4.25
30/11/2021,4.5e-05,5.4e-05,4.3e-05,4.7e-05,4.7e-05,9568498541,,,6.727,1169.273,442805.0,2369.16666666667,,,,,,,,,45,17.0,,0.17,7.65
01/12/2021,4.7e-05,4.9e-05,4.4e-05,4.4e-05,4.4e-05,3482541861,,2211738.0,6.923,1522.538,443773.0,2318.5,,,,,,,,,100,17.0,,0.17,17.0
02/12/2021,4.4e-05,4.4e-05,4.1e-05,4.2e-05,4.2e-05,2042872233,,,5.818,1205.273,444346.0,1589.83333333333,,,,,,,,,89,17.0,,0.17,15.13
03/12/2021,4.2e-05,4.5e-05,4e-05,4e-05,4e-05,2740977676,,2233209.0,6.5,1052.0,444933.0,1417.76923076923,,,,,,,,,79,17.0,,0.17,13.43
04/12/2021,4.1e-05,4.1e-05,3e-05,3.7e-05,3.7e-05,3873494147,,2241369.0,6.182,1059.273,445565.0,1547.58333333333,,,,,,,,,81,17.0,,0.17,13.77
05/12/2021,3.6e-05,3.8e-05,3.4e-05,3.6e-05,3.6e-05,2307804650,,2248584.0,5.75,1049.25,446077.0,1586.76923076923,,,,,,,,,75,12.0,False,0.12,9.0
06/12/2021,3.6e-05,3.8e-05,3.3e-05,3.7e-05,3.7e-05,2321209665,,,5.917,890.167,446692.0,1459.15384615385,,,,,,,,,89,12.0,,0.12,10.68
07/12/2021,3.7e-05,3.9e-05,3.6e-05,3.6e-05,3.6e-05,1844522891,,2262450.0,5.727,684.909,447281.0,1299.33333333333,,,,,,,,,98,12.0,,0.12,11.76
08/12/2021,3.6e-05,3.8e-05,3.6e-05,3.7e-05,3.7e-05,1257581860,,,5.0,511.0,448001.0,1249.25,,,,,,,,,73,12.0,,0.12,8.76
09/12/2021,3.7e-05,3.7e-05,3.4e-05,3.5e-05,3.5e-05,1123882103,,2285543.0,5.909,603.182,448456.0,1342.66666666667,,,,,,,,,68,12.0,,0.12,8.16
10/12/2021,3.5e-05,3.6e-05,3.3e-05,3.4e-05,3.4e-05,1033903140,,,7.167,623.083,448926.0,1242.69230769231,,,,,,,,,65,12.0,,0.12,7.8
11/12/2021,3.4e-05,3.5e-05,3.3e-05,3.4e-05,3.4e-05,940194089,,2302244.0,5.857,483.429,449283.0,1083.93333333333,,,,,,,,,72,12.0,,0.12,8.64
12/12/2021,3.4e-05,3.8e-05,3.4e-05,3.7e-05,3.7e-05,1460048877,,2310519.0,7.0,644.667,449896.0,1271.76923076923,,,,,,,,,63,11.0,False,0.11,6.93
13/12/2021,3.7e-05,3.7e-05,3.2e-05,3.3e-05,3.3e-05,1464806802,,,7.444,618.667,450385.0,1497.7,,,,,,,,,66,11.0,,0.11,7.26
14/12/2021,3.3e-05,3.6e-05,3.3e-05,3.4e-05,3.4e-05,1476971270,,,6.833,641.25,450802.0,1313.84615384615,,,,,,,,,63,11.0,,0.11,6.93
15/12/2021,3.4e-05,3.4e-05,3.2e-05,3.4e-05,3.4e-05,1184733848,,2336342.0,7.9,744.1,451252.0,1234.90909090909,,,,,,,,,73,11.0,,0.11,8.03
16/12/2021,3.4e-05,3.5e-05,3.3e-05,3.3e-05,3.3e-05,996204378,,,7.444,845.667,451781.0,1272.5,,,,,,,,,56,11.0,,0.11,6.16
17/12/2021,3.3e-05,3.3e-05,3e-05,3.1e-05,3.1e-05,1162002333,,2350917.0,6.727,714.091,452094.0,1117.25,,,,,,,,,59,11.0,,0.11,6.49
18/12/2021,3.1e-05,3.2e-05,3.1e-05,3.1e-05,3.1e-05,709723245,,2357096.0,8.091,660.182,452394.0,940.333333333333,,,,,,,,,53,11.0,,0.11,5.83
19/12/2021,3.1e-05,3.2e-05,3.1e-05,3.1e-05,3.1e-05,614447517,,,5.727,441.182,452676.0,916.416666666667,,,,,,,,,64,12.0,False,0.12,7.68
20/12/2021,3.1e-05,3.3e-05,2.8e-05,3.1e-05,3.1e-05,1811009989,,,7.25,590.0,453161.0,1035.55555555556,,,,,,,,,67,12.0,,0.12,8.04
21/12/2021,3.1e-05,3.3e-05,3.1e-05,3.3e-05,3.3e-05,1375249878,,,6.4,375.7,453432.0,1390.09090909091,,,,,,,,,65,12.0,,0.12,7.8
22/12/2021,3.3e-05,3.8e-05,3.3e-05,3.5e-05,3.5e-05,2281163530,,2384853.0,6.385,553.077,453908.0,1489.35714285714,,,,,,,,,73,12.0,,0.12,8.76
23/12/2021,3.5e-05,3.9e-05,3.4e-05,3.9e-05,3.9e-05,2040585378,,,6.455,576.182,454392.0,1353.16666666667,,,,,,,,,76,12.0,,0.12,9.12
24/12/2021,3.9e-05,4e-05,3.6e-05,3.6e-05,3.6e-05,2060282601,,2399569.0,6.667,658.75,454783.0,1251.84615384615,,,,,,,,,84,12.0,,0.12,10.08
25/12/2021,3.6e-05,3.8e-05,3.6e-05,3.8e-05,3.8e-05,1127932936,,,7.4,632.0,455104.0,1073.0,,,,,,,,,65,12.0,,0.12,7.8
26/12/2021,3.8e-05,3.9e-05,3.7e-05,3.8e-05,3.8e-05,1212604991,,2416458.0,5.636,415.818,455581.0,959.5,,,,,,,,,71,10.0,False,0.1,7.1000000000000005
27/12/2021,3.8e-05,3.9e-05,3.8e-05,3.9e-05,3.9e-05,1265319187,,,5.0,503.4,456058.0,1071.18181818182,,,,,,,,,71,10.0,,0.1,7.1000000000000005
28/12/2021,3.9e-05,3.9e-05,3.4e-05,3.5e-05,3.5e-05,1817436004,,2431667.0,5.273,472.818,456477.0,1045.08333333333,,,,,,,,,62,10.0,,0.1,6.2
29/12/2021,3.5e-05,3.6e-05,3.3e-05,3.4e-05,3.4e-05,1210252540,,2443405.0,3.857,393.929,456805.0,975.866666666667,,,,,,,,,60,10.0,,0.1,6.0
30/12/2021,3.4e-05,3.4e-05,3.3e-05,3.4e-05,3.4e-05,989363049,,,5.167,512.333,457147.0,924.153846153846,,,,,,,,,54,10.0,,0.1,5.4
31/12/2021,3.4e-05,3.5e-05,3.3e-05,3.3e-05,3.3e-05,934738093,,2459560.0,7.333,590.778,457498.0,868.1,,,,,,,,,60,10.0,,0.1,6.0
01/01/2022,3.3e-05,3.4e-05,3.3e-05,3.4e-05,3.4e-05,608789558,,2465162.0,4.727,477.545,457747.0,710.75,,,,,,,,,74,10.0,,0.1,7.4
02/01/2022,3.4e-05,3.4e-05,3.4e-05,3.4e-05,3.4e-05,574109134,,,4.583,442.5,457970.0,656.538461538462,,,,,,,,,97,9.0,False,0.09,8.73
03/01/2022,3.4e-05,3.4e-05,3.2e-05,3.3e-05,3.3e-05,720676202,,,6.286,651.429,458551.0,711.5,,,,,,,,,77,9.0,,0.09,6.93
04/01/2022,3.3e-05,3.3e-05,3.2e-05,3.2e-05,3.2e-05,717218977,,2486504.0,5.909,543.909,458818.0,797.416666666667,,,,,,,,,100,9.0,,0.09,9.0
05/01/2022,3.2e-05,3.3e-05,2.9e-05,3e-05,3e-05,1138566779,,2496693.0,4.0,411.385,459071.0,833.714285714286,,,,,,,,,90,9.0,,0.09,8.1
06/01/2022,3e-05,3.2e-05,2.9e-05,3.1e-05,3.1e-05,1172523092,,2504328.0,6.833,559.5,459520.0,932.142857142857,,,,,,,,,74,9.0,,0.09,6.66
07/01/2022,3.1e-05,3.1e-05,2.9e-05,2.9e-05,2.9e-05,1169467775,,2511531.0,8.5,604.0,459705.0,989.222222222222,,,,,,,,,77,9.0,,0.09,6.93
08/01/2022,2.9e-05,3e-05,2.7e-05,2.8e-05,2.8e-05,1081101278,,2519786.0,8.167,485.5,459916.0,972.846153846154,,,,,,,,,75,9.0,,0.09,6.75
09/01/2022,2.8e-05,2.9e-05,2.8e-05,2.8e-05,2.8e-05,741130328,,2527484.0,9.1,562.7,460177.0,959.454545454545,,,,,,,,,80,8.0,False,0.08,6.4
10/01/2022,2.8e-05,2.9e-05,2.6e-05,2.7e-05,2.7e-05,1044022667,,,7.0,486.1,460351.0,917.0,,,,,,,,,68,8.0,,0.08,5.44
11/01/2022,2.7e-05,2.8e-05,2.6e-05,2.8e-05,2.8e-05,856528185,,,6.636,464.818,460515.0,936.5,,,,,,,,,80,8.0,,0.08,6.4
12/01/2022,2.8e-05,3.2e-05,2.8e-05,3.2e-05,3.2e-05,1541810685,,2545748.0,7.545,535.909,460663.0,1086.66666666667,,,,,,,,,87,8.0,,0.08,6.96
13/01/2022,3.2e-05,3.3e-05,2.9e-05,3e-05,3e-05,1435576624,,2558758.0,9.667,621.667,461060.0,1244.14285714286,,,,,,,,,89,8.0,,0.08,7.12
14/01/2022,3e-05,3.2e-05,2.9e-05,3.1e-05,3.1e-05,1538750911,,2571299.0,9.857,792.714,461294.0,1118.625,,,,,,,,,85,8.0,,0.08,6.8
15/01/2022,3.1e-05,3.1e-05,3.1e-05,3.1e-05,3.1e-05,697319385,,2580473.0,5.556,414.556,461355.0,1043.1,,,,,,,,,78,8.0,,0.08,6.24
16/01/2022,3.1e-05,3.1e-05,3e-05,3.1e-05,3.1e-05,613620998,,2590347.0,7.8,684.7,461497.0,990.545454545455,,,,,,,,,69,7.0,False,0.07,4.83
17/01/2022,3.1e-05,3.1e-05,2.8e-05,2.9e-05,2.9e-05,758868918,,,5.462,494.077,461588.0,1013.42857142857,,,,,,,,,59,7.0,,0.07,4.130000000000001
18/01/2022,2.9e-05,2.9e-05,2.8e-05,2.8e-05,2.8e-05,817784966,,2606794.0,5.615,373.154,461774.0,974.928571428571,,,,,,,,,60,7.0,,0.07,4.2
19/01/2022,2.8e-05,2.8e-05,2.7e-05,2.7e-05,2.7e-05,644592746,,2620436.0,7.273,517.636,461918.0,930.583333333333,,,,,,,,,55,7.0,,0.07,3.850000000000001
20/01/2022,2.7e-05,2.9e-05,2.6e-05,2.6e-05,2.6e-05,380410746,,,6.273,474.545,462035.0,942.583333333333,,,,,,,,,63,7.0,,0.07,4.41
21/01/2022,2.6e-05,2.7e-05,2.2e-05,2.2e-05,2.2e-05,1422249920,,2637064.0,7.9,514.2,462125.0,858.909090909091,,,,,,,,,71,7.0,,0.07,4.970000000000001
22/01/2022,2.2e-05,2.2e-05,1.7e-05,2.1e-05,2.1e-05,2140529993,,,11.0,566.875,462304.0,1036.55555555556,,,,,,,,,93,7.0,,0.07,6.510000000000001
23/01/2022,2.1e-05,2.4e-05,2.1e-05,2.2e-05,2.2e-05,1957464251,,2650730.0,9.364,650.818,462468.0,1073.75,,,,,,,,,79,7.0,False,0.07,5.53
24/01/2022,2.2e-05,2.3e-05,1.9e-05,2.1e-05,2.1e-05,1924476636,,,6.692,523.923,462678.0,958.214285714286,,,,,,,,,87,7.0,,0.07,6.090000000000001
25/01/2022,2.1e-05,2.2e-05,2e-05,2.1e-05,2.1e-05,1047337942,,,6.5,425.7,462874.0,873.090909090909,,,,,,,,,73,7.0,,0.07,5.11
26/01/2022,2.1e-05,2.3e-05,2.1e-05,2.1e-05,2.1e-05,1155008423,,2672027.0,4.889,435.778,463028.0,958.6,,,,,,,,,68,7.0,,0.07,4.760000000000001
27/01/2022,2.1e-05,2.2e-05,2e-05,2.1e-05,2.1e-05,890469542,,,5.273,548.909,463133.0,862.916666666667,,,,,,,,,61,7.0,,0.07,4.2700000000000005
28/01/2022,2.1e-05,2.1e-05,2e-05,2.1e-05,2.1e-05,538455794,,2694630.0,6.8,680.9,463266.0,707.272727272727,,,,,,,,,65,7.0,,0.07,4.550000000000001
29/01/2022,2.1e-05,2.2e-05,2.1e-05,2.2e-05,2.2e-05,551033703,,,5.9,595.1,463441.0,735.181818181818,,,,,,,,,60,7.0,,0.07,4.2
30/01/2022,2.2e-05,2.2e-05,2.1e-05,2.1e-05,2.1e-05,488342024,,,5.2,548.0,463602.0,741.454545454545,,,,,,,,,51,6.0,True,0.06,3.06
31/01/2022,2.1e-05,2.2e-05,2e-05,2.1e-05,2.1e-05,531285879,,,6.182,586.182,463670.0,684.666666666667,,,,,,,,,47,6.0,,0.06,2.82
01/02/2022,2.1e-05,2.2e-05,2.1e-05,2.2e-05,2.2e-05,519254046,,,6.8,475.7,463832.0,630.090909090909,,,,,,,,,94,6.0,,0.06,5.64
02/02/2022,2.2e-05,2.2e-05,2e-05,2.1e-05,2.1e-05,484518640,,2728023.0,7.889,499.667,463900.0,615.7,,,,,,,,,100,6.0,,0.06,6.0
03/02/2022,2.1e-05,2.1e-05,2e-05,2.1e-05,2.1e-05,421850042,,2736833.0,8.889,652.556,464046.0,680.2,,,,,,,,,76,6.0,,0.06,4.56
04/02/2022,2.1e-05,2.2e-05,2.1e-05,2.1e-05,2.1e-05,476443712,,2741750.0,7.0,412.667,464142.0,696.307692307692,,,,,,,,,96,6.0,,0.06,5.76
