Date,Open,High,Low,Close,Adj Close,Volume,reddit_average_posts_48h,reddit_average_comments_48h,reddit_subscribers,reddit_accounts_active_48h,shiba inu coin_unscaled,shiba inu coin_monthly,scale,shiba inu coin
2020-08-01,0.0,0.0,0.0,0.0,0.0,1604789,0.0,0.0,0.0,0.0,0,0.0,0.0,0.0
2020-08-02,0.0,0.0,0.0,0.0,0.0,193098,0.0,0.0,13.559829059829061,0.21794871794871798,0,0.0,0.0,0.0
2020-08-03,0.0,0.0,0.0,0.0,0.0,129225,0.0,0.0,27.119658119658123,0.43589743589743596,0,0.0,0.0,0.0
2020-08-04,0.0,0.0,0.0,0.0,0.0,19717,0.0,0.0,40.67948717948718,0.653846153846154,0,0.0,0.0,0.0
2020-08-05,0.0,0.0,0.0,0.0,0.0,26869,0.0,0.0,54.239316239316246,0.8717948717948719,0,0.0,0.0,0.0
2020-08-06,0.0,0.0,0.0,0.0,0.0,8708,0.0,0.0,67.7991452991453,1.0897435897435899,0,0.0,0.0,0.0
2020-08-07,0.0,0.0,0.0,0.0,0.0,17529,0.0,0.0,81.35897435897436,1.307692307692308,0,0.0,0.0,0.0
2020-08-08,0.0,0.0,0.0,0.0,0.0,13773,0.0,0.0,94.91880341880344,1.525641025641026,0,0.0,0.0,0.0
2020-08-09,0.0,0.0,0.0,0.0,0.0,5190,0.0,0.0,108.47863247863249,1.7435897435897438,0,0.0,0.0,0.0
2020-08-10,0.0,0.0,0.0,0.0,0.0,6105,0.0,0.0,122.03846153846155,1.9615384615384617,0,0.0,0.0,0.0
2020-08-11,0.0,0.0,0.0,0.0,0.0,2896,0.0,0.0,135.5982905982906,2.1794871794871797,0,0.0,0.0,0.0
2020-08-12,0.0,0.0,0.0,0.0,0.0,1868,0.0,0.0,149.1581196581197,2.397435897435898,0,0.0,0.0,0.0
2020-08-13,0.0,0.0,0.0,0.0,0.0,1723,0.0,0.0,162.71794871794873,2.615384615384616,0,0.0,0.0,0.0
2020-08-14,0.0,0.0,0.0,0.0,0.0,3567,0.0,0.0,176.2777777777778,2.8333333333333335,0,0.0,0.0,0.0
2020-08-15,0.0,0.0,0.0,0.0,0.0,1479,0.0,0.0,189.83760683760687,3.051282051282052,0,0.0,0.0,0.0
2020-08-16,0.0,0.0,0.0,0.0,0.0,506,0.0,0.0,203.3974358974359,3.2692307692307696,0,0.0,0.0,0.0
2020-08-17,0.0,0.0,0.0,0.0,0.0,543,0.0,0.0,216.95726495726498,3.4871794871794877,0,0.0,0.0,0.0
2020-08-18,0.0,0.0,0.0,0.0,0.0,153,0.0,0.0,230.51709401709402,3.7051282051282053,0,0.0,0.0,0.0
2020-08-19,0.0,0.0,0.0,0.0,0.0,3411,0.0,0.0,244.0769230769231,3.9230769230769234,0,0.0,0.0,0.0
2020-08-20,0.0,0.0,0.0,0.0,0.0,2058,0.0,0.0,257.63675213675214,4.141025641025641,0,0.0,0.0,0.0
2020-08-21,0.0,0.0,0.0,0.0,0.0,4894,0.0,0.0,271.1965811965812,4.3589743589743595,0,0.0,0.0,0.0
2020-08-22,0.0,0.0,0.0,0.0,0.0,8019,0.0,0.0,284.7564102564103,4.5769230769230775,0,0.0,0.0,0.0
2020-08-23,0.0,0.0,0.0,0.0,0.0,763,0.0,0.0,298.3162393162394,4.794871794871796,98,0.0,0.0,0.0
2020-08-24,0.0,0.0,0.0,0.0,0.0,32,0.0,0.0,311.8760683760684,5.012820512820514,0,0.0,0.0,0.0
2020-08-25,0.0,0.0,0.0,0.0,0.0,377,0.0,0.0,325.43589743589746,5.230769230769232,0,0.0,0.0,0.0
2020-08-26,0.0,0.0,0.0,0.0,0.0,595,0.0,0.0,338.9957264957265,5.448717948717949,0,0.0,0.0,0.0
2020-08-27,0.0,0.0,0.0,0.0,0.0,2404,0.0,0.0,352.5555555555556,5.666666666666667,0,0.0,0.0,0.0
2020-08-28,0.0,0.0,0.0,0.0,0.0,7426,0.0,0.0,366.11538461538464,5.884615384615385,0,0.0,0.0,0.0
2020-08-29,0.0,0.0,0.0,0.0,0.0,4191,0.0,0.0,379.67521367521374,6.102564102564104,0,0.0,0.0,0.0
2020-08-30,0.0,0.0,0.0,0.0,0.0,40609,0.0,0.0,393.2350427350428,6.320512820512821,100,0.0,0.0,0.0
2020-08-31,0.0,0.0,0.0,0.0,0.0,6653,0.0,0.0,406.7948717948718,6.538461538461539,0,0.0,0.0,0.0
2020-09-01,0.0,0.0,0.0,0.0,0.0,16378,0.0,0.0,420.35470085470087,6.756410256410256,0,0.0,0.0,0.0
2020-09-02,0.0,0.0,0.0,0.0,0.0,61769,0.0,0.0,433.91452991452996,6.974358974358975,0,0.0,0.0,0.0
2020-09-03,0.0,0.0,0.0,0.0,0.0,70619,0.0,0.0,447.47435897435906,7.192307692307693,0,0.0,0.0,0.0
2020-09-04,0.0,0.0,0.0,0.0,0.0,36623,0.0,0.0,461.03418803418805,7.410256410256411,90,0.0,0.0,0.0
2020-09-05,0.0,0.0,0.0,0.0,0.0,12080,0.0,0.0,474.59401709401715,7.6282051282051295,0,0.0,0.0,0.0
2020-09-06,0.0,0.0,0.0,0.0,0.0,15529,0.0,0.0,488.1538461538462,7.846153846153847,0,0.0,0.0,0.0
2020-09-07,0.0,0.0,0.0,0.0,0.0,5673,0.0,0.0,501.7136752136753,8.064102564102566,0,0.0,0.0,0.0
2020-09-08,0.0,0.0,0.0,0.0,0.0,4343,0.0,0.0,515.2735042735043,8.282051282051283,86,0.0,0.0,0.0
2020-09-09,0.0,0.0,0.0,0.0,0.0,2993,0.0,0.0,528.8333333333334,8.500000000000002,0,0.0,0.0,0.0
2020-09-10,0.0,0.0,0.0,0.0,0.0,656,0.0,0.0,542.3931623931624,8.717948717948719,0,0.0,0.0,0.0
2020-09-11,0.0,0.0,0.0,0.0,0.0,79,0.0,0.0,555.9529914529915,8.935897435897436,0,0.0,0.0,0.0
2020-09-12,0.0,0.0,0.0,0.0,0.0,728,0.0,0.0,569.5128205128206,9.153846153846155,100,0.0,0.0,0.0
2020-09-13,0.0,0.0,0.0,0.0,0.0,697,0.0,0.0,583.0726495726497,9.371794871794872,0,0.0,0.0,0.0
2020-09-14,0.0,0.0,0.0,0.0,0.0,883,0.0,0.0,596.6324786324788,9.589743589743591,0,0.0,0.0,0.0
2020-09-15,0.0,0.0,0.0,0.0,0.0,429,0.0,0.0,610.1923076923077,9.807692307692308,0,0.0,0.0,0.0
2020-09-16,0.0,0.0,0.0,0.0,0.0,101,0.0,0.0,623.7521367521368,10.025641025641027,0,0.0,0.0,0.0
2020-09-17,0.0,0.0,0.0,0.0,0.0,1301,0.0,0.0,637.3119658119658,10.243589743589745,0,0.0,0.0,0.0
2020-09-18,0.0,0.0,0.0,0.0,0.0,290,0.0,0.0,650.8717948717949,10.461538461538463,91,0.0,0.0,0.0
2020-09-19,0.0,0.0,0.0,0.0,0.0,3568,0.0,0.0,664.431623931624,10.67948717948718,0,0.0,0.0,0.0
2020-09-20,0.0,0.0,0.0,0.0,0.0,2796,0.0,0.0,677.991452991453,10.897435897435898,0,0.0,0.0,0.0
2020-09-21,0.0,0.0,0.0,0.0,0.0,1881,0.0,0.0,691.5512820512821,11.115384615384617,0,0.0,0.0,0.0
2020-09-22,0.0,0.0,0.0,0.0,0.0,468,0.0,0.0,705.1111111111112,11.333333333333334,0,0.0,0.0,0.0
2020-09-23,0.0,0.0,0.0,0.0,0.0,505,0.0,0.0,718.6709401709403,11.551282051282053,0,0.0,0.0,0.0
2020-09-24,0.0,0.0,0.0,0.0,0.0,172,0.0,0.0,732.2307692307693,11.76923076923077,0,0.0,0.0,0.0
2020-09-25,0.0,0.0,0.0,0.0,0.0,206,0.0,0.0,745.7905982905984,11.987179487179489,0,0.0,0.0,0.0
2020-09-26,0.0,0.0,0.0,0.0,0.0,249,0.0,0.0,759.3504273504275,12.205128205128208,0,0.0,0.0,0.0
2020-09-27,0.0,0.0,0.0,0.0,0.0,2378,0.0,0.0,772.9102564102565,12.423076923076923,0,0.0,0.0,0.0
2020-09-28,0.0,0.0,0.0,0.0,0.0,640,0.0,0.0,786.4700854700856,12.641025641025642,0,0.0,0.0,0.0
2020-09-29,0.0,0.0,0.0,0.0,0.0,250,0.0,0.0,800.0299145299147,12.858974358974361,0,0.0,0.0,0.0
2020-09-30,0.0,0.0,0.0,0.0,0.0,512,0.0,0.0,813.5897435897436,13.076923076923078,0,0.0,0.0,0.0
2020-10-01,0.0,0.0,0.0,0.0,0.0,305,0.0,0.0,827.1495726495727,13.294871794871796,0,0.0,0.0,0.0
2020-10-02,0.0,0.0,0.0,0.0,0.0,8948,0.0,0.0,840.7094017094017,13.512820512820513,0,0.0,0.0,0.0
2020-10-03,0.0,0.0,0.0,0.0,0.0,9065,0.0,0.0,854.269230769231,13.730769230769234,100,0.0,0.0,0.0
2020-10-04,0.0,0.0,0.0,0.0,0.0,9203,0.0,0.0,867.8290598290599,13.94871794871795,0,0.0,0.0,0.0
2020-10-05,0.0,0.0,0.0,0.0,0.0,2628,0.0,0.0,881.3888888888889,14.166666666666668,0,0.0,0.0,0.0
2020-10-06,0.0,0.0,0.0,0.0,0.0,3932,0.0,0.0,894.9487179487181,14.384615384615387,0,0.0,0.0,0.0
2020-10-07,0.0,0.0,0.0,0.0,0.0,5086,0.0,0.0,908.5085470085471,14.602564102564104,0,0.0,0.0,0.0
2020-10-08,0.0,0.0,0.0,0.0,0.0,748,0.0,0.0,922.0683760683761,14.820512820512821,0,0.0,0.0,0.0
2020-10-09,0.0,0.0,0.0,0.0,0.0,1197,0.0,0.0,935.6282051282052,15.038461538461538,0,0.0,0.0,0.0
2020-10-10,0.0,0.0,0.0,0.0,0.0,304,0.0,0.0,949.1880341880343,15.256410256410259,0,0.0,0.0,0.0
2020-10-11,0.0,0.0,0.0,0.0,0.0,10,0.0,0.0,962.7478632478634,15.474358974358976,0,0.0,0.0,0.0
2020-10-12,0.0,0.0,0.0,0.0,0.0,109,0.0,0.0,976.3076923076924,15.692307692307693,0,0.0,0.0,0.0
2020-10-13,0.0,0.0,0.0,0.0,0.0,1214,0.0,0.0,989.8675213675216,15.910256410256412,0,0.0,0.0,0.0
2020-10-14,0.0,0.0,0.0,0.0,0.0,53,0.0,0.0,1003.4273504273506,16.12820512820513,0,0.0,0.0,0.0
2020-10-15,0.0,0.0,0.0,0.0,0.0,25,0.0,0.0,1016.9871794871796,16.346153846153847,92,0.0,0.0,0.0
2020-10-16,0.0,0.0,0.0,0.0,0.0,179,0.0,0.0,1030.5470085470085,16.564102564102566,0,0.0,0.0,0.0
2020-10-17,0.0,0.0,0.0,0.0,0.0,45,0.0,0.0,1044.1068376068379,16.782051282051285,0,0.0,0.0,0.0
2020-10-18,0.0,0.0,0.0,0.0,0.0,4,0.0,0.0,1057.6666666666667,17.000000000000004,0,0.0,0.0,0.0
2020-10-19,0.0,0.0,0.0,0.0,0.0,58,0.0,0.0,1071.2264957264958,17.21794871794872,0,0.0,0.0,0.0
2020-10-20,0.0,0.0,0.0,0.0,0.0,514,0.0,0.0,1084.7863247863247,17.435897435897438,0,0.0,0.0,0.0
2020-10-21,0.0,0.0,0.0,0.0,0.0,534,0.0,0.0,1098.346153846154,17.653846153846157,0,0.0,0.0,0.0
2020-10-22,0.0,0.0,0.0,0.0,0.0,28,0.0,0.0,1111.905982905983,17.871794871794872,0,0.0,0.0,0.0
2020-10-23,0.0,0.0,0.0,0.0,0.0,0,0.0,0.0,1125.465811965812,18.08974358974359,0,0.0,0.0,0.0
2020-10-24,0.0,0.0,0.0,0.0,0.0,0,0.0,0.0,1139.025641025641,18.30769230769231,0,0.0,0.0,0.0
2020-10-25,0.0,0.0,0.0,0.0,0.0,0,0.0,0.0,1152.5854700854702,18.52564102564103,0,0.0,0.0,0.0
2020-10-26,0.0,0.0,0.0,0.0,0.0,0,0.0,0.0,1166.1452991452993,18.743589743589745,0,0.0,0.0,0.0
2020-10-27,0.0,0.0,0.0,0.0,0.0,0,0.0,0.0,1179.7051282051282,18.961538461538463,0,0.0,0.0,0.0
2020-10-28,0.0,0.0,0.0,0.0,0.0,460,0.0,0.0,1193.2649572649575,19.179487179487182,0,0.0,0.0,0.0
2020-10-29,0.0,0.0,0.0,0.0,0.0,13,0.0,0.0,1206.8247863247864,19.397435897435898,0,0.0,0.0,0.0
2020-10-30,0.0,0.0,0.0,0.0,0.0,84,0.0,0.0,1220.3846153846155,19.615384615384617,0,0.0,0.0,0.0
2020-10-31,0.0,0.0,0.0,0.0,0.0,171,0.0,0.0,1233.9444444444446,19.833333333333336,0,0.0,0.0,0.0
2020-11-01,0.0,0.0,0.0,0.0,0.0,1,0.0,0.0,1247.5042735042737,20.051282051282055,100,0.0,0.0,0.0
2020-11-02,0.0,0.0,0.0,0.0,0.0,662,0.0,0.0,1261.0641025641028,20.26923076923077,0,0.0,0.0,0.0
2020-11-03,0.0,0.0,0.0,0.0,0.0,429,0.0,0.0,1274.6239316239316,20.48717948717949,0,0.0,0.0,0.0
2020-11-04,0.0,0.0,0.0,0.0,0.0,36,0.0,0.0,1288.183760683761,20.705128205128208,72,0.0,0.0,0.0
2020-11-05,0.0,0.0,0.0,0.0,0.0,199,0.0,0.0,1301.7435897435898,20.923076923076927,0,0.0,0.0,0.0
2020-11-06,0.0,0.0,0.0,0.0,0.0,11,0.0,0.0,1315.303418803419,21.141025641025642,0,0.0,0.0,0.0
2020-11-07,0.0,0.0,0.0,0.0,0.0,0,0.0,0.0,1328.863247863248,21.35897435897436,0,0.0,0.0,0.0
2020-11-08,0.0,0.0,0.0,0.0,0.0,0,0.0,0.0,1342.4230769230771,21.57692307692308,95,0.0,0.0,0.0
2020-11-09,0.0,0.0,0.0,0.0,0.0,62,0.0,0.0,1355.982905982906,21.794871794871796,0,0.0,0.0,0.0
2020-11-10,0.0,0.0,0.0,0.0,0.0,0,0.0,0.0,1369.542735042735,22.012820512820515,0,0.0,0.0,0.0
2020-11-11,0.0,0.0,0.0,0.0,0.0,0,0.0,0.0,1383.1025641025642,22.230769230769234,0,0.0,0.0,0.0
2020-11-12,0.0,0.0,0.0,0.0,0.0,1374,0.0,0.0,1396.6623931623933,22.448717948717952,0,0.0,0.0,0.0
2020-11-13,0.0,0.0,0.0,0.0,0.0,713,0.0,0.0,1410.2222222222224,22.666666666666668,0,0.0,0.0,0.0
2020-11-14,0.0,0.0,0.0,0.0,0.0,136,0.0,0.0,1423.7820512820515,22.884615384615387,0,0.0,0.0,0.0
2020-11-15,0.0,0.0,0.0,0.0,0.0,10,0.0,0.0,1437.3418803418806,23.102564102564106,96,0.0,0.0,0.0
2020-11-16,0.0,0.0,0.0,0.0,0.0,36,0.0,0.0,1450.9017094017095,23.32051282051282,87,0.0,0.0,0.0
2020-11-17,0.0,0.0,0.0,0.0,0.0,9,0.0,0.0,1464.4615384615386,23.53846153846154,0,0.0,0.0,0.0
2020-11-18,0.0,0.0,0.0,0.0,0.0,9,0.0,0.0,1478.0213675213677,23.75641025641026,87,0.0,0.0,0.0
2020-11-19,0.0,0.0,0.0,0.0,0.0,2,0.0,0.0,1491.5811965811968,23.974358974358978,0,0.0,0.0,0.0
2020-11-20,0.0,0.0,0.0,0.0,0.0,158,0.0,0.0,1505.1410256410259,24.192307692307693,91,0.0,0.0,0.0
2020-11-21,0.0,0.0,0.0,0.0,0.0,60,0.0,0.0,1518.700854700855,24.410256410256416,0,0.0,0.0,0.0
2020-11-22,0.0,0.0,0.0,0.0,0.0,83,0.0,0.0,1532.260683760684,24.62820512820513,0,0.0,0.0,0.0
2020-11-23,0.0,0.0,0.0,0.0,0.0,0,0.0,0.0,1545.820512820513,24.846153846153847,0,0.0,0.0,0.0
2020-11-24,0.0,0.0,0.0,0.0,0.0,0,0.0,0.0,1559.380341880342,25.064102564102566,0,0.0,0.0,0.0
2020-11-25,0.0,0.0,0.0,0.0,0.0,0,0.0,0.0,1572.9401709401711,25.282051282051285,0,0.0,0.0,0.0
2020-11-26,0.0,0.0,0.0,0.0,0.0,0,0.0,0.0,1586.5,25.5,0,0.0,0.0,0.0
2020-11-27,0.0,0.0,0.0,0.0,0.0,9,0.0,0.0,1600.0598290598293,25.717948717948723,0,0.0,0.0,0.0
2020-11-28,0.0,0.0,0.0,0.0,0.0,1380,0.0,0.0,1613.6196581196584,25.93589743589744,0,0.0,0.0,0.0
2020-11-29,0.0,0.0,0.0,0.0,0.0,8,0.0,0.0,1627.1794871794873,26.153846153846157,94,0.0,0.0,0.0
2020-11-30,0.0,0.0,0.0,0.0,0.0,154,0.0,0.0,1640.7393162393164,26.371794871794876,0,0.0,0.0,0.0
2020-12-01,0.0,0.0,0.0,0.0,0.0,0,0.0,0.0,1654.2991452991455,26.58974358974359,0,0.0,0.0,0.0
2020-12-02,0.0,0.0,0.0,0.0,0.0,0,0.0,0.0,1667.8589743589744,26.80769230769231,0,0.0,0.0,0.0
2020-12-03,0.0,0.0,0.0,0.0,0.0,0,0.0,0.0,1681.4188034188035,27.025641025641026,0,0.0,0.0,0.0
2020-12-04,0.0,0.0,0.0,0.0,0.0,36,0.0,0.0,1694.9786324786328,27.243589743589748,0,0.0,0.0,0.0
2020-12-05,0.0,0.0,0.0,0.0,0.0,12,0.0,0.0,1708.538461538462,27.461538461538467,0,0.0,0.0,0.0
2020-12-06,0.0,0.0,0.0,0.0,0.0,6,0.0,0.0,1722.0982905982908,27.679487179487182,0,0.0,0.0,0.0
2020-12-07,0.0,0.0,0.0,0.0,0.0,0,0.0,0.0,1735.6581196581199,27.8974358974359,0,0.0,0.0,0.0
2020-12-08,0.0,0.0,0.0,0.0,0.0,20,0.0,0.0,1749.217948717949,28.115384615384617,0,0.0,0.0,0.0
2020-12-09,0.0,0.0,0.0,0.0,0.0,0,0.0,0.0,1762.7777777777778,28.333333333333336,0,0.0,0.0,0.0
2020-12-10,0.0,0.0,0.0,0.0,0.0,0,0.0,0.0,1776.337606837607,28.55128205128205,0,0.0,0.0,0.0
2020-12-11,0.0,0.0,0.0,0.0,0.0,71,0.0,0.0,1789.8974358974363,28.769230769230774,0,0.0,0.0,0.0
2020-12-12,0.0,0.0,0.0,0.0,0.0,6,0.0,0.0,1803.4572649572654,28.987179487179493,0,0.0,0.0,0.0
2020-12-13,0.0,0.0,0.0,0.0,0.0,21,0.0,0.0,1817.0170940170942,29.205128205128208,0,0.0,0.0,0.0
2020-12-14,0.0,0.0,0.0,0.0,0.0,346,0.0,0.0,1830.5769230769233,29.423076923076927,0,0.0,0.0,0.0
2020-12-15,0.0,0.0,0.0,0.0,0.0,0,0.0,0.0,1844.1367521367522,29.641025641025642,0,0.0,0.0,0.0
2020-12-16,0.0,0.0,0.0,0.0,0.0,0,0.0,0.0,1857.6965811965813,29.85897435897436,0,0.0,0.0,0.0
2020-12-17,0.0,0.0,0.0,0.0,0.0,0,0.0,0.0,1871.2564102564104,30.076923076923077,0,0.0,0.0,0.0
2020-12-18,0.0,0.0,0.0,0.0,0.0,0,0.0,0.0,1884.8162393162397,30.2948717948718,0,0.0,0.0,0.0
2020-12-19,0.0,0.0,0.0,0.0,0.0,13,0.0,0.0,1898.3760683760686,30.512820512820518,0,0.0,0.0,0.0
2020-12-20,0.0,0.0,0.0,0.0,0.0,3,0.0,0.0,1911.9358974358977,30.730769230769234,0,0.0,0.0,0.0
2020-12-21,0.0,0.0,0.0,0.0,0.0,0,0.0,0.0,1925.4957264957268,30.948717948717952,84,0.0,0.0,0.0
2020-12-22,0.0,0.0,0.0,0.0,0.0,0,0.0,0.0,1939.0555555555557,31.166666666666668,0,0.0,0.0,0.0
2020-12-23,0.0,0.0,0.0,0.0,0.0,0,0.0,0.0,1952.6153846153848,31.384615384615387,0,0.0,0.0,0.0
2020-12-24,0.0,0.0,0.0,0.0,0.0,0,0.0,0.0,1966.1752136752136,31.602564102564102,0,0.0,0.0,0.0
2020-12-25,0.0,0.0,0.0,0.0,0.0,0,0.0,0.0,1979.7350427350432,31.820512820512825,100,0.0,0.0,0.0
2020-12-26,0.0,0.0,0.0,0.0,0.0,9,0.0,0.0,1993.294871794872,32.03846153846154,0,0.0,0.0,0.0
2020-12-27,0.0,0.0,0.0,0.0,0.0,213,0.0,0.0,2006.8547008547012,32.25641025641026,0,0.0,0.0,0.0
2020-12-28,0.0,0.0,0.0,0.0,0.0,0,0.0,0.0,2020.41452991453,32.47435897435898,0,0.0,0.0,0.0
2020-12-29,0.0,0.0,0.0,0.0,0.0,119,0.0,0.0,2033.9743589743591,32.69230769230769,0,0.0,0.0,0.0
2020-12-30,0.0,0.0,0.0,0.0,0.0,0,0.0,0.0,2047.5341880341882,32.91025641025641,0,0.0,0.0,0.0
2020-12-31,0.0,0.0,0.0,0.0,0.0,0,0.0,0.0,2061.094017094017,33.12820512820513,0,0.0,0.0,0.0
2021-01-01,0.0,0.0,0.0,0.0,0.0,0,0.0,0.0,2074.6538461538466,33.346153846153854,0,0.0,0.0,0.0
2021-01-02,0.0,0.0,0.0,0.0,0.0,78,0.0,0.0,2088.2136752136757,33.56410256410257,25,0.0,0.0,0.0
2021-01-03,0.0,0.0,0.0,0.0,0.0,2,0.0,0.0,2101.7735042735044,33.782051282051285,0,0.0,0.0,0.0
2021-01-04,0.0,0.0,0.0,0.0,0.0,0,0.0,0.0,2115.3333333333335,34.00000000000001,0,0.0,0.0,0.0
2021-01-05,0.0,0.0,0.0,0.0,0.0,18,0.0,0.0,2128.8931623931626,34.21794871794872,0,0.0,0.0,0.0
2021-01-06,0.0,0.0,0.0,0.0,0.0,0,0.0,0.0,2142.4529914529917,34.43589743589744,0,0.0,0.0,0.0
2021-01-07,0.0,0.0,0.0,0.0,0.0,0,0.0,0.0,2156.012820512821,34.65384615384615,0,0.0,0.0,0.0
2021-01-08,0.0,0.0,0.0,0.0,0.0,0,0.0,0.0,2169.5726495726494,34.871794871794876,0,0.0,0.0,0.0
2021-01-09,0.0,0.0,0.0,0.0,0.0,201,0.0,0.0,2183.132478632479,35.0897435897436,24,0.0,0.0,0.0
2021-01-10,0.0,0.0,0.0,0.0,0.0,202,0.0,0.0,2196.692307692308,35.307692307692314,0,0.0,0.0,0.0
2021-01-11,0.0,0.0,0.0,0.0,0.0,66,0.0,0.0,2210.252136752137,35.52564102564103,0,0.0,0.0,0.0
2021-01-12,0.0,0.0,0.0,0.0,0.0,125,0.0,0.0,2223.811965811966,35.743589743589745,0,0.0,0.0,0.0
2021-01-13,0.0,0.0,0.0,0.0,0.0,0,0.0,0.0,2237.371794871795,35.96153846153847,0,0.0,0.0,0.0
2021-01-14,0.0,0.0,0.0,0.0,0.0,619,0.0,0.0,2250.931623931624,36.17948717948718,0,0.0,0.0,0.0
2021-01-15,0.0,0.0,0.0,0.0,0.0,623,0.0,0.0,2264.491452991453,36.3974358974359,0,0.0,0.0,0.0
2021-01-16,0.0,0.0,0.0,0.0,0.0,1226,0.0,0.0,2278.051282051282,36.61538461538462,25,0.0,0.0,0.0
2021-01-17,0.0,0.0,0.0,0.0,0.0,48,0.0,0.0,2291.6111111111113,36.833333333333336,24,0.0,0.0,0.0
2021-01-18,0.0,0.0,0.0,0.0,0.0,45,0.0,0.0,2305.1709401709404,37.05128205128206,22,0.0,0.0,0.0
2021-01-19,0.0,0.0,0.0,0.0,0.0,8,0.0,0.0,2318.7307692307695,37.269230769230774,0,0.0,0.0,0.0
2021-01-20,0.0,0.0,0.0,0.0,0.0,0,0.0,0.0,2332.2905982905986,37.48717948717949,0,0.0,0.0,0.0
2021-01-21,0.0,0.0,0.0,0.0,0.0,0,0.0,0.0,2345.8504273504273,37.705128205128204,0,0.0,0.0,0.0
2021-01-22,0.0,0.0,0.0,0.0,0.0,52,0.0,0.0,2359.4102564102564,37.92307692307693,0,0.0,0.0,0.0
2021-01-23,0.0,0.0,0.0,0.0,0.0,0,0.0,0.0,2372.970085470086,38.14102564102565,25,0.0,0.0,0.0
2021-01-24,0.0,0.0,0.0,0.0,0.0,0,0.0,0.0,2386.529914529915,38.358974358974365,49,0.0,0.0,0.0
2021-01-25,0.0,0.0,0.0,0.0,0.0,473,0.0,0.0,2400.0897435897436,38.57692307692308,0,0.0,0.0,0.0
2021-01-26,0.0,0.0,0.0,0.0,0.0,132,0.0,0.0,2413.6495726495727,38.794871794871796,0,0.0,0.0,0.0
2021-01-27,0.0,0.0,0.0,0.0,0.0,38,0.0,0.0,2427.209401709402,39.01282051282052,0,0.0,0.0,0.0
2021-01-28,0.0,0.0,0.0,0.0,0.0,13,0.0,0.0,2440.769230769231,39.23076923076923,22,0.0,0.0,0.0
2021-01-29,0.0,0.0,0.0,0.0,0.0,523,0.0,0.0,2454.32905982906,39.44871794871795,0,0.0,0.0,0.0
2021-01-30,0.0,0.0,0.0,0.0,0.0,5708932,0.0,0.0,2467.888888888889,39.66666666666667,0,0.0,0.0,0.0
2021-01-31,0.0,0.0,0.0,0.0,0.0,23921741,0.0,0.0,2481.4487179487182,39.88461538461539,100,0.0,0.0,0.0
2021-02-01,0.0,0.0,0.0,0.0,0.0,18665191,0.0,0.0,2495.0085470085473,40.10256410256411,0,0.0,0.0,0.0
2021-02-02,0.0,0.0,0.0,0.0,0.0,5559512,0.0,0.0,2508.5683760683764,40.320512820512825,66,0.0,0.0,0.0
2021-02-03,0.0,0.0,0.0,0.0,0.0,2682178,0.0,0.0,2522.1282051282055,40.53846153846154,100,0.0,0.0,0.0
2021-02-04,0.0,0.0,0.0,0.0,0.0,1804078,0.0,0.0,2535.688034188034,40.756410256410255,66,0.0,0.0,0.0
2021-02-05,0.0,0.0,0.0,0.0,0.0,1298642,0.0,0.0,2549.2478632478633,40.97435897435898,0,0.0,0.0,0.0
2021-02-06,0.0,0.0,0.0,0.0,0.0,595379,0.0,0.0,2562.807692307693,41.1923076923077,0,0.0,0.0,0.0
2021-02-07,0.0,0.0,0.0,0.0,0.0,1325910,0.0,0.0,2576.367521367522,41.410256410256416,36,0.0,0.0,0.0
2021-02-08,0.0,0.0,0.0,0.0,0.0,6113372,0.0,0.0,2589.9273504273506,41.62820512820513,96,0.0,0.0,0.0
2021-02-09,0.0,0.0,0.0,0.0,0.0,1143430,0.0,0.0,2603.4871794871797,41.846153846153854,33,0.0,0.0,0.0
2021-02-10,0.0,0.0,0.0,0.0,0.0,933735,0.0,0.0,2617.0470085470088,42.06410256410257,65,0.0,0.0,0.0
2021-02-11,0.0,0.0,0.0,0.0,0.0,560752,0.0,0.0,2630.606837606838,42.282051282051285,0,0.0,0.0,0.0
2021-02-12,0.0,0.0,0.0,0.0,0.0,388735,0.0,0.0,2644.166666666667,42.5,0,0.0,0.0,0.0
2021-02-13,0.0,0.0,0.0,0.0,0.0,249169,0.0,0.0,2657.726495726496,42.71794871794872,37,0.0,0.0,0.0
2021-02-14,0.0,0.0,0.0,0.0,0.0,355425,0.0,0.0,2671.286324786325,42.935897435897445,37,0.0,0.0,0.0
2021-02-15,0.0,0.0,0.0,0.0,0.0,186938,0.0,0.0,2684.8461538461543,43.15384615384616,33,0.0,0.0,0.0
2021-02-16,0.0,0.0,0.0,0.0,0.0,253570,0.0,0.0,2698.4059829059834,43.371794871794876,33,0.0,0.0,0.0
2021-02-17,0.0,0.0,0.0,0.0,0.0,134903,0.0,0.0,2711.965811965812,43.58974358974359,0,0.0,0.0,0.0
2021-02-18,0.0,0.0,0.0,0.0,0.0,85076,0.0,0.0,2725.525641025641,43.807692307692314,0,0.0,0.0,0.0
2021-02-19,0.0,0.0,0.0,0.0,0.0,105110,0.0,0.0,2739.08547008547,44.02564102564103,0,0.0,0.0,0.0
2021-02-20,0.0,0.0,0.0,0.0,0.0,259931,0.0,0.0,2752.6452991452998,44.24358974358975,0,0.0,0.0,0.0
2021-02-21,0.0,0.0,0.0,0.0,0.0,124684,0.0,0.0,2766.2051282051284,44.46153846153847,0,0.0,0.0,0.0
2021-02-22,0.0,0.0,0.0,0.0,0.0,102994,0.0,0.0,2779.7649572649575,44.67948717948718,0,0.0,0.0,0.0
2021-02-23,0.0,0.0,0.0,0.0,0.0,34174,0.0,0.0,2793.3247863247866,44.897435897435905,0,0.0,0.0,0.0
2021-02-24,0.0,0.0,0.0,0.0,0.0,54984,0.0,0.0,2806.8846153846157,45.11538461538462,32,0.0,0.0,0.0
2021-02-25,0.0,0.0,0.0,0.0,0.0,31669,0.0,0.0,2820.444444444445,45.333333333333336,0,0.0,0.0,0.0
2021-02-26,0.0,0.0,0.0,0.0,0.0,147256,0.0,0.0,2834.0042735042734,45.55128205128205,0,0.0,0.0,0.0
2021-02-27,0.0,0.0,0.0,0.0,0.0,481991,0.0,0.0,2847.564102564103,45.769230769230774,0,0.0,0.0,0.0
2021-02-28,0.0,0.0,0.0,0.0,0.0,3832192,0.0,0.0,2861.123931623932,45.987179487179496,0,0.0,0.0,0.0
2021-03-01,0.0,0.0,0.0,0.0,0.0,991095,0.0,0.0,2874.683760683761,46.20512820512821,20,0.0,0.0,0.0
2021-03-02,0.0,0.0,0.0,0.0,0.0,528326,0.0,0.0,2888.24358974359,46.42307692307693,0,0.0,0.0,0.0
2021-03-03,0.0,0.0,0.0,0.0,0.0,1427316,0.0,0.0,2901.803418803419,46.64102564102564,10,0.0,0.0,0.0
2021-03-04,0.0,0.0,0.0,0.0,0.0,3502637,0.0,0.0,2915.363247863248,46.858974358974365,10,0.0,0.0,0.0
2021-03-05,0.0,0.0,0.0,0.0,0.0,2107990,0.0,0.0,2928.923076923077,47.07692307692308,0,0.0,0.0,0.0
2021-03-06,0.0,0.0,0.0,0.0,0.0,479871,0.0,0.0,2942.4829059829062,47.2948717948718,0,0.0,0.0,0.0
2021-03-07,0.0,0.0,0.0,0.0,0.0,607173,0.0,0.0,2956.0427350427353,47.51282051282052,0,0.0,0.0,0.0
2021-03-08,0.0,0.0,0.0,0.0,0.0,545662,0.0,0.0,2969.6025641025644,47.73076923076923,20,0.0,0.0,0.0
2021-03-09,0.0,0.0,0.0,0.0,0.0,725264,0.0,0.0,2983.1623931623935,47.948717948717956,0,0.0,0.0,0.0
2021-03-10,0.0,0.0,0.0,0.0,0.0,310950,0.0,0.0,2996.7222222222226,48.16666666666667,10,0.0,0.0,0.0
2021-03-11,0.0,0.0,0.0,0.0,0.0,377979,0.0,0.0,3010.2820512820517,48.38461538461539,0,0.0,0.0,0.0
2021-03-12,0.0,0.0,0.0,0.0,0.0,475257,0.0,0.0,3023.8418803418804,48.6025641025641,0,0.0,0.0,0.0
2021-03-13,0.0,0.0,0.0,0.0,0.0,1283595,0.0,0.0,3037.40170940171,48.82051282051283,0,0.0,0.0,0.0
2021-03-14,0.0,0.0,0.0,0.0,0.0,226958,0.0,0.0,3050.961538461539,49.03846153846155,33,0.0,0.0,0.0
2021-03-15,0.0,0.0,0.0,0.0,0.0,11569431,0.0,0.0,3064.521367521368,49.25641025641026,100,0.0,0.0,0.0
2021-03-16,0.0,0.0,0.0,0.0,0.0,5609681,0.0,0.0,3078.0811965811968,49.47435897435898,51,0.0,0.0,0.0
2021-03-17,0.0,0.0,0.0,0.0,0.0,3220467,0.0,0.0,3091.641025641026,49.69230769230769,30,0.0,0.0,0.0
2021-03-18,0.0,0.0,0.0,0.0,0.0,1423541,0.0,0.0,3105.200854700855,49.910256410256416,10,0.0,0.0,0.0
2021-03-19,0.0,0.0,0.0,0.0,0.0,2396974,0.0,0.0,3118.760683760684,50.12820512820513,10,0.0,0.0,0.0
2021-03-20,0.0,0.0,0.0,0.0,0.0,1165956,0.0,0.0,3132.320512820513,50.34615384615385,34,0.0,0.0,0.0
2021-03-21,0.0,0.0,0.0,0.0,0.0,1833105,0.0,0.0,3145.8803418803423,50.56410256410257,69,0.0,0.0,0.0
2021-03-22,0.0,0.0,0.0,0.0,0.0,1425544,0.0,0.0,3159.4401709401714,50.78205128205129,20,0.0,0.0,0.0
2021-03-23,0.0,0.0,0.0,0.0,0.0,900688,1.5,17.5,3173.0,51.0,10,0.0,0.0,0.0
2021-03-24,0.0,0.0,0.0,0.0,0.0,539037,1.5,18.625,3207.0,36.8888888888889,0,0.0,0.0,0.0
2021-03-25,0.0,0.0,0.0,0.0,0.0,602385,1.8,13.6,3228.0,28.7272727272727,0,0.0,0.0,0.0
2021-03-26,0.0,0.0,0.0,0.0,0.0,722333,1.727,17.636,3241.0,30.6666666666667,11,0.0,0.0,0.0
2021-03-27,0.0,0.0,0.0,0.0,0.0,514845,2.0,24.25,3256.0,35.6923076923077,0,0.0,0.0,0.0
2021-03-28,0.0,0.0,0.0,0.0,0.0,1143577,1.818,23.273,3295.0,36.75,0,0.0,0.0,0.0
2021-03-29,0.0,0.0,0.0,0.0,0.0,2342924,3.182,28.909,3353.0,46.8333333333333,10,0.0,0.0,0.0
2021-03-30,0.0,0.0,0.0,0.0,0.0,941404,2.833,30.25,3398.0,51.3076923076923,11,0.0,0.0,0.0
2021-03-31,0.0,0.0,0.0,0.0,0.0,1022750,1.583,21.75,3414.0,38.2307692307692,11,0.0,0.0,0.0
2021-04-01,0.0,0.0,0.0,0.0,0.0,1238056,1.333,21.833,3436.0,34.3076923076923,2,0.0,0.0,0.0
2021-04-02,0.0,0.0,0.0,0.0,0.0,1253053,1.167,22.167,3451.0,33.3846153846154,0,0.0,0.0,0.0
2021-04-03,0.0,0.0,0.0,0.0,0.0,812224,1.455,16.727,3475.0,34.0,2,0.0,0.0,0.0
2021-04-04,0.0,0.0,0.0,0.0,0.0,1264328,2.364,23.364,3501.0,40.5833333333333,0,0.0,0.0,0.0
2021-04-05,0.0,0.0,0.0,0.0,0.0,1161738,2.25,21.333,3513.0,38.4615384615385,0,0.0,0.0,0.0
2021-04-06,0.0,0.0,0.0,0.0,0.0,1294612,0.75,9.75,3532.0,33.4615384615385,0,0.0,0.0,0.0
2021-04-07,0.0,0.0,0.0,0.0,0.0,835694,0.917,8.75,3559.0,39.5384615384615,2,0.0,0.0,0.0
2021-04-08,0.0,0.0,0.0,0.0,0.0,338731,1.0,9.727,3584.0,37.6666666666667,4,0.0,0.0,0.0
2021-04-09,0.0,0.0,0.0,0.0,0.0,610176,0.583,11.083,3596.0,30.6153846153846,6,0.0,0.0,0.0
2021-04-10,0.0,0.0,0.0,0.0,0.0,1272821,1.083,14.417,3608.0,25.9230769230769,2,0.0,0.0,0.0
2021-04-11,0.0,0.0,0.0,0.0,0.0,6995583,3.0,29.636,3681.0,52.25,8,1.0,0.01,0.08
2021-04-12,0.0,0.0,0.0,0.0,0.0,17561875,4.917,39.083,3780.0,87.7692307692308,4,1.0,0.01,0.04
2021-04-13,0.0,0.0,0.0,0.0,0.0,13314013,5.583,52.0,3888.0,104.923076923077,4,1.0,0.01,0.04
2021-04-14,0.0,0.0,0.0,0.0,0.0,6349137,3.364,35.273,3957.0,81.75,11,1.0,0.01,0.11
2021-04-15,0.0,0.0,0.0,0.0,0.0,14718200,2.8,34.5,4038.0,83.4545454545455,6,1.0,0.01,0.06
2021-04-16,0.0,1e-06,0.0,1e-06,1e-06,161689870,9.3,114.3,4633.0,259.636363636364,36,1.0,0.01,0.36
2021-04-17,1e-06,3e-06,1e-06,2e-06,2e-06,460833712,12.545,173.364,6120.0,579.333333333333,100,1.0,0.01,1.0
2021-04-18,2e-06,2e-06,1e-06,2e-06,2e-06,142743623,11.182,186.727,7029.0,616.083333333333,41,3.0,0.03,1.23
2021-04-19,2e-06,4e-06,2e-06,4e-06,4e-06,424418998,10.417,196.917,8434.0,590.615384615385,89,3.0,0.03,2.67
2021-04-20,4e-06,4e-06,2e-06,2e-06,2e-06,526088540,11.667,234.917,10020.0,740.461538461538,85,3.0,0.03,2.55
2021-04-21,2e-06,3e-06,1e-06,1e-06,1e-06,290865031,11.0,286.917,10980.0,774.076923076923,74,3.0,0.03,2.22
2021-04-22,1e-06,2e-06,1e-06,2e-06,2e-06,194322190,10.583,251.417,11732.0,708.692307692308,44,3.0,0.03,1.3199999999999998
2021-04-23,2e-06,2e-06,1e-06,1e-06,1e-06,151001682,11.083,230.0,12156.0,688.076923076923,31,3.0,0.03,0.93
2021-04-24,1e-06,2e-06,1e-06,1e-06,1e-06,83694373,10.083,151.667,12665.0,564.384615384615,40,3.0,0.03,1.2
2021-04-25,1e-06,1e-06,1e-06,1e-06,1e-06,90558038,9.455,125.0,12983.0,420.666666666667,16,1.0,0.01,0.16
2021-04-26,1e-06,1e-06,1e-06,1e-06,1e-06,102581471,8.727,131.364,13225.0,366.5,25,1.0,0.01,0.25
2021-04-27,1e-06,1e-06,1e-06,1e-06,1e-06,102515602,9.182,130.182,13540.0,395.5,24,1.0,0.01,0.24
2021-04-28,1e-06,2e-06,1e-06,1e-06,1e-06,139690065,10.667,142.5,13830.0,454.076923076923,22,1.0,0.01,0.22
2021-04-29,1e-06,2e-06,1e-06,1e-06,1e-06,96378675,10.333,153.667,14205.0,451.846153846154,24,1.0,0.01,0.24
2021-04-30,1e-06,2e-06,1e-06,2e-06,2e-06,133732362,10.636,157.455,14667.0,542.333333333333,28,1.0,0.01,0.28
2021-05-01,2e-06,2e-06,2e-06,2e-06,2e-06,92395224,10.909,154.545,15019.0,559.666666666667,3,1.0,0.01,0.03
2021-05-02,2e-06,2e-06,2e-06,2e-06,2e-06,59652130,7.727,116.273,15286.0,384.416666666667,1,6.0,0.06,0.06
2021-05-03,2e-06,2e-06,2e-06,2e-06,2e-06,40570107,7.727,134.545,15516.0,332.5,1,6.0,0.06,0.06
2021-05-04,2e-06,2e-06,2e-06,2e-06,2e-06,64001867,7.6,114.0,15908.0,367.909090909091,2,6.0,0.06,0.12
2021-05-05,2e-06,2e-06,2e-06,2e-06,2e-06,47093779,9.9,137.4,16476.0,429.818181818182,2,6.0,0.06,0.12
2021-05-06,2e-06,2e-06,1e-06,2e-06,2e-06,27406652,8.917,161.417,16883.0,423.615384615385,2,6.0,0.06,0.12
2021-05-07,2e-06,3e-06,1e-06,3e-06,3e-06,367358434,9.909,157.455,17627.0,484.333333333333,5,6.0,0.06,0.3
2021-05-08,3e-06,1.9e-05,3e-06,1.6e-05,1.6e-05,6118033567,11.0,294.364,22888.0,2009.91666666667,40,6.0,0.06,2.4
2021-05-09,1.6e-05,2e-05,1.2e-05,1.6e-05,1.6e-05,6171534719,9.917,670.5,32440.0,3186.0,55,59.0,0.59,32.45
2021-05-10,1.6e-05,3.9e-05,1.4e-05,3.5e-05,3.5e-05,19546576207,9.091,1120.091,49353.0,5503.58333333333,88,59.0,0.59,51.92
2021-05-11,3.5e-05,3.8e-05,2.8e-05,3.1e-05,3.1e-05,9743912953,9.182,1786.182,69683.0,7541.66666666667,100,59.0,0.59,59.0
2021-05-12,3e-05,3.1e-05,1.8e-05,1.8e-05,1.8e-05,7320441816,9.417,1589.583,82089.0,7645.15384615385,88,59.0,0.59,51.92
2021-05-13,1.8e-05,2.4e-05,1.5e-05,2.1e-05,2.1e-05,6879491005,9.25,1306.0,89424.0,6712.0,69,59.0,0.59,40.71
2021-05-14,2.1e-05,2.2e-05,1.8e-05,1.9e-05,1.9e-05,2909604830,8.917,1347.833,96931.0,5735.76923076923,63,59.0,0.59,37.17
2021-05-15,1.8e-05,1.9e-05,1.5e-05,1.6e-05,1.6e-05,2607873205,9.0,1678.545,102543.0,4567.58333333333,59,59.0,0.59,34.809999999999995
2021-05-16,1.6e-05,2e-05,1.3e-05,1.8e-05,1.8e-05,3225440403,9.182,2611.273,107512.0,4500.83333333333,47,26.0,0.26,12.22
2021-05-17,1.8e-05,1.8e-05,1.4e-05,1.6e-05,1.6e-05,3466116394,9.5,2368.333,114915.0,5815.38461538462,51,26.0,0.26,13.26
2021-05-18,1.7e-05,1.8e-05,1.5e-05,1.6e-05,1.6e-05,1743302789,9.091,1401.455,121310.0,5915.33333333333,36,26.0,0.26,9.36
2021-05-19,1.6e-05,1.6e-05,6e-06,9e-06,9e-06,3271067996,9.0,1375.455,124633.0,4655.91666666667,35,26.0,0.26,9.1
2021-05-20,9e-06,1.2e-05,8e-06,1e-05,1e-05,2507945867,8.909,1922.545,127527.0,4051.41666666667,32,26.0,0.26,8.32
2021-05-21,1e-05,1e-05,7e-06,8e-06,8e-06,1547207565,9.182,1718.818,130079.0,3769.66666666667,26,26.0,0.26,6.76
2021-05-22,8e-06,1e-05,7e-06,8e-06,8e-06,1229821215,8.917,1195.083,132295.0,3936.53846153846,22,26.0,0.26,5.720000000000001
2021-05-23,8e-06,1e-05,7e-06,8e-06,8e-06,1585032040,9.091,1034.0,134906.0,3580.5,25,15.0,0.15,3.75
2021-05-24,8e-06,1.2e-05,8e-06,1.1e-05,1.1e-05,2179651359,9.182,862.636,137402.0,3408.33333333333,23,15.0,0.15,3.45
2021-05-25,1.1e-05,1.1e-05,9e-06,9e-06,9e-06,1415340765,8.5,863.083,140361.0,3487.61538461538,26,15.0,0.15,3.9
2021-05-26,9e-06,1e-05,9e-06,1e-05,1e-05,994520516,8.667,1249.833,142476.0,3720.61538461538,21,15.0,0.15,3.15
2021-05-27,1e-05,1e-05,9e-06,9e-06,9e-06,679602960,8.455,1138.909,144120.0,3349.25,15,15.0,0.15,2.25
2021-05-28,9e-06,9e-06,8e-06,8e-06,8e-06,690703669,8.273,1099.0,147118.0,3216.0,16,15.0,0.15,2.4
2021-05-29,8e-06,8e-06,7e-06,8e-06,8e-06,502184994,8.636,1347.273,148161.0,2885.66666666667,17,15.0,0.15,2.55
2021-05-30,8e-06,8e-06,8e-06,8e-06,8e-06,440967883,8.909,1050.727,149576.0,2156.41666666667,19,14.0,0.14,2.66
2021-05-31,8e-06,1e-05,8e-06,9e-06,9e-06,910298126,9.417,683.25,151252.0,2547.61538461538,14,14.0,0.14,1.96
2021-06-01,9e-06,9e-06,8e-06,9e-06,9e-06,795576484,9.273,791.636,153069.0,2647.5,70,14.0,0.14,9.8
2021-06-02,9e-06,1e-05,9e-06,9e-06,9e-06,1190841704,9.091,697.545,154853.0,2588.5,96,14.0,0.14,13.44
2021-06-03,9e-06,1e-05,9e-06,1e-05,1e-05,841784028,9.083,759.25,157765.0,2723.61538461538,73,14.0,0.14,10.22
2021-06-04,1e-05,1e-05,8e-06,9e-06,9e-06,819027578,8.727,862.364,159689.0,2512.25,62,14.0,0.14,8.680000000000001
2021-06-05,9e-06,9e-06,8e-06,8e-06,8e-06,507707187,8.545,774.0,161256.0,2316.75,58,14.0,0.14,8.120000000000001
2021-06-06,8e-06,9e-06,8e-06,9e-06,9e-06,359457882,8.818,747.636,162911.0,2442.08333333333,64,10.0,0.1,6.4
2021-06-07,9e-06,9e-06,8e-06,8e-06,8e-06,469707680,8.333,876.667,164291.0,2362.07692307692,64,10.0,0.1,6.4
2021-06-08,8e-06,8e-06,6e-06,7e-06,7e-06,794735555,8.455,808.182,165376.0,2243.41666666667,46,10.0,0.1,4.6000000000000005
2021-06-09,7e-06,8e-06,7e-06,7e-06,7e-06,546752922,8.364,686.636,166390.0,2320.58333333333,49,10.0,0.1,4.9
2021-06-10,7e-06,7e-06,7e-06,7e-06,7e-06,420178357,8.583,729.333,167513.0,2280.07692307692,50,10.0,0.1,5.0
2021-06-11,7e-06,7e-06,6e-06,6e-06,6e-06,402206125,9.4,813.7,168529.0,2148.54545454545,38,10.0,0.1,3.8
2021-06-12,6e-06,7e-06,6e-06,6e-06,6e-06,602206703,9.5,956.2,169479.0,2270.09090909091,51,10.0,0.1,5.1000000000000005
2021-06-13,6e-06,7e-06,6e-06,7e-06,7e-06,479855598,10.083,935.75,170426.0,2285.0,47,12.0,0.12,5.64
2021-06-14,7e-06,7e-06,7e-06,7e-06,7e-06,484227038,10.417,688.417,171530.0,2186.53846153846,51,12.0,0.12,6.12
2021-06-15,7e-06,1e-05,7e-06,7e-06,7e-06,464565251,10.727,715.818,173399.0,2822.33333333333,70,12.0,0.12,8.4
2021-06-16,9e-06,9e-06,8e-06,8e-06,8e-06,1147441100,10.0,789.364,175755.0,3276.5,100,12.0,0.12,12.0
2021-06-17,8e-06,8e-06,8e-06,8e-06,8e-06,645884625,9.583,727.5,177311.0,2975.46153846154,68,12.0,0.12,8.16
2021-06-18,8e-06,8e-06,7e-06,7e-06,7e-06,560685269,8.833,716.917,178531.0,2563.07692307692,52,12.0,0.12,6.24
2021-06-19,7e-06,8e-06,7e-06,8e-06,8e-06,800211655,9.667,731.917,179760.0,2619.53846153846,51,12.0,0.12,6.12
2021-06-20,8e-06,8e-06,7e-06,8e-06,8e-06,644943959,9.545,675.273,181094.0,2436.16666666667,49,10.0,0.1,4.9
2021-06-21,8e-06,8e-06,6e-06,6e-06,6e-06,719083156,8.727,554.818,182090.0,2308.5,54,10.0,0.1,5.4
2021-06-22,6e-06,7e-06,6e-06,6e-06,6e-06,798815195,9.0,555.5,182849.0,2297.46153846154,43,10.0,0.1,4.3
2021-06-23,6e-06,7e-06,6e-06,7e-06,7e-06,538227669,8.833,493.25,183620.0,1694.15384615385,38,10.0,0.1,3.8
2021-06-24,7e-06,7e-06,7e-06,7e-06,7e-06,374340895,9.818,494.545,184327.0,1486.08333333333,43,10.0,0.1,4.3
2021-06-25,7e-06,8e-06,7e-06,7e-06,7e-06,809551822,10.0,629.545,185306.0,2113.5,70,10.0,0.1,7.0
2021-06-26,7e-06,8e-06,7e-06,7e-06,7e-06,506208122,9.917,601.083,186198.0,2215.46153846154,47,10.0,0.1,4.7
2021-06-27,7e-06,8e-06,7e-06,8e-06,8e-06,368723897,11.1,675.4,187169.0,2205.72727272727,48,9.0,0.09,4.32
2021-06-28,8e-06,8e-06,8e-06,8e-06,8e-06,511642751,10.9,652.6,188355.0,2175.45454545455,68,9.0,0.09,6.12
2021-06-29,8e-06,1e-05,8e-06,9e-06,9e-06,1049937292,9.833,555.25,189939.0,2584.46153846154,72,9.0,0.09,6.48
2021-06-30,9e-06,9e-06,8e-06,9e-06,9e-06,774601888,9.818,638.182,190890.0,2742.33333333333,56,9.0,0.09,5.04
2021-07-01,9e-06,9e-06,8e-06,8e-06,8e-06,472303878,9.273,664.727,191723.0,2255.75,82,9.0,0.09,7.38
2021-07-02,8e-06,8e-06,8e-06,8e-06,8e-06,350380456,8.75,561.167,192178.0,2051.15384615385,96,9.0,0.09,8.64
2021-07-03,8e-06,9e-06,8e-06,9e-06,9e-06,387155665,8.417,553.75,192867.0,1935.30769230769,84,9.0,0.09,7.56
2021-07-04,9e-06,9e-06,8e-06,9e-06,9e-06,382389431,8.727,468.364,193729.0,2000.83333333333,98,7.0,0.07,6.86
2021-07-05,9e-06,9e-06,8e-06,8e-06,8e-06,414501521,9.5,469.417,194441.0,2229.0,94,7.0,0.07,6.580000000000001
2021-07-06,8e-06,9e-06,8e-06,9e-06,9e-06,695333646,9.833,595.667,195394.0,3055.84615384615,100,7.0,0.07,7.000000000000001
2021-07-07,9e-06,9e-06,9e-06,9e-06,9e-06,400230047,9.455,777.182,196185.0,3377.83333333333,78,7.0,0.07,5.460000000000001
2021-07-08,9e-06,9e-06,8e-06,8e-06,8e-06,461821077,9.167,765.083,196723.0,2936.76923076923,87,7.0,0.07,6.090000000000001
2021-07-09,8e-06,8e-06,8e-06,8e-06,8e-06,329969149,8.417,686.917,197013.0,2327.30769230769,78,7.0,0.07,5.460000000000001
2021-07-10,8e-06,8e-06,8e-06,8e-06,8e-06,307713037,8.273,583.727,197420.0,1895.75,83,7.0,0.07,5.8100000000000005
2021-07-11,8e-06,8e-06,8e-06,8e-06,8e-06,298920323,8.273,501.818,197876.0,1788.66666666667,68,5.0,0.05,3.4000000000000004
2021-07-12,8e-06,8e-06,7e-06,8e-06,8e-06,368432617,8.545,455.455,198292.0,1701.75,58,5.0,0.05,2.9000000000000004
2021-07-13,8e-06,8e-06,7e-06,7e-06,7e-06,314206348,8.167,477.917,198602.0,1677.23076923077,46,5.0,0.05,2.3000000000000003
2021-07-14,7e-06,8e-06,7e-06,7e-06,7e-06,395606690,8.909,466.727,198900.0,1647.25,66,5.0,0.05,3.3000000000000003
2021-07-15,7e-06,7e-06,7e-06,7e-06,7e-06,324530088,8.273,403.364,199264.0,1593.08333333333,49,5.0,0.05,2.45
2021-07-16,7e-06,7e-06,7e-06,7e-06,7e-06,271727428,8.333,441.167,199580.0,1508.92307692308,45,5.0,0.05,2.25
2021-07-17,7e-06,7e-06,7e-06,7e-06,7e-06,268313051,9.083,491.417,199866.0,1756.07692307692,54,5.0,0.05,2.7
2021-07-18,7e-06,7e-06,7e-06,7e-06,7e-06,248486447,9.545,549.727,200431.0,1992.16666666667,70,4.0,0.04,2.8000000000000003
2021-07-19,7e-06,7e-06,6e-06,6e-06,6e-06,300950718,8.5,551.25,201021.0,1705.15384615385,60,4.0,0.04,2.4
2021-07-20,6e-06,6e-06,6e-06,6e-06,6e-06,319956020,7.545,420.091,201394.0,1330.83333333333,61,4.0,0.04,2.44
2021-07-21,6e-06,7e-06,6e-06,7e-06,7e-06,426562130,7.727,408.0,201908.0,1308.33333333333,65,4.0,0.04,2.6
2021-07-22,7e-06,7e-06,6e-06,6e-06,6e-06,280680850,7.167,396.75,202355.0,1374.76923076923,43,4.0,0.04,1.72
2021-07-23,6e-06,7e-06,6e-06,6e-06,6e-06,287940255,6.417,328.5,202562.0,1320.38461538462,36,4.0,0.04,1.44
2021-07-24,6e-06,7e-06,6e-06,6e-06,6e-06,306621338,8.364,377.091,202782.0,1122.83333333333,47,4.0,0.04,1.88
2021-07-25,6e-06,7e-06,6e-06,6e-06,6e-06,254137124,8.636,346.182,203026.0,1197.08333333333,36,4.0,0.04,1.44
2021-07-26,6e-06,7e-06,6e-06,6e-06,6e-06,498257871,9.0,342.167,203267.0,1346.15384615385,61,4.0,0.04,2.44
2021-07-27,6e-06,6e-06,6e-06,6e-06,6e-06,255458467,7.7,257.7,203442.0,1278.81818181818,40,4.0,0.04,1.6
2021-07-28,6e-06,6e-06,6e-06,6e-06,6e-06,226907730,7.0,269.636,203675.0,1128.66666666667,52,4.0,0.04,2.08
2021-07-29,6e-06,7e-06,6e-06,6e-06,6e-06,242987987,8.615,328.077,203864.0,1199.71428571429,49,4.0,0.04,1.96
2021-07-30,6e-06,6e-06,6e-06,6e-06,6e-06,230614586,7.636,318.273,204084.0,1159.66666666667,61,4.0,0.04,2.44
2021-07-31,6e-06,6e-06,6e-06,6e-06,6e-06,198884325,7.417,368.75,204294.0,1177.84615384615,50,4.0,0.04,2.0
2021-08-01,6e-06,7e-06,6e-06,6e-06,6e-06,311601900,8.364,391.909,204533.0,1381.41666666667,50,5.0,0.05,2.5
2021-08-02,6e-06,6e-06,6e-06,6e-06,6e-06,233023667,7.727,328.727,204659.0,1286.41666666667,38,5.0,0.05,1.9
2021-08-03,6e-06,6e-06,6e-06,6e-06,6e-06,199311312,6.818,316.727,204812.0,1096.75,27,5.0,0.05,1.35
2021-08-04,6e-06,6e-06,6e-06,6e-06,6e-06,204792386,7.083,305.417,205109.0,1168.0,50,5.0,0.05,2.5
2021-08-05,6e-06,6e-06,6e-06,6e-06,6e-06,223975108,7.091,314.0,205266.0,1101.25,39,5.0,0.05,1.95
2021-08-06,6e-06,6e-06,6e-06,6e-06,6e-06,248522840,7.545,293.091,205424.0,977.75,32,5.0,0.05,1.6
2021-08-07,6e-06,8e-06,6e-06,8e-06,8e-06,734135430,8.0,269.583,205708.0,1120.84615384615,58,5.0,0.05,2.9000000000000004
2021-08-08,8e-06,9e-06,7e-06,7e-06,7e-06,923406924,9.75,294.667,206239.0,1500.07692307692,90,7.0,0.07,6.300000000000001
2021-08-09,7e-06,8e-06,7e-06,8e-06,8e-06,513264306,9.0,410.667,206556.0,1542.07692307692,70,7.0,0.07,4.9
2021-08-10,8e-06,8e-06,7e-06,8e-06,8e-06,358181887,7.167,393.083,206795.0,1295.30769230769,67,7.0,0.07,4.69
2021-08-11,8e-06,8e-06,8e-06,8e-06,8e-06,567005556,7.583,313.583,207131.0,1223.61538461538,75,7.0,0.07,5.250000000000001
2021-08-12,8e-06,8e-06,7e-06,8e-06,8e-06,447258857,9.2,338.7,207358.0,1134.63636363636,63,7.0,0.07,4.41
2021-08-13,8e-06,8e-06,8e-06,8e-06,8e-06,405525616,8.7,331.3,207619.0,1022.81818181818,62,7.0,0.07,4.340000000000001
2021-08-14,8e-06,9e-06,8e-06,8e-06,8e-06,633410230,8.333,296.083,207862.0,1093.30769230769,74,7.0,0.07,5.180000000000001
2021-08-15,8e-06,9e-06,8e-06,9e-06,9e-06,511338751,7.5,313.667,208113.0,1140.15384615385,63,7.0,0.07,4.41
2021-08-16,9e-06,9e-06,8e-06,9e-06,9e-06,1002600515,7.909,395.455,208685.0,1291.16666666667,100,7.0,0.07,7.000000000000001
2021-08-17,9e-06,9e-06,8e-06,8e-06,8e-06,655276452,8.273,380.636,209105.0,1333.75,81,7.0,0.07,5.670000000000001
2021-08-18,8e-06,8e-06,8e-06,8e-06,8e-06,490220596,8.273,419.909,209373.0,1066.58333333333,78,7.0,0.07,5.460000000000001
2021-08-19,8e-06,8e-06,8e-06,8e-06,8e-06,358840820,7.083,325.083,209702.0,940.076923076923,52,7.0,0.07,3.640000000000001
2021-08-20,8e-06,9e-06,8e-06,8e-06,8e-06,360709045,7.0,288.75,210001.0,947.538461538462,73,7.0,0.07,5.11
2021-08-21,8e-06,9e-06,8e-06,8e-06,8e-06,314483766,7.583,465.25,210310.0,798.692307692308,66,7.0,0.07,4.62
2021-08-22,8e-06,8e-06,8e-06,8e-06,8e-06,292686165,6.909,445.364,210636.0,644.083333333333,59,5.0,0.05,2.95
2021-08-23,8e-06,8e-06,8e-06,8e-06,8e-06,327215667,6.5,453.0,210923.0,680.769230769231,66,5.0,0.05,3.3000000000000003
2021-08-24,8e-06,8e-06,7e-06,7e-06,7e-06,393979166,7.0,401.083,211132.0,514.384615384615,63,5.0,0.05,3.1500000000000004
2021-08-25,8e-06,8e-06,7e-06,8e-06,8e-06,338503381,6.333,362.0,211316.0,425.692307692308,47,5.0,0.05,2.35
2021-08-26,8e-06,8e-06,7e-06,7e-06,7e-06,323676890,6.818,400.636,211546.0,600.916666666667,47,5.0,0.05,2.35
2021-08-27,7e-06,8e-06,7e-06,7e-06,7e-06,320305426,7.818,399.182,211746.0,587.416666666667,35,5.0,0.05,1.75
2021-08-28,7e-06,7e-06,7e-06,7e-06,7e-06,223873537,6.917,284.917,211938.0,585.0,53,5.0,0.05,2.6500000000000004
2021-08-29,7e-06,7e-06,7e-06,7e-06,7e-06,236155012,6.0,293.75,212135.0,572.692307692308,61,4.0,0.04,2.44
2021-08-30,7e-06,7e-06,7e-06,7e-06,7e-06,253774182,6.545,252.636,212309.0,580.5,45,4.0,0.04,1.8
2021-08-31,7e-06,7e-06,7e-06,7e-06,7e-06,290290305,6.0,239.091,212497.0,613.333333333333,50,4.0,0.04,2.0
2021-09-01,7e-06,7e-06,7e-06,7e-06,7e-06,261160667,6.25,330.583,212574.0,589.230769230769,25,4.0,0.04,1.0
2021-09-02,7e-06,7e-06,7e-06,7e-06,7e-06,283366175,6.583,375.083,212771.0,544.076923076923,28,4.0,0.04,1.12
2021-09-03,7e-06,7e-06,7e-06,7e-06,7e-06,260789327,7.583,451.75,212977.0,559.153846153846,27,4.0,0.04,1.08
2021-09-04,7e-06,8e-06,7e-06,7e-06,7e-06,378296266,8.25,425.333,213195.0,594.384615384615,28,4.0,0.04,1.12
2021-09-05,7e-06,8e-06,7e-06,8e-06,8e-06,300455633,7.455,377.818,213566.0,620.083333333333,26,6.0,0.06,1.56
2021-09-06,8e-06,8e-06,7e-06,7e-06,7e-06,334086564,7.727,323.273,213962.0,656.833333333333,28,6.0,0.06,1.68
2021-09-07,7e-06,7e-06,5e-06,6e-06,6e-06,626371078,8.0,378.75,214205.0,741.230769230769,43,6.0,0.06,2.58
2021-09-08,6e-06,8e-06,5e-06,7e-06,7e-06,986403280,8.5,434.667,214623.0,753.307692307692,42,6.0,0.06,2.52
2021-09-09,7e-06,8e-06,7e-06,7e-06,7e-06,784078100,9.091,385.364,215254.0,853.75,48,6.0,0.06,2.88
2021-09-10,7e-06,8e-06,7e-06,7e-06,7e-06,423733163,9.417,403.75,215753.0,939.615384615385,46,6.0,0.06,2.76
2021-09-11,7e-06,7e-06,7e-06,7e-06,7e-06,229243568,8.583,454.583,216074.0,811.230769230769,32,6.0,0.06,1.92
2021-09-12,7e-06,7e-06,7e-06,7e-06,7e-06,243064232,7.0,452.636,216350.0,660.666666666667,27,8.0,0.08,2.16
2021-09-13,7e-06,7e-06,6e-06,7e-06,7e-06,312789256,7.727,372.273,216637.0,644.25,29,8.0,0.08,2.32
2021-09-14,7e-06,7e-06,6e-06,7e-06,7e-06,184111151,7.091,339.273,216811.0,632.416666666667,24,8.0,0.08,1.92
2021-09-15,7e-06,7e-06,7e-06,7e-06,7e-06,203289266,6.917,342.667,217103.0,632.538461538462,25,8.0,0.08,2.0
2021-09-16,7e-06,9e-06,7e-06,9e-06,9e-06,1624140154,8.333,354.583,218155.0,964.615384615385,62,8.0,0.08,4.96
2021-09-17,9e-06,9e-06,8e-06,8e-06,8e-06,1663423890,9.545,576.727,220674.0,1430.83333333333,100,8.0,0.08,8.0
2021-09-18,8e-06,9e-06,8e-06,8e-06,8e-06,495513218,8.636,636.364,221598.0,1257.91666666667,62,8.0,0.08,4.96
2021-09-19,8e-06,8e-06,7e-06,8e-06,8e-06,572892039,8.25,551.75,222294.0,949.384615384615,49,7.0,0.07,3.43
2021-09-20,8e-06,8e-06,7e-06,7e-06,7e-06,586521394,7.333,395.0,222952.0,831.230769230769,37,7.0,0.07,2.5900000000000003
2021-09-21,7e-06,7e-06,7e-06,7e-06,7e-06,382463972,7.0,333.917,223455.0,734.153846153846,36,7.0,0.07,2.5200000000000005
2021-09-22,7e-06,7e-06,7e-06,7e-06,7e-06,280642205,7.083,332.583,223913.0,626.461538461538,35,7.0,0.07,2.45
2021-09-23,7e-06,8e-06,7e-06,8e-06,8e-06,370820478,7.091,320.182,224514.0,695.25,32,7.0,0.07,2.24
2021-09-24,8e-06,8e-06,7e-06,7e-06,7e-06,456964069,8.182,442.0,224974.0,771.5,41,7.0,0.07,2.87
2021-09-25,7e-06,8e-06,7e-06,7e-06,7e-06,227277343,8.364,497.727,225457.0,719.5,34,7.0,0.07,2.3800000000000003
2021-09-26,7e-06,7e-06,7e-06,7e-06,7e-06,257921523,7.636,464.818,225821.0,671.083333333333,24,4.0,0.04,0.96
2021-09-27,7e-06,7e-06,7e-06,7e-06,7e-06,207040951,7.182,402.909,226181.0,649.75,28,4.0,0.04,1.12
2021-09-28,7e-06,7e-06,7e-06,7e-06,7e-06,229379215,5.364,354.818,226545.0,604.333333333333,21,4.0,0.04,0.84
2021-09-29,7e-06,7e-06,7e-06,7e-06,7e-06,193035725,5.667,286.75,226884.0,561.923076923077,32,4.0,0.04,1.28
2021-09-30,7e-06,7e-06,7e-06,7e-06,7e-06,308553065,6.25,320.167,227242.0,579.923076923077,22,4.0,0.04,0.88
2021-10-01,7e-06,8e-06,7e-06,8e-06,8e-06,316837935,6.364,273.545,227662.0,601.0,3,4.0,0.04,0.12
2021-10-02,8e-06,8e-06,7e-06,8e-06,8e-06,320232218,5.727,280.636,228120.0,644.833333333333,3,4.0,0.04,0.12
2021-10-03,8e-06,9e-06,8e-06,9e-06,9e-06,627602337,7.636,384.545,228862.0,782.833333333333,4,48.0,0.48,1.92
2021-10-04,9e-06,1.5e-05,8e-06,1.3e-05,1.3e-05,5113996411,9.0,448.636,232254.0,1608.66666666667,14,48.0,0.48,6.72
2021-10-05,1.3e-05,2e-05,1.2e-05,1.7e-05,1.7e-05,9382762020,9.75,803.75,237496.0,2763.84615384615,27,48.0,0.48,12.96
2021-10-06,1.7e-05,2.9e-05,1.7e-05,2.8e-05,2.8e-05,15233960302,9.455,1153.182,244786.0,4086.75,37,48.0,0.48,17.759999999999998
2021-10-07,2.8e-05,3.5e-05,2.1e-05,2.3e-05,2.3e-05,18731843000,9.25,2053.417,254920.0,5874.0,49,48.0,0.48,23.52
2021-10-08,2.3e-05,2.9e-05,2.1e-05,2.7e-05,2.7e-05,12326548369,9.0,2859.583,259846.0,5978.61538461538,25,48.0,0.48,12.0
2021-10-09,2.7e-05,3e-05,2.4e-05,2.7e-05,2.7e-05,6401062357,9.182,1920.545,263768.0,3527.66666666667,19,48.0,0.48,9.12
2021-10-10,2.7e-05,2.8e-05,2.5e-05,2.6e-05,2.6e-05,3597266431,10.0,1184.091,266847.0,2979.08333333333,15,25.0,0.25,3.75
2021-10-11,2.6e-05,3.2e-05,2.6e-05,3.1e-05,3.1e-05,7321688785,11.182,993.909,271083.0,3258.33333333333,20,25.0,0.25,5.0
2021-10-12,3.1e-05,3.2e-05,2.7e-05,2.9e-05,2.9e-05,4868743619,10.417,1096.167,274250.0,3412.07692307692,16,25.0,0.25,4.0
2021-10-13,2.9e-05,3.1e-05,2.8e-05,2.9e-05,2.9e-05,3082220289,9.583,1198.833,276955.0,2961.38461538462,13,25.0,0.25,3.25
2021-10-14,2.9e-05,3e-05,2.7e-05,2.7e-05,2.7e-05,2727081948,10.455,1200.0,279581.0,2624.75,13,25.0,0.25,3.25
2021-10-15,2.7e-05,2.7e-05,2.3e-05,2.5e-05,2.5e-05,4121246428,10.583,975.417,281755.0,2617.0,11,25.0,0.25,2.75
2021-10-16,2.5e-05,2.7e-05,2.5e-05,2.6e-05,2.6e-05,1871226740,10.167,1069.333,283617.0,2236.53846153846,9,25.0,0.25,2.25
2021-10-17,2.6e-05,2.9e-05,2.4e-05,2.8e-05,2.8e-05,2304858857,9.667,1004.75,285309.0,1951.76923076923,10,20.0,0.2,2.0
2021-10-18,2.8e-05,3e-05,2.6e-05,2.9e-05,2.9e-05,3919367323,9.727,979.182,287950.0,2402.41666666667,14,20.0,0.2,2.8000000000000003
2021-10-19,2.9e-05,2.9e-05,2.8e-05,2.8e-05,2.8e-05,1651861422,10.0,871.0,290055.0,2506.0,11,20.0,0.2,2.2
2021-10-20,2.8e-05,2.9e-05,2.7e-05,2.9e-05,2.9e-05,1676016339,9.667,828.083,292070.0,2288.15384615385,10,20.0,0.2,2.0
2021-10-21,2.9e-05,2.9e-05,2.7e-05,2.7e-05,2.7e-05,1540610794,10.083,881.333,294202.0,2192.07692307692,11,20.0,0.2,2.2
2021-10-22,2.7e-05,2.8e-05,2.7e-05,2.8e-05,2.8e-05,1297177007,9.636,992.636,295917.0,1945.66666666667,10,20.0,0.2,2.0
2021-10-23,2.8e-05,3.5e-05,2.8e-05,3.4e-05,3.4e-05,4703212108,10.273,749.818,298985.0,2236.75,14,20.0,0.2,2.8000000000000003
2021-10-24,3.4e-05,4.4e-05,3.4e-05,3.6e-05,3.6e-05,15337292521,9.909,1395.636,308763.0,4688.0,41,100.0,1.0,41.0
2021-10-25,3.6e-05,4.4e-05,3.5e-05,4.2e-05,4.2e-05,8244210217,9.833,2184.75,314750.0,5917.38461538462,30,100.0,1.0,30.0
2021-10-26,4.2e-05,4.9e-05,4.1e-05,4.8e-05,4.8e-05,11176750625,9.583,2153.5,323118.0,5884.30769230769,40,100.0,1.0,40.0
2021-10-27,4.8e-05,8.7e-05,4.7e-05,8e-05,8e-05,39053846018,10.455,4846.818,343132.0,11130.4166666667,91,100.0,1.0,91.0
2021-10-28,7.9e-05,8.8e-05,5.7e-05,6.8e-05,6.8e-05,32835212339,9.818,11590.091,363767.0,13707.1666666667,100,100.0,1.0,100.0
2021-10-29,6.9e-05,7.7e-05,6.1e-05,7.5e-05,7.5e-05,14287074318,9.273,8167.364,373961.0,9869.16666666667,52,100.0,1.0,52.0
2021-10-30,7.5e-05,7.8e-05,6.2e-05,6.5e-05,6.5e-05,8093183339,9.167,4911.833,380557.0,7410.53846153846,39,100.0,1.0,39.0
2021-10-31,6.5e-05,7e-05,5.9e-05,6.7e-05,6.7e-05,7990702699,10.0,3610.75,385710.0,6017.46153846154,33,54.0,0.54,17.82
2021-11-01,6.7e-05,7.5e-05,6.6e-05,7.2e-05,7.2e-05,8120747918,10.182,2239.364,391925.0,5773.75,100,54.0,0.54,54.0
2021-11-02,7.2e-05,7.3e-05,6.7e-05,6.9e-05,6.9e-05,5316969434,10.091,2180.273,397076.0,5802.75,84,54.0,0.54,45.36
2021-11-03,6.9e-05,6.9e-05,5.3e-05,5.5e-05,5.5e-05,6495261244,9.333,2613.417,401653.0,6303.84615384615,77,54.0,0.54,41.580000000000005
2021-11-04,5.5e-05,6.1e-05,4.3e-05,4.9e-05,4.9e-05,11486664527,10.0,2934.75,406672.0,7063.84615384615,97,54.0,0.54,52.38
2021-11-05,4.9e-05,6.5e-05,4.6e-05,6.2e-05,6.2e-05,12401211699,9.583,2581.833,410229.0,6891.30769230769,71,54.0,0.54,38.34
2021-11-06,6.3e-05,6.3e-05,5.5e-05,5.9e-05,5.9e-05,6445477874,9.364,1951.364,413058.0,4637.91666666667,62,54.0,0.54,33.480000000000004
2021-11-07,5.9e-05,6e-05,5.6e-05,5.7e-05,5.7e-05,3123242451,9.75,1327.083,414946.0,3695.69230769231,47,27.0,0.27,12.69
2021-11-08,5.7e-05,5.9e-05,5.3e-05,5.5e-05,5.5e-05,4496482335,10.167,1069.833,417235.0,3479.53846153846,48,27.0,0.27,12.96
2021-11-09,5.5e-05,5.8e-05,5.4e-05,5.5e-05,5.5e-05,3142625649,9.636,1237.727,419225.0,3579.91666666667,48,27.0,0.27,12.96
2021-11-10,5.5e-05,5.5e-05,4.6e-05,5e-05,5e-05,4318757158,9.917,1109.583,421015.0,3496.53846153846,41,27.0,0.27,11.07
2021-11-11,5e-05,5.8e-05,4.9e-05,5.7e-05,5.7e-05,5753844727,9.545,1129.455,423377.0,3452.41666666667,41,27.0,0.27,11.07
2021-11-12,5.7e-05,5.7e-05,5.1e-05,5.2e-05,5.2e-05,2888701214,9.818,1297.909,424872.0,3220.66666666667,39,27.0,0.27,10.53
2021-11-13,5.2e-05,5.3e-05,5.1e-05,5.2e-05,5.2e-05,1678572265,10.167,991.167,426020.0,2886.92307692308,39,27.0,0.27,10.53
2021-11-14,5.2e-05,5.6e-05,5.2e-05,5.3e-05,5.3e-05,2504828825,10.5,1078.917,426966.0,2718.07692307692,28,19.0,0.19,5.32
2021-11-15,5.3e-05,5.6e-05,5.2e-05,5.3e-05,5.3e-05,2588941477,10.455,1179.818,428276.0,2656.66666666667,33,19.0,0.19,6.2700000000000005
2021-11-16,5.4e-05,5.4e-05,4.6e-05,4.8e-05,4.8e-05,3935874227,9.909,844.727,429548.0,2540.16666666667,31,19.0,0.19,5.89
2021-11-17,4.8e-05,5e-05,4.7e-05,4.8e-05,4.8e-05,2389403757,9.667,935.417,430724.0,2529.0,29,19.0,0.19,5.51
2021-11-18,4.8e-05,4.9e-05,4.1e-05,4.2e-05,4.2e-05,3495863723,10.333,1063.75,431804.0,2604.92307692308,30,19.0,0.19,5.7
2021-11-19,4.3e-05,5.2e-05,4.2e-05,4.9e-05,4.9e-05,4244014798,10.25,969.833,432808.0,2354.23076923077,31,19.0,0.19,5.89
2021-11-20,4.9e-05,5e-05,4.6e-05,4.8e-05,4.8e-05,2406332845,9.364,890.091,433767.0,2017.83333333333,28,19.0,0.19,5.32
2021-11-21,4.8e-05,4.8e-05,4.4e-05,4.4e-05,4.4e-05,1636858723,9.091,817.273,434655.0,1869.83333333333,28,16.0,0.16,4.48
2021-11-22,4.4e-05,4.6e-05,4.3e-05,4.3e-05,4.3e-05,1806619697,10.273,668.091,435466.0,1820.83333333333,25,16.0,0.16,4.0
2021-11-23,4.3e-05,4.5e-05,4.1e-05,4.2e-05,4.2e-05,1893597811,9.727,594.909,436100.0,1868.66666666667,24,16.0,0.16,3.84
2021-11-24,4.2e-05,4.3e-05,3.6e-05,4e-05,4e-05,2027746049,9.667,718.917,436956.0,2103.0,28,16.0,0.16,4.48
2021-11-25,3.8e-05,4.8e-05,3.8e-05,4e-05,4e-05,4151282645,10.273,988.909,437925.0,2232.25,22,16.0,0.16,3.52
2021-11-26,4.3e-05,4.3e-05,3.6e-05,3.8e-05,3.8e-05,3770758761,9.091,730.909,438731.0,2032.91666666667,23,16.0,0.16,3.68
2021-11-27,3.9e-05,4.2e-05,3.8e-05,3.9e-05,3.9e-05,2068580738,10.0,659.091,439494.0,1800.0,19,16.0,0.16,3.04
2021-11-28,3.9e-05,4e-05,3.7e-05,3.9e-05,3.9e-05,1902056544,6.692,536.385,440016.0,1706.92857142857,20,17.0,0.17,3.4000000000000004
2021-11-29,3.9e-05,4.6e-05,3.9e-05,4.6e-05,4.6e-05,3667758287,3.364,376.545,440624.0,1494.5,25,17.0,0.17,4.25
2021-11-30,4.5e-05,5.4e-05,4.3e-05,4.7e-05,4.7e-05,9568498541,6.727,1169.273,442805.0,2369.16666666667,45,17.0,0.17,7.65
2021-12-01,4.7e-05,4.9e-05,4.4e-05,4.4e-05,4.4e-05,3482541861,6.923,1522.538,443773.0,2318.5,100,17.0,0.17,17.0
2021-12-02,4.4e-05,4.4e-05,4.1e-05,4.2e-05,4.2e-05,2042872233,5.818,1205.273,444346.0,1589.83333333333,89,17.0,0.17,15.13
2021-12-03,4.2e-05,4.5e-05,4e-05,4e-05,4e-05,2740977676,6.5,1052.0,444933.0,1417.76923076923,79,17.0,0.17,13.43
2021-12-04,4.1e-05,4.1e-05,3e-05,3.7e-05,3.7e-05,3873494147,6.182,1059.273,445565.0,1547.58333333333,81,17.0,0.17,13.77
2021-12-05,3.6e-05,3.8e-05,3.4e-05,3.6e-05,3.6e-05,2307804650,5.75,1049.25,446077.0,1586.76923076923,75,12.0,0.12,9.0
2021-12-06,3.6e-05,3.8e-05,3.3e-05,3.7e-05,3.7e-05,2321209665,5.917,890.167,446692.0,1459.15384615385,89,12.0,0.12,10.68
2021-12-07,3.7e-05,3.9e-05,3.6e-05,3.6e-05,3.6e-05,1844522891,5.727,684.909,447281.0,1299.33333333333,98,12.0,0.12,11.76
2021-12-08,3.6e-05,3.8e-05,3.6e-05,3.7e-05,3.7e-05,1257581860,5.0,511.0,448001.0,1249.25,73,12.0,0.12,8.76
2021-12-09,3.7e-05,3.7e-05,3.4e-05,3.5e-05,3.5e-05,1123882103,5.909,603.182,448456.0,1342.66666666667,68,12.0,0.12,8.16
2021-12-10,3.5e-05,3.6e-05,3.3e-05,3.4e-05,3.4e-05,1033903140,7.167,623.083,448926.0,1242.69230769231,65,12.0,0.12,7.8
2021-12-11,3.4e-05,3.5e-05,3.3e-05,3.4e-05,3.4e-05,940194089,5.857,483.429,449283.0,1083.93333333333,72,12.0,0.12,8.64
2021-12-12,3.4e-05,3.8e-05,3.4e-05,3.7e-05,3.7e-05,1460048877,7.0,644.667,449896.0,1271.76923076923,63,11.0,0.11,6.93
2021-12-13,3.7e-05,3.7e-05,3.2e-05,3.3e-05,3.3e-05,1464806802,7.444,618.667,450385.0,1497.7,66,11.0,0.11,7.26
2021-12-14,3.3e-05,3.6e-05,3.3e-05,3.4e-05,3.4e-05,1476971270,6.833,641.25,450802.0,1313.84615384615,63,11.0,0.11,6.93
2021-12-15,3.4e-05,3.4e-05,3.2e-05,3.4e-05,3.4e-05,1184733848,7.9,744.1,451252.0,1234.90909090909,73,11.0,0.11,8.03
2021-12-16,3.4e-05,3.5e-05,3.3e-05,3.3e-05,3.3e-05,996204378,7.444,845.667,451781.0,1272.5,56,11.0,0.11,6.16
2021-12-17,3.3e-05,3.3e-05,3e-05,3.1e-05,3.1e-05,1162002333,6.727,714.091,452094.0,1117.25,59,11.0,0.11,6.49
2021-12-18,3.1e-05,3.2e-05,3.1e-05,3.1e-05,3.1e-05,709723245,8.091,660.182,452394.0,940.333333333333,53,11.0,0.11,5.83
2021-12-19,3.1e-05,3.2e-05,3.1e-05,3.1e-05,3.1e-05,614447517,5.727,441.182,452676.0,916.416666666667,64,12.0,0.12,7.68
2021-12-20,3.1e-05,3.3e-05,2.8e-05,3.1e-05,3.1e-05,1811009989,7.25,590.0,453161.0,1035.55555555556,67,12.0,0.12,8.04
2021-12-21,3.1e-05,3.3e-05,3.1e-05,3.3e-05,3.3e-05,1375249878,6.4,375.7,453432.0,1390.09090909091,65,12.0,0.12,7.8
2021-12-22,3.3e-05,3.8e-05,3.3e-05,3.5e-05,3.5e-05,2281163530,6.385,553.077,453908.0,1489.35714285714,73,12.0,0.12,8.76
2021-12-23,3.5e-05,3.9e-05,3.4e-05,3.9e-05,3.9e-05,2040585378,6.455,576.182,454392.0,1353.16666666667,76,12.0,0.12,9.12
2021-12-24,3.9e-05,4e-05,3.6e-05,3.6e-05,3.6e-05,2060282601,6.667,658.75,454783.0,1251.84615384615,84,12.0,0.12,10.08
2021-12-25,3.6e-05,3.8e-05,3.6e-05,3.8e-05,3.8e-05,1127932936,7.4,632.0,455104.0,1073.0,65,12.0,0.12,7.8
2021-12-26,3.8e-05,3.9e-05,3.7e-05,3.8e-05,3.8e-05,1212604991,5.636,415.818,455581.0,959.5,71,10.0,0.1,7.1000000000000005
2021-12-27,3.8e-05,3.9e-05,3.8e-05,3.9e-05,3.9e-05,1265319187,5.0,503.4,456058.0,1071.18181818182,71,10.0,0.1,7.1000000000000005
2021-12-28,3.9e-05,3.9e-05,3.4e-05,3.5e-05,3.5e-05,1817436004,5.273,472.818,456477.0,1045.08333333333,62,10.0,0.1,6.2
2021-12-29,3.5e-05,3.6e-05,3.3e-05,3.4e-05,3.4e-05,1210252540,3.857,393.929,456805.0,975.866666666667,60,10.0,0.1,6.0
2021-12-30,3.4e-05,3.4e-05,3.3e-05,3.4e-05,3.4e-05,989363049,5.167,512.333,457147.0,924.153846153846,54,10.0,0.1,5.4
2021-12-31,3.4e-05,3.5e-05,3.3e-05,3.3e-05,3.3e-05,934738093,7.333,590.778,457498.0,868.1,60,10.0,0.1,6.0
2022-01-01,3.3e-05,3.4e-05,3.3e-05,3.4e-05,3.4e-05,608789558,4.727,477.545,457747.0,710.75,74,10.0,0.1,7.4
2022-01-02,3.4e-05,3.4e-05,3.4e-05,3.4e-05,3.4e-05,574109134,4.583,442.5,457970.0,656.538461538462,97,9.0,0.09,8.73
2022-01-03,3.4e-05,3.4e-05,3.2e-05,3.3e-05,3.3e-05,720676202,6.286,651.429,458551.0,711.5,77,9.0,0.09,6.93
2022-01-04,3.3e-05,3.3e-05,3.2e-05,3.2e-05,3.2e-05,717218977,5.909,543.909,458818.0,797.416666666667,100,9.0,0.09,9.0
2022-01-05,3.2e-05,3.3e-05,2.9e-05,3e-05,3e-05,1138566779,4.0,411.385,459071.0,833.714285714286,90,9.0,0.09,8.1
2022-01-06,3e-05,3.2e-05,2.9e-05,3.1e-05,3.1e-05,1172523092,6.833,559.5,459520.0,932.142857142857,74,9.0,0.09,6.66
2022-01-07,3.1e-05,3.1e-05,2.9e-05,2.9e-05,2.9e-05,1169467775,8.5,604.0,459705.0,989.222222222222,77,9.0,0.09,6.93
2022-01-08,2.9e-05,3e-05,2.7e-05,2.8e-05,2.8e-05,1081101278,8.167,485.5,459916.0,972.846153846154,75,9.0,0.09,6.75
2022-01-09,2.8e-05,2.9e-05,2.8e-05,2.8e-05,2.8e-05,741130328,9.1,562.7,460177.0,959.454545454545,80,8.0,0.08,6.4
2022-01-10,2.8e-05,2.9e-05,2.6e-05,2.7e-05,2.7e-05,1044022667,7.0,486.1,460351.0,917.0,68,8.0,0.08,5.44
2022-01-11,2.7e-05,2.8e-05,2.6e-05,2.8e-05,2.8e-05,856528185,6.636,464.818,460515.0,936.5,80,8.0,0.08,6.4
2022-01-12,2.8e-05,3.2e-05,2.8e-05,3.2e-05,3.2e-05,1541810685,7.545,535.909,460663.0,1086.66666666667,87,8.0,0.08,6.96
2022-01-13,3.2e-05,3.3e-05,2.9e-05,3e-05,3e-05,1435576624,9.667,621.667,461060.0,1244.14285714286,89,8.0,0.08,7.12
2022-01-14,3e-05,3.2e-05,2.9e-05,3.1e-05,3.1e-05,1538750911,9.857,792.714,461294.0,1118.625,85,8.0,0.08,6.8
2022-01-15,3.1e-05,3.1e-05,3.1e-05,3.1e-05,3.1e-05,697319385,5.556,414.556,461355.0,1043.1,78,8.0,0.08,6.24
2022-01-16,3.1e-05,3.1e-05,3e-05,3.1e-05,3.1e-05,613620998,7.8,684.7,461497.0,990.545454545455,69,7.0,0.07,4.83
2022-01-17,3.1e-05,3.1e-05,2.8e-05,2.9e-05,2.9e-05,758868918,5.462,494.077,461588.0,1013.42857142857,59,7.0,0.07,4.130000000000001
2022-01-18,2.9e-05,2.9e-05,2.8e-05,2.8e-05,2.8e-05,817784966,5.615,373.154,461774.0,974.928571428571,60,7.0,0.07,4.2
2022-01-19,2.8e-05,2.8e-05,2.7e-05,2.7e-05,2.7e-05,644592746,7.273,517.636,461918.0,930.583333333333,55,7.0,0.07,3.850000000000001
2022-01-20,2.7e-05,2.9e-05,2.6e-05,2.6e-05,2.6e-05,380410746,6.273,474.545,462035.0,942.583333333333,63,7.0,0.07,4.41
2022-01-21,2.6e-05,2.7e-05,2.2e-05,2.2e-05,2.2e-05,1422249920,7.9,514.2,462125.0,858.909090909091,71,7.0,0.07,4.970000000000001
2022-01-22,2.2e-05,2.2e-05,1.7e-05,2.1e-05,2.1e-05,2140529993,11.0,566.875,462304.0,1036.55555555556,93,7.0,0.07,6.510000000000001
2022-01-23,2.1e-05,2.4e-05,2.1e-05,2.2e-05,2.2e-05,1957464251,9.364,650.818,462468.0,1073.75,79,7.0,0.07,5.53
2022-01-24,2.2e-05,2.3e-05,1.9e-05,2.1e-05,2.1e-05,1924476636,6.692,523.923,462678.0,958.214285714286,87,7.0,0.07,6.090000000000001
2022-01-25,2.1e-05,2.2e-05,2e-05,2.1e-05,2.1e-05,1047337942,6.5,425.7,462874.0,873.090909090909,73,7.0,0.07,5.11
2022-01-26,2.1e-05,2.3e-05,2.1e-05,2.1e-05,2.1e-05,1155008423,4.889,435.778,463028.0,958.6,68,7.0,0.07,4.760000000000001
2022-01-27,2.1e-05,2.2e-05,2e-05,2.1e-05,2.1e-05,890469542,5.273,548.909,463133.0,862.916666666667,61,7.0,0.07,4.2700000000000005
2022-01-28,2.1e-05,2.1e-05,2e-05,2.1e-05,2.1e-05,538455794,6.8,680.9,463266.0,707.272727272727,65,7.0,0.07,4.550000000000001
2022-01-29,2.1e-05,2.2e-05,2.1e-05,2.2e-05,2.2e-05,551033703,5.9,595.1,463441.0,735.181818181818,60,7.0,0.07,4.2
2022-01-30,2.2e-05,2.2e-05,2.1e-05,2.1e-05,2.1e-05,488342024,5.2,548.0,463602.0,741.454545454545,51,6.0,0.06,3.06
2022-01-31,2.1e-05,2.2e-05,2e-05,2.1e-05,2.1e-05,531285879,6.182,586.182,463670.0,684.666666666667,47,6.0,0.06,2.82
2022-02-01,2.1e-05,2.2e-05,2.1e-05,2.2e-05,2.2e-05,519254046,6.8,475.7,463832.0,630.090909090909,94,6.0,0.06,5.64
2022-02-02,2.2e-05,2.2e-05,2e-05,2.1e-05,2.1e-05,484518640,7.889,499.667,463900.0,615.7,100,6.0,0.06,6.0
2022-02-03,2.1e-05,2.1e-05,2e-05,2.1e-05,2.1e-05,421850042,8.889,652.556,464046.0,680.2,76,6.0,0.06,4.56
2022-02-04,2.1e-05,2.2e-05,2.1e-05,2.1e-05,2.1e-05,476443712,7.0,412.667,464142.0,696.307692307692,96,6.0,0.06,5.76
